"","Anln","Asrgl1","Atraid","Bhlhe41","Car2","Cd209c","Chdh","Cldn14","Fads1","Gdf10","Gm21168","Gm5067","Gm6089","Hey1","Il17rb","Il33","Nrf1","Nudt4","P4ha3","Plpp3","Plxnb3","Rrs1","Slc45a3","Teddm2","Tlcd1","Tmc3","Tmem40","Wnt10b","mmu-miR-135b-5p","mmu-miR-212-3p","mmu-miR-221-3p","Samples"
"female_Q111_6m_1R",1294.24117363613,7256.26913805266,1556.57427614577,1371.68267991204,5018.20960667889,284.597535563965,280.72546025017,16.4563200836306,8448.86833470166,265.237158994988,15.4883012551818,60.0171673638294,82.2816004181532,1462.67644978623,61.9532050207271,1825.68351045455,729.886196650441,5156.63629914708,112.290184100068,9481.74442465659,1331.02588911718,687.293368198691,52.2730167362385,113.258202928517,810.231759411696,320.414232216573,79.3775439328066,100.673958158682,234.99574021806,738.413338874854,6989.09744614059,"HD"
"female_Q111_6m_2R",923.576600300499,6776.93256220497,1503.966267156,1449.46010713827,4745.06404154387,231.14649340854,267.483933420363,11.1031066702792,8265.75822935605,232.155866742202,23.2155866742202,64.5998933543518,83.777986693925,1617.01608052612,81.7592400266015,1734.10338723088,688.392613557312,5338.57556173698,101.946706699836,9014.71324293306,1155.7324670427,731.795666904767,36.3374400118229,124.152920040395,855.948586945162,304.830746765848,71.6655066899841,137.274773377998,206.111075910776,926.415046462119,7639.12735033518,"HD"
"female_Q111_6m_3R",1313.60747299275,7114.18653124777,1535.86643805442,1573.85942353505,5446.29446864816,196.613699862255,326.739675133409,21.8459666513616,8851.41579234953,253.603178083198,7.59859709612579,28.4947391104717,18.0466681032987,1480.77660910751,84.5343926943994,1965.18717398553,666.776895185038,5054.96671819768,121.577553538013,9444.10636584734,1325.00536863693,614.536540149173,47.4912318507862,117.77825498995,894.734808068812,285.897215741733,69.3371985021478,112.079307167855,215.067301370812,857.993361024296,8115.66134061708,"HD"
"female_Q111_6m_4R",1197.36995597632,6894.64806994671,1492.2711617509,1662.81643737957,5228.27860599154,207.852054672446,319.772391803764,21.3181594535843,8587.66523321886,282.465612759991,5.32953986339606,67.5075049363501,55.0719119217593,1534.90748065807,65.7309916485515,1755.1951283451,712.381828407274,5530.28586491731,110.143823843519,9061.99428106111,1177.82830981053,788.771899782617,39.0832923315711,138.568036448298,813.643085811799,236.276267277225,95.9317175411291,152.780142750687,266.881709351163,725.514562815976,6818.9398090942,"HD"
"male_Q111_6m_1R",1319.0658956321,7136.97031972658,1451.63533237904,1125.89328780084,5239.33352514888,274.608118975814,265.138873493889,21.7792646084266,8403.95536520809,216.845721536073,17.9915664156568,41.6646801204683,73.8601147590119,1452.58225692723,73.8601147590119,1775.48352786086,737.654223041927,5289.52052620308,141.091757680677,9236.30204306926,1160.92949608396,704.511863855191,31.2485100903512,112.684021234903,855.072867017792,302.068930873395,73.8601147590119,115.52479487948,219.944230386237,925.678326147295,7788.89459346045,"HD"
"male_Q111_6m_2R",1251.64438303887,6694.93272796804,1439.58600067898,1297.65498652753,5295.11860488096,216.015884175556,260.466806190021,13.2572925306298,8334.15795734356,247.209513659391,9.35808884515044,19.4960184273968,10.9177703193422,1533.16688913048,68.6259848644366,1998.73180917671,689.379211592749,5741.18750649979,145.830217836928,8738.89529989632,1237.60724977115,594.238641667053,35.87267390641,116.196269827285,845.347359011923,318.954861472211,72.5251885499159,82.6631181321622,188.589752008109,856.368919345915,7396.14718329985,"HD"
"male_Q111_6m_3R",1537.52756366245,6863.42530405066,1323.25110613492,1387.15811978348,5597.50254839459,234.952256060888,319.535068242808,11.2777082909226,8242.12514261595,250.929009473028,20.6757985333581,68.6060587697793,77.0643399879712,1469.86131391691,74.2449129152406,1849.54415971131,808.235760849454,5570.24808669153,109.017846812252,9103.93001784729,1430.38933489869,745.268556225136,48.8700692606647,117.476128030444,874.022392546503,258.447481666977,80.8235760849454,105.258610715278,204.492706730584,901.228571805501,7580.83677094092,"HD"
"male_Q111_6m_4R",1319.76242029338,7003.65949539135,1396.92392854136,1475.08753429905,4988.44140335643,221.4635496468,270.566327622788,25.0524377428507,8850.5252057943,257.539059996505,25.0524377428507,57.1195580536996,89.1866783645485,1504.14836208076,81.1698982868363,1718.59722915956,803.682202790651,5309.11260646492,128.268481243396,9444.76902905472,1362.85261321108,662.386453920973,30.0629252914209,147.308333927962,925.938098975762,243.509694860509,57.1195580536996,144.30204139882,204.828288061678,1041.32982811776,8564.11422601937,"HD"
"female_Q111_10m_1R",1702.09715257128,6772.24587048267,1506.70046551432,1372.29465187399,5412.37528541577,228.151045002919,301.56598522663,16.9419092823949,8019.17039366694,199.91452953226,10.165145569437,49.6962672283585,67.7676371295798,1559.78511459916,63.2497946542745,1983.33284665903,679.93529253345,7242.10148791442,98.2630738378907,8015.78201181046,1328.24568773976,748.832390281857,46.3078853718795,121.981746833244,801.917039366694,55.3435703224902,45.1784247530532,90.3568495061064,224.05728401756,1329.91577293756,7859.82767911599,"HD"
"female_Q111_10m_2R",1747.0921106378,6951.59801701447,1691.4395746903,1560.25859709975,5411.21532561026,231.554301353019,299.132380717849,32.795244397638,7818.18750533993,229.566710783466,17.8883151259843,50.6835595236223,62.6091029409452,1617.89872361681,53.664945377953,2289.704336126,632.053801118113,7238.804854315,107.329890755906,8705.64669464571,1189.57295587796,732.427124880581,34.7828349671918,130.187182305775,812.924542947511,69.5656699343835,59.6277170866145,126.212001166667,243.19041115315,1489.20964502511,8766.3510754952,"HD"
"female_Q111_10m_3R",2056.69618719333,6663.52809488216,1387.32744846931,1672.16520962846,5297.14459943927,214.466078990424,294.053100490777,14.2418880579579,7532.28326641759,166.713866090213,20.9439530264086,54.4542778686624,61.9941009581695,1429.21535452212,71.2094402897893,2223.41005328354,666.85546436085,7828.84964127154,111.421830100494,7821.30981818203,1399.0560621641,745.604727740146,39.3746316896482,121.47492755317,748.955760224372,95.5044258004232,51.9410035054933,98.0177001635923,248.012217326208,1318.33444599995,7838.76912421452,"HD"
"female_Q111_10m_4R",1747.68251846715,6618.14131609722,1566.30237979187,1608.29679613541,5570.06790394897,235.88353009986,287.706426864223,13.4024733011284,7731.44009831095,215.33307103813,19.656960841655,49.1424021041376,62.544875405266,1653.86520535925,75.0538504863192,2153.3307103813,671.910661496572,7719.82462144997,100.965298868501,8268.43252857616,1347.39531587344,702.289600979129,34.8464305829339,118.835263270005,844.355817971091,67.9058647257173,47.3554056639871,86.6693273472971,223.687873138285,1319.4089392141,7347.62236414,"HD"
"male_Q111_10m_1R",1905.60823621719,6575.85738074722,1522.97762317584,1504.65446705837,6095.14399084176,233.889698675979,328.738977401722,16.1674906918879,7983.50690365427,211.255211707336,16.1674906918879,63.5921300547593,65.7477954803443,1483.09781280252,74.3704571826845,2166.44375271298,704.902594166314,7479.08119406736,107.783271279253,8443.74147201668,1355.913552693,766.339058795489,35.5684795221535,128.262092822311,791.129211189717,90.5379478745725,43.1133085117012,87.3044497361949,189.351822564176,1367.01117944713,8257.91905312255,"HD"
"male_Q111_10m_2R",1959.6412840421,6754.08410003523,1407.43310939341,1449.29726703826,5897.86239963229,257.165539818342,246.201117578026,8.97089092389567,7791.71715023249,195.366069009283,11.9611878985276,50.8350485687421,70.7703617329547,1536.01587930258,45.851220277689,2156.00411870959,728.63569615197,7637.21847320984,105.657159770327,8475.49839176498,1234.99265052297,745.580712341551,42.8609233030571,107.650691086748,750.564540632604,67.7800647583228,51.8318142269527,77.7477213404291,170.512913578039,1203.06333468949,7295.216074132,"HD"
"male_Q111_10m_3R",1427.67570933868,6553.69228143828,1634.91895746849,1571.84492542898,5949.98368906014,195.22914678895,242.284377040645,15.017626676073,7920.29630896093,198.232672124164,3.00352533521461,14.0164515643348,4.00470044695281,1836.15515492786,46.0540551399573,1997.34434791772,712.836679557601,7739.08361373631,87.1022347212237,8657.16119120024,1011.18686285559,710.834329334124,43.0505298047427,116.136312961632,847.995319642258,47.0552302516955,58.0681564808158,107.125736955988,221.085034085479,1334.80089329108,8289.76759056342,"HD"
"male_Q111_10m_4R",1203.76019154831,6293.79328594413,1413.4819671425,1383.52171348619,4929.53173552271,205.441739357578,218.281848067426,10.7000905915405,8223.01961959888,156.221322636491,6.42005435492431,29.9602536563134,40.6603442478539,1738.76472112533,38.5203261295459,1371.75161383549,700.855933745904,6919.74858554925,113.420960270329,7761.84571510349,934.117908641487,741.516277993758,35.3102989520837,119.841014625254,751.146359526144,31.0302627154675,32.1002717746215,105.930896856251,227.878288157479,1292.77105781647,7989.76336478299,"HD"
"female_Q140_6m_1R",1363.41248010041,6637.36914810113,1488.31137750914,1147.45825748404,5043.49805729816,240.128202760002,358.580705463762,15.3101874242954,8159.52409781135,246.574597464969,23.3681808055036,70.9103417546315,53.9885556540944,1519.73755169585,87.0263285170477,1625.29726498968,765.509371214772,5232.05510241844,132.151091451813,8747.75761463954,1274.77455290713,627.717684396113,37.8725688916782,124.093098070605,871.874883846719,308.621146500271,63.6581477115442,116.035104689397,208.634259189923,794.037445269884,6719.25040626371,"HD"
"female_Q140_6m_2R",1212.31786142074,7580.95303180961,1551.09490814571,1184.31975838562,4476.89667531586,294.913351969942,263.182168530138,13.0657814163898,8091.45177714999,214.652123269261,18.665402023414,56.9294761714128,91.4604699147288,1392.43899094669,59.7292864749249,1955.20086195262,713.018357294416,5094.72148229086,132.52435436624,9677.07767903901,1324.31027356123,685.953524360466,42.9304246538523,111.992412140484,747.549351037732,355.575908546038,42.9304246538523,108.259331735801,245.44628733233,821.443353584583,7770.41010147579,"HD"
"female_Q140_6m_3R",1414.28331281691,6877.69051359285,1422.59773558479,1085.86361348553,5022.74279407815,234.466722054302,299.31921964379,9.14586504467135,8376.78093864217,233.635279777514,14.9659609821895,49.05509433051,59.8638439287579,1431.74360062946,84.8071122324071,1751.01743491617,795.690258886407,5603.08950327638,133.862206562917,8864.00611284011,1430.91215835267,642.704879957359,44.8978829465684,118.896245580728,765.758336922028,294.33056598306,49.8865366072983,70.6725935270059,198.099456419993,848.997670371399,7406.86149393715,"HD"
"female_Q140_6m_4R",1304.81676175259,6716.56867436481,1390.85838370365,1255.14324804889,5131.45137099847,244.819460396816,328.200001256601,21.2886487301579,8137.58597710285,244.819460396816,23.0627027910044,50.560540734125,77.1713516468223,1468.91676238089,92.2508111640175,1751.87838508591,735.34540822087,5383.36704763868,143.698378928566,8951.87679103139,1427.226491951,659.061083604471,54.108648855818,108.217297711636,757.521083981452,305.137298465596,66.5270272817434,93.1378381944408,172.480590655454,901.988662608032,6304.02421092353,"HD"
"male_Q140_6m_1R",1333.13946189425,6957.07793747299,1534.8645120493,1083.66307136433,4980.75715624379,245.578321927888,300.151282356308,15.5922744081199,8777.47597462098,237.782184723828,21.4393773111648,47.7513403748671,86.7320263951668,1461.77572576124,76.0123377395844,1720.99728779623,754.276274492799,5330.60881327598,114.018506609377,9259.86196412219,1353.60432205491,692.881694010827,61.394580481972,115.967540910392,894.606744165878,322.56517681798,62.3690976324795,126.687229565974,209.679265446898,786.297245425869,6868.02378292243,"HD"
"male_Q140_6m_2R",1307.02232328814,6890.31088901158,1532.72186106755,1178.44758660233,5027.36470422579,271.024444956423,290.449405175142,12.9499734791465,8460.95767241092,264.549458216849,27.7499431695996,77.6998408748789,87.8748200370654,1406.9221186987,61.0498749731191,1769.5213761148,740.923482628309,5333.53907719704,119.324755629278,8909.58175365278,1355.12222478211,639.173691006444,54.5748882335459,112.849768889705,819.548321608841,308.024369182555,59.1998787618125,98.0497991992519,187.12805645891,810.113387278635,6536.69682934726,"HD"
"male_Q140_6m_3R",1326.47578916902,7003.19487940268,1431.00108587653,1214.48439983956,5347.38144902034,242.233227290403,305.280231653659,16.5913169376988,8677.2587584165,273.756729472031,29.8643704878579,67.1948335976803,71.342662832105,1449.25153450799,84.6157163822641,1905.51275029471,765.689276674802,5646.02515389892,125.264442879626,9277.03486571431,1413.58020309194,679.414428598768,51.4330825068664,114.480086870122,885.976324473118,316.064587663163,78.8087554540695,97.0592040855383,179.051270171427,757.712420589083,7426.55836506486,"HD"
"male_Q140_6m_4R",1323.15906052315,6608.35660094027,1471.93309403243,1138.12135634598,4912.3326189345,263.144071769537,360.777031260001,29.7548067018557,8604.71816309291,291.039203052527,19.5265918980928,76.2466921735054,91.1240955244332,1435.66942336454,82.7555561395363,1669.98852614165,776.414487376548,5149.44123483991,122.738577645155,9236.07796779791,1501.68790073428,678.781527886084,57.6499379848455,138.545818705516,936.346573399023,325.443198301547,66.0184773697424,78.1063675923713,173.30406667478,688.574193484616,7301.98116641326,"HD"
"female_Q140_10m_1R",1834.99557062843,6457.5578197406,1545.25942789762,1538.14310158494,5293.53015859403,178.92477586183,309.051885579525,31.5151593847542,7731.38022971147,209.423317201915,3.04985413400847,20.3323608933898,12.1994165360339,1432.41482493931,76.2463533502117,1939.70722922939,678.084235794549,7176.30677732193,102.678422511618,8057.71462205037,1313.47051371298,588.621847863634,54.8973744121524,137.243436030381,758.397061323439,100.645186422279,36.5982496081016,65.0635548588473,210.207301386087,1294.5198676093,7804.4533209599,"HD"
"female_Q140_10m_2R",1804.68332088873,6800.30228349045,1524.66461092192,1756.77137431646,5475.80313824822,232.106763394539,289.601099281259,17.0353587812505,7652.07022255298,215.071404613288,19.1647786289069,50.0413664199235,72.4002748203148,1523.5999009981,87.306213753909,2068.73138199811,629.243564982442,7681.88210042017,121.37693131641,8459.12034481472,1253.16358034574,771.914694775415,50.0413664199235,149.059389335942,838.991419976589,83.0473740585964,41.5236870292982,88.3709236777372,194.964029912853,1052.05227735583,7506.58607925331,"HD"
"female_Q140_10m_3R",1559.2542073087,6743.96647299035,1950.98802293798,1617.82225327288,6243.73775254217,234.272183856726,265.956536591447,15.3621104168345,8255.21408524644,246.753898570404,8.64118710946941,17.2823742189388,16.3222423178867,1908.74221929169,42.2458036462949,2220.78508713364,801.71013737855,8167.84208225069,117.136091928363,9400.65144320166,1018.69994701634,891.002404176401,50.8869907557643,141.139389454667,828.593830608011,44.1660674483992,33.6046165368255,72.9700244799639,232.472300992306,1299.46055426469,7375.24761499767,"HD"
"female_Q140_10m_4R",2308.4033607761,6600.78582621922,1426.31492478723,1675.87204487113,5280.05275992903,212.123552071317,300.428379177929,17.277031390424,7601.89381178656,194.846520680893,15.3573612359325,47.9917538622889,64.3089501754672,1527.09760789803,68.1482904844503,2177.86579027067,750.591030406199,7667.16259703928,119.019549578477,7714.19451582432,1355.28712907104,727.5549885523,51.831094171272,149.734272050341,738.113174402004,72.9474658706792,52.7909292485178,79.6663114113996,219.715812078326,1397.90205075921,7057.44171260286,"HD"
"male_Q140_10m_1R",1851.02817439311,6729.28342731872,1428.07180078339,1904.4917609449,5816.83821683482,212.666266506012,373.057026161384,17.8211955172636,8037.35917828586,191.280831885295,22.5735143218672,68.9086226667524,78.4132602759596,1506.48506105935,79.6013399771105,2175.3739328073,634.434560414582,8389.03076982653,92.6702166897705,8062.30885201003,1466.09035122021,805.518037380312,38.0185504368289,142.569564138108,771.063726046936,110.491412207034,43.9589489425834,96.2344557932232,222.544749671465,1301.14496974583,7289.08236757271,"HD"
"male_Q140_10m_2R",1844.11559232628,6643.40306199163,1475.46236014313,1833.92241539956,5720.92055012321,167.337987880367,436.607745027963,27.1818051379276,7971.91378810784,214.90614687174,19.5369224428855,43.3210019385722,58.6107673286565,1509.43961656554,84.0937096454636,2106.58989818939,655.761048952504,8027.97626120482,102.781200677789,8028.82569261538,1416.85159281448,804.411545800546,45.8692961702529,120.619260299554,801.013820158305,87.4914352877046,40.7727077068915,106.17892632003,182.868288991157,1197.71172748341,6816.75551648442,"HD"
"male_Q140_10m_3R",1733.02498976221,6790.18458331818,1438.83545175117,1646.01118274486,5855.82203653664,232.036818712932,351.162864034304,26.9328450291797,8036.34660524522,246.539119882491,20.717573099369,47.6504181285486,54.9015687133278,1447.12248099092,85.9779283623812,2052.0756154925,698.182213448734,7174.49556431147,100.48022953194,8789.43038740728,1421.22551461671,743.760874267346,55.9374473682962,132.592467835961,804.877714910484,93.2290789471604,36.2557529238957,95.3008362570973,196.452883754541,1327.38434969284,6982.80018472704,"HD"
"male_Q140_10m_4R",2070.39941478756,6694.35896885079,1352.24227922769,1460.6242446789,5692.58547510084,214.738099772487,362.623772257313,20.2583112992912,7674.86123573648,218.789762032345,18.2324801693621,55.7103560730509,68.8782584175902,1540.6445743111,81.0332451971649,1906.30709326331,768.802913808102,8065.84664381281,86.0978230219878,7738.67491632925,1340.08729244812,841.732834485551,54.6974405080863,114.459458840995,683.718006351079,86.0978230219878,44.5682848584407,75.9686673723421,190.219923429401,1112.67196174668,7061.05522995162,"HD"
"female_Q175_6m_1R",1481.64103914056,6577.7312374584,1697.12386542745,1352.66591683745,4809.82834149875,279.183953765869,316.932770049705,33.8166479209363,7770.75111876212,244.580872172353,24.3794438499773,53.4774897354341,62.9146938063931,1463.55306467122,81.0026682757311,1659.37504914362,676.332958418726,5792.08399855106,125.042953940206,8419.55889864055,1335.36437604069,738.461218552539,44.0402856644751,117.965050886987,880.019279616923,379.061030183518,55.8367907531739,89.6534386741101,207.805114256184,856.445355287049,6429.94668562633,"HD"
"female_Q175_6m_2R",1369.71313108935,6551.06361944113,1655.17751245888,1328.44117233712,4886.42794976821,242.4727576693,347.372319497863,36.9727963821983,7808.13869643587,250.211249935342,12.0376546360646,49.8702834922674,63.6276030763412,1485.79051507997,96.3012370885164,1508.14615940409,763.531236916095,5482.2918542534,131.554368522706,8201.08213705598,1485.79051507997,723.119110637878,63.6276030763412,125.535541204673,846.075154420537,318.138015381706,61.907938128332,74.8054252384012,174.818808508347,846.491072777257,6030.09876979777,"HD"
"female_Q175_6m_3R",1409.31578718494,6333.04861027241,1473.75766214568,1425.19277087092,4756.55752427627,232.551113988767,381.981548680344,26.150326071026,7736.76075615641,311.002092201845,25.2163858542037,62.573994527098,75.649157562611,1445.73945564101,93.3940216822358,1491.50252626531,721.935787603683,5414.05143691921,143.826793390643,8445.62138072458,1560.61410231016,701.389102833591,56.0364130093415,118.610407536439,867.630461427971,362.368804127075,73.7812771289663,100.865543416815,170.426926236786,820.911377522229,6100.24318415489,"HD"
"female_Q175_6m_4R",1920.08145712517,6546.46909561111,1416.64546531796,1412.14246002452,5174.8536832276,257.571902785084,384.556652060248,37.8252444649424,8217.98466053809,277.385126076245,24.3162285846059,67.5450794016829,65.7438772843047,1343.69677956415,107.171525984004,1803.00331949559,744.79707553589,5554.00672893571,127.885350333853,8517.88481308156,1594.06387387972,709.673634247015,53.1354624626572,143.195568331568,861.875213165474,370.147035121222,54.0360635213463,94.5631111623561,171.416612772254,874.815816906676,6058.69062384691,"HD"
"male_Q175_6m_1R",1548.08874168107,6850.10203061586,1420.35235536009,1061.9278683699,5050.35354275018,238.314153583908,375.583106048239,47.6628307167816,8361.96702095217,251.659746184607,19.0651322867127,64.821449774823,78.1670423755219,1355.53090558527,62.9149365461518,1590.03203271184,833.146280929343,5559.39257480541,146.801518607687,9101.69415367662,1508.05196387897,693.970815236341,66.7279630034943,162.053624437058,857.93095290207,436.59152936572,45.7563174881104,68.6344762321656,157.014370434665,809.51720325896,8135.600882462,"HD"
"male_Q175_6m_2R",1363.86217981752,6795.92118695591,1986.51244759938,1187.22952613329,5601.43278464381,192.76348963713,334.714846022632,22.5831703340571,8147.68523980875,240.349455698179,6.45233438115918,17.7439195481877,5.64579258351428,1488.06961665484,75.8149289786204,1520.33128856063,797.669837870804,5954.69809201228,134.692480206698,9005.03917070528,1346.92480206698,708.14369833222,72.5887617880408,123.400895039669,837.190385955403,321.003635462669,74.2018453833306,75.8149289786204,214.422662141417,738.95121737983,6673.61715664873,"HD"
"male_Q175_6m_4R",1568.91561081556,6353.78653636084,1478.84312700775,1170.94228950148,4721.45254408877,239.886921161606,373.157432918053,45.036241903903,7926.37857508692,313.41547937206,18.3821395526135,51.4699907473177,86.3960558972833,1489.87241073932,71.6903442551925,1563.40096894977,766.535219343981,5603.79524261421,158.086400152476,8329.86653826679,1555.1290061511,721.498977440078,46.8744558591643,140.623367577493,841.901991509697,354.77529336544,64.3374884341471,90.9915907854366,198.213006033914,721.085246088893,5944.11187060323,"HD"
"female_Q175_10m_1R",1848.04984229986,6249.1800359762,1935.04069420888,1611.35380338461,5100.09157355002,153.751273141532,353.021015305227,33.3802106162536,7074.58160757811,179.039311487178,7.08065073678107,16.1843445412139,8.09217227060693,1360.49646299579,67.7719427663331,1949.20199568244,656.477475452987,8128.58704582466,120.371062525278,7542.91607773949,1348.35820458988,639.281609377948,53.6106412927709,109.244325653194,682.77703533246,141.613014735621,61.7028135633779,91.036938044328,157.060001612855,1133.13045066055,6313.81206483678,"HD"
"female_Q175_10m_2R",2216.89086749814,6267.15597430214,1502.03051757409,1766.55630647045,5459.84889538663,192.215971170359,362.464402778392,30.2053668981993,7292.30782054406,184.893457982917,13.7297122264542,25.6287961560479,6.40719903901198,1316.22174544275,72.3098177259923,2040.2352368511,649.873045385501,8151.7878059201,80.5476450618649,7165.07915391225,1564.27187966735,663.602757611955,62.2413620932592,139.127750561403,745.06571682225,108.922383663204,38.4431942340719,108.922383663204,163.447084825997,1043.12296832771,6021.83136117352,"HD"
"female_Q175_10m_3R",2026.33271284597,6277.74779582945,1468.91988090187,1735.06166336698,4996.15517812191,198.749657291544,348.383019965062,45.6895763888606,6985.93622985679,211.31429079848,29.6982246527594,57.1119704860758,66.2498857638479,1401.5277557283,91.3791527777212,2042.32406458207,665.925575867643,8068.77919027279,111.939462152709,6826.02271249578,1444.93285329772,789.287432117567,59.3964493055188,137.068729166582,683.059167013466,138.210968576303,41.1206187499746,84.5257163193921,161.809169759321,1149.95149277671,6751.72963047014,"HD"
"female_Q175_10m_4R",1870.14851323315,6523.12280813358,1562.18992572469,1633.86028790848,4908.29996018017,208.291990096626,371.790003828386,43.6741269557441,7030.41459046568,172.456809004733,22.3969881824329,54.8726210469606,67.1909645472986,1316.94290512705,83.9887056841233,1946.29827305342,577.842295106768,7980.04688940083,132.142230276354,7398.8450460667,1469.2424247676,741.340308838528,38.0748799101359,132.142230276354,733.501362974677,117.584187957773,41.4344281375008,97.426898593583,149.248725958711,1095.82621609953,5608.34642042164,"HD"
"male_Q175_10m_1R",1716.20929894005,6762.24314016484,1540.90295151495,1480.14336519148,5597.85041209698,207.18022877512,331.687577798629,36.8541753109588,7853.92357640297,231.085639787633,17.9290582593854,43.8265868562753,61.7556451156606,1322.76607602576,66.735939076601,2015.02693659648,683.296331441019,7874.84081103892,92.633467673491,8453.55096930019,1429.34436678989,800.831268919212,49.8029396094037,126.499466607886,780.910093075451,155.38517158134,47.8108220250276,89.6452912969267,163.843186262204,1145.0716537096,6756.92961445582,"HD"
"male_Q175_10m_2R",1942.57513051792,6382.00682879489,1903.20560787276,1566.49258524965,5908.53651698332,185.451172460111,331.532822275059,24.8649616706294,7756.83200116677,205.135933782693,6.21624041765736,19.6847613225816,5.1802003480478,1386.22161313759,74.5948850118883,1924.96244933456,690.002686359967,8921.34103940792,117.07252786588,8118.40998546051,1311.6267281257,638.200682879489,69.4146846638405,119.144608005099,782.210252555217,111.892327517832,34.1893222971155,75.6309250814978,163.58790737696,1087.85958405678,6251.28880599136,"HD"
"male_Q175_10m_3R",2098.27777194775,6458.02100006397,1462.37221537151,1622.40142828474,5694.72376741866,233.726876754842,364.277024131421,34.7431843824765,7586.64808060988,200.036516141532,16.8451803066553,40.0073032283063,55.7996597657957,1425.5233834507,57.9053073041276,1974.04456718617,698.022158957029,8075.15830950288,160.029212913225,7664.55703952816,1482.37586698567,698.022158957029,58.9581310732935,121.074733454085,772.772646567812,111.599319531591,62.1166023807914,80.0146064566127,188.828962782526,1004.80932231788,5891.29275287564,"HD"
"male_Q175_10m_4R",1893.68065263599,6315.94946535154,1682.78094146779,1368.08765516968,5173.11595195314,184.399223900998,347.818895382121,28.7088612061434,7530.5551317653,193.232719656734,6.62512181680231,20.979552419874,9.93768272520347,1445.38074303237,66.2512181680231,1810.86662992597,693.429416825309,8015.29321136133,103.793575129903,8076.02349468202,1449.79749091024,627.178198657286,56.3135354428197,153.48198875592,726.55502590932,115.93963179404,44.1674787786821,94.9600793741665,159.753776038184,1211.53809611661,6300.34351337617,"HD"
"female_Q20_6m_1R",1038.03603759771,6885.39665919671,1637.04282286644,1460.70395133058,5293.80199909724,219.060144536819,216.333254770801,16.361338596111,8071.59370741475,205.425695706727,7.27170604271599,22.7240813834875,8.18066929805549,1608.86496195091,69.0812074058019,2103.3409728556,680.813478249285,5206.54152658465,94.5321785553079,9082.36084735228,1044.39878038508,603.551601545428,19.997191617469,103.621811108703,881.694357679314,280.869645899905,90.8963255339499,152.705826897036,246.35164256636,774.396513552482,6692.03322718239,"WT"
"female_Q20_6m_2R",962.234555796668,6795.88470581952,1737.13871350942,1513.49757747092,5281.56188430418,224.466380082928,240.971260971378,14.8543927996055,8585.01379412756,212.08771941659,13.2039047107604,23.1068332438308,7.42719639980275,1466.45866693883,55.2913509763094,2137.38207505435,679.17584855974,5364.08628874643,111.407945997041,9224.57792855502,1172.67178712441,621.408765450164,28.8835415547885,85.0001365755204,932.525770197456,305.340296436335,68.4952556870698,108.106969819351,228.75645977076,783.756309425558,7006.51114546814,"WT"
"female_Q20_6m_3R",1155.36400184608,7131.13294662342,1470.21438149607,1589.76626478346,5315.95206220648,214.463302080433,249.142474331737,20.9900253099998,8979.16778369949,231.802888206085,9.12609796086949,28.2909036786954,11.8639273491303,1566.0384100852,75.7466130752168,2043.33333343868,659.816882570864,5473.83355692952,114.988834306956,9294.93077314557,1138.93702551651,563.080244185647,39.2422212317388,98.5618579773905,965.541164259992,273.782938826085,101.299687365651,167.920202479999,217.509556795856,936.558140184096,7849.34973407956,"WT"
"female_Q20_6m_4R",989.935822254494,6863.22339750645,1723.68222317177,1567.8129312255,5653.57820096599,221.367558242839,267.796709035345,9.1200117628136,8474.1491116107,215.563914393776,8.290919784376,24.872759353128,9.94910374125119,1579.42021892363,63.0109903612576,2002.2571279268,676.539054405081,5478.63979351566,123.534704787202,9141.56815425297,1120.93235484763,607.72442019476,39.7964149650048,110.269233132201,907.026624410734,251.214869466593,96.1746694987615,116.072876981264,196.421617125822,843.677612607102,7521.07725385112,"WT"
"male_Q20_6m_1R",1027.87932013539,7009.73387339387,1507.55633619857,1135.70587626723,5663.41350898124,241.853957678914,227.745810147644,15.1158723549321,8952.62733341448,236.815333560604,5.03862411831071,26.2008454152157,14.10814753127,1544.84215467407,71.5484624800121,1861.26774930398,776.955839043512,5398.3818803581,103.795656837201,9352.69408840835,1157.8758223878,597.580820431651,49.378516359445,116.896079544809,819.280281637322,316.425594629913,102.787932013539,132.011951899741,235.233564322954,837.092413581683,7251.97528930764,"WT"
"male_Q20_6m_2R",1085.26143793913,7634.62524002953,1441.615939949,1312.03248467268,5923.04376825488,208.77334461184,221.371736097037,26.9965531825655,9112.23658422195,212.372885036182,10.7986212730262,30.5960936069076,7.19908084868414,1393.02214422038,46.7940255164469,2120.12930993748,763.102569960519,5518.09547051639,131.383225488486,9904.1354775772,1330.03018679439,682.112910412822,30.5960936069076,102.586902093749,869.28901247861,316.759557342102,62.9919574259862,82.7894297598676,233.535257023419,839.792784256214,6515.63367095338,"WT"
"male_Q20_6m_3R",1120.15132047434,6889.42626309438,1503.44793750981,1466.27477421973,5642.06011713845,208.99578471977,260.212143030543,9.08677324868564,8817.47433240641,250.299299486523,8.26070295335058,28.912460336727,15.6953356113661,1607.53279472202,62.7813424454644,1923.09164754001,695.551188672119,5296.76273368839,113.171630460903,9321.37721256079,1188.71515498715,698.855469853459,30.5646009273971,117.301981937578,812.853170609697,300.689587501961,72.6941859894851,117.301981937578,197.839316632334,1042.75529318921,7187.79749267531,"WT"
"male_Q20_6m_4R",1231.69462838686,6893.89787016528,1389.55572043644,1311.0978124118,5743.49697780396,215.522928067693,265.622556083428,9.45276000296899,8747.5841067475,218.358756068584,12.2885880038597,17.9602440056411,11.3433120035628,1678.81017652729,56.7165600178139,1986.02487662378,763.783008239894,5307.72474166709,102.089808032065,9482.06355897819,1291.24701640556,642.787680201891,33.0846600103915,128.557536040378,936.768516294227,265.622556083428,54.8260080172201,102.089808032065,206.90770275628,795.333023277798,6849.14961416642,"WT"
"female_Q20_10m_1R",1335.46692919723,7437.64814033846,1614.36426883027,2028.65990197811,6216.74899796144,157.386050581302,225.663822524661,9.25800297537073,8721.03880279922,172.43030541628,8.10075260344938,31.2457600418762,5.7862518596067,1753.23431346083,49.7617659926177,2432.54028177866,674.676966830142,6882.16796181621,93.7372801256286,9392.2440185136,1092.44435109375,658.475461623243,30.0885096699549,106.467034216763,893.397287123275,24.3022578103482,82.1647764064152,135.398293514797,308.771466404634,1724.50785801094,10358.5780327032,"WT"
"female_Q20_10m_2R",1470.20231288759,6844.45147265777,1416.01216353436,1714.05798497712,6478.07894116094,160.214354609545,272.128793491213,9.42437380056148,8097.89318813245,168.460681685036,9.42437380056148,15.3146074259124,16.4926541509826,1694.03119065093,50.6560091780179,2432.66648726993,605.516016686075,7028.22676176872,74.2169436794216,8565.57773798531,1095.58345431527,630.254997912549,28.2731214016844,90.7095978304042,935.369099705726,27.0950746766142,56.5462428033688,109.558345431527,240.385359082908,1542.88153941989,9052.0622802955,"WT"
"female_Q20_10m_3R",1416.94326527836,6729.9462177399,1614.63142823198,1629.59161353658,5922.09621129161,190.208070301318,209.442594264373,11.7544313107556,8109.48901975677,151.739022375209,5.34292332307074,21.371693292283,10.6858466461415,1670.19783079191,45.9491405784084,2547.50584044013,578.104303556254,7035.56143181955,87.6239424983601,8757.05132651294,1149.79709912482,571.692795568569,41.6748019199518,101.515543138344,778.998220503714,23.5088626215113,85.4867731691318,135.710252405997,262.071864099755,1481.31348350424,8740.35700401567,"WT"
"female_Q20_10m_4R",1535.23926334619,7231.61661338696,1480.86620610268,1955.29778401175,6824.35175324929,143.928680938706,260.137764066994,9.59524539591371,8578.14938394685,171.648278749123,9.59524539591371,24.5211826784461,13.8597989052087,1777.25267499868,50.108503734216,2589.65011851938,630.087780998334,7449.10884236101,69.2989945260434,9065.37462238381,1139.70192535908,684.460838241844,30.9180129423886,114.076806373641,828.38951918055,25.5873210557699,73.5635480353384,111.944529618993,242.117831754956,1565.86171602346,7858.42928153114,"WT"
"male_Q20_10m_1R",1910.92127195213,7504.68970378536,1491.81305295097,1687.0432106629,6669.65636618051,162.338120271336,236.610462879137,10.6103346582573,9203.40428257235,169.765354532116,9.54930119243153,14.8544685215602,14.8544685215602,1554.41402743469,58.3568406204149,2762.93114501019,675.878317730987,6819.26208486194,76.3944095394523,9681.93037565975,1206.39505064385,590.995640464929,20.1596358506888,135.812283625693,937.953583789942,26.5258366456431,45.6244390305062,95.4930119243153,243.589994087726,1417.4051920784,8048.65475238293,"WT"
"male_Q20_10m_2R",1270.75972783234,6864.92402926335,1659.25843198604,1892.57469286046,6944.14303876955,168.204746211796,212.697614564593,9.76672719939458,9530.15536278703,141.0749484357,5.42595955521921,10.8519191104384,7.5963433773069,1782.97030984503,39.0669087975783,2414.55200207255,616.389005472903,7918.64537488692,73.7930499509813,9164.44568876525,868.153528835074,813.893933282882,30.3853735092276,99.8376558160335,941.946578786055,15.1926867546138,74.8782418620251,118.285918303779,233.023411215903,1282.0751666898,8520.97868446199,"WT"
"male_Q20_10m_3R",1662.78100698744,7663.61783260979,1527.16411634662,1552.43434441634,6623.32677707307,209.742892978659,230.80141637009,12.635114034859,9007.15162498312,237.540143855348,2.52702280697179,19.3738415201171,13.4774549705162,1549.90732160937,48.013433332464,2525.33812510048,692.404249110271,6448.96220339201,109.504321635444,10139.2578425065,1181.80433272714,608.170155544545,25.2702280697179,100.238571343214,931.629074836934,29.4819327480042,50.5404561394358,140.670936254763,275.434474334711,1795.13937118846,9174.08672207152,"WT"
"female_Q80_6m_1R",1177.71241386163,6792.26913832626,1513.83698284671,1118.99698282373,5762.62172447324,246.775000014359,246.775000014359,17.0189655182317,8391.20094876412,240.818362082978,20.422758621878,62.1192241415456,85.9457758670699,1580.21094836781,72.3306034524846,2153.75008633222,719.9022414212,5315.87387961966,119.983706903533,9282.14379364355,1165.79913799887,671.398189694239,30.634137932817,121.685603455356,851.799224187495,313.148965535463,73.1815517283962,118.28181035171,238.936503364257,878.443027074476,6714.81849895729,"HD"
"female_Q80_6m_2R",963.111899180403,6729.68623659196,1494.4518938007,1220.8722818596,5219.41511352935,202.858351711428,251.246582394888,12.097057670865,8160.86121334506,195.414008529357,9.30542897758843,19.5414008529357,8.37488607982959,1506.54895147157,56.7631167632895,1812.69756483423,653.241114226708,5268.73388711057,85.6099465938136,8574.95280284774,1087.80464748009,602.061254849972,43.7355161946656,120.040033810891,816.086121334506,299.634813078348,78.1656034117429,114.456776424338,217.017602664247,820.742103692978,6703.30435463449,"HD"
"female_Q80_6m_3R",1103.40962528726,6985.27069016542,1501.11553358863,1361.56960085131,5457.24272669173,211.312412430803,259.156732226457,12.9578366113228,8728.59809271955,250.185922264772,19.935133248189,67.7794530438425,86.7178296296221,1501.11553358863,75.7535063431181,2080.23115444852,749.561010131906,4854.20494593402,98.6789095785355,9321.66830685317,1244.9490713494,719.658310259622,25.9156732226457,115.623772839496,873.158836270677,261.150245551276,63.7924263942047,118.614042826724,183.017713131757,855.526588012353,7629.34786398358,"HD"
"female_Q80_6m_4R",1089.62260549938,6624.35423216876,1424.28537502945,1410.50514334292,5086.87409685708,200.797661718043,264.777308834085,14.7645339498561,8289.79366171252,255.918588464172,21.6546497931222,55.1209267461293,62.0110425893955,1472.51618593231,68.9011584326616,1812.100466779,732.320883912861,5268.97001557197,132.880805548705,8425.6273740512,1164.42957751198,658.498214163581,28.5447656363884,124.022085178791,807.127855925465,301.196492577064,58.0738335361005,91.5401104891076,226.540412996011,862.141950880555,6701.7310801948,"HD"
"male_Q80_6m_1R",1125.2796039695,7458.60887243815,1474.87163239721,1006.1665305717,5540.21051145399,270.183312829167,187.869400318489,16.4627825021356,8746.57950348758,236.289348854182,20.336378384991,71.6615238328256,74.5667207449672,1411.92569930081,60.0407361842593,2017.17505599697,795.055554956079,5012.43307241494,133.639057958513,9730.47285773286,1230.83509177732,673.037284646132,28.0835701507019,126.860265163516,836.696710696775,297.298484009155,61.0091351549731,105.555487807811,196.964506458842,888.234168549969,7079.35889560722,"HD"
"male_Q80_6m_2R",1200.05395384426,6944.63294002675,1347.944790027,1095.81764159498,5704.48809685584,237.872610004765,253.908965735423,11.5818124721421,8535.79579196873,200.454446633229,4.45454325851619,30.2908941579101,23.1636249442842,1551.07196261534,71.2726921362591,1846.85363498081,775.981435633521,5450.57913112041,119.381759328234,9097.95915119347,1222.32667013684,501.581570908923,35.6363460681296,124.727211238453,814.29050765676,304.690758882508,75.7272353947753,66.8181488777429,240.622106637009,840.312085581182,7191.6165282092,"HD"
"male_Q80_6m_3R",1228.84222076662,6455.48171041497,1385.83087452095,1227.93998712436,4961.38279882207,224.656176924295,255.332120761347,11.7290373494612,8257.24229402066,175.935560241917,12.6312709917274,14.4357382762599,15.3379719185261,1503.12124801556,77.5920932348969,1797.24941539436,712.764577390332,5363.77900327282,119.094840779144,8449.41805982337,1255.00699639234,608.105474887448,27.0670092679873,127.21494355954,809.30357711282,275.181260891204,57.7429531050396,110.072504356482,240.652156851892,794.152117611243,7313.73294084663,"HD"
"male_Q80_6m_4R",1086.96246165491,6616.25412297063,1355.10386361944,1149.04889365341,5597.6767168503,243.846711182516,255.544154892378,15.2966571590508,8684.90205289168,247.445924631704,32.3929210426959,53.0883983755293,76.4832857952541,1616.0468386856,62.0864319985004,1764.51439346463,789.127548734563,5217.95969796092,95.3791564034934,9201.38918285022,1396.49481828511,677.551931809722,25.194494144319,124.172863997001,926.79746316602,273.540222138321,44.9901681148554,118.774043823218,209.366065928371,983.110222620176,7616.5034046116,"HD"
"female_Q80_10m_1R",1893.73517258781,7236.31360409647,1473.21186166817,1826.56186471662,6569.1814368826,211.641928909231,278.815236780421,11.0421875952642,8404.02494229566,200.599741313966,17.4834636925017,47.8494795794782,69.9338547700066,1678.41251448016,39.5678388830301,2716.37814843499,742.587115781518,7279.56217217793,89.257683061719,8942.33158756479,1198.07735408617,760.070579474019,23.0045574901338,128.825521944749,832.764981142842,32.2063804861873,59.8118494743478,115.942969750274,258.723021220287,1524.5008402284,8880.09458276973,"HD"
"female_Q80_10m_2R",1645.20241176906,7446.5332784849,1462.88734689485,1585.15852812785,6671.42132602569,192.140427651861,253.276018268362,12.0087767282413,8707.45483495023,197.598962528334,9.82536277765197,26.2009674070719,17.4673116047146,1644.11070479376,52.4019348141438,2627.73868953425,675.766617707397,6898.49637688698,80.7863161718051,9747.85158240605,1163.75963566411,624.456389868547,30.5677953082506,136.463371911833,886.466063939267,27.2926743823666,54.5853487647332,69.8692464188584,259.981195879589,1493.17501935371,8087.86784464653,"HD"
"female_Q80_10m_3R",1722.66747160321,7370.09554683907,1421.9524516226,1644.48156640825,6492.00768849569,215.655628614666,215.655628614666,12.0286007992244,9079.01604610031,200.190284729949,13.7469723419708,51.5511462823903,63.5797470816148,1551.68950309995,46.3960316541513,2660.03914817134,705.391518297375,7718.92497001658,86.7777629086904,9195.86531100706,1147.87219055456,741.477320695048,31.7898735408074,141.765652276573,897.849131084965,34.3674308549269,31.7898735408074,85.0593913659441,218.811471333256,1329.88749799212,8145.45962359466,"HD"
"female_Q80_10m_4R",1440.67440763213,7400.80123946512,1698.6361470724,1517.96980248246,6708.86776508201,270.999516884906,177.872535137516,12.1065076271608,8588.17025674435,215.123327836472,14.9003170795825,40.0446021513779,40.0446021513779,1699.56741688988,51.2198399610647,2556.33564896587,616.500619167725,7579.60504442011,112.683647914342,9695.45006972082,994.59616506213,735.703155804384,24.2130152543215,99.6458704697078,901.469183314739,21.4192058018998,67.0514268581211,118.271266819186,248.476613216211,1435.45026032222,8593.65457416067,"HD"
"male_Q80_10m_1R",1667.86981272248,7196.17992163874,1247.90977016497,1411.50465610186,6007.12440921936,196.513369082732,237.412090566956,8.97776813068321,8691.47708029364,185.540541367453,22.9431852228571,60.8493173301862,63.8419067070806,1608.01802518459,44.888840653416,2213.51860910956,759.12017193888,8285.4824548283,106.7356877759,8502.9439495493,1214.99128701913,724.206629208445,28.9283639766459,123.693694244969,819.969489269066,32.9184831458384,51.871549199503,111.723336737391,229.837433937051,1555.72043433692,7670.32615511887,"HD"
"male_Q80_10m_2R",1731.23183599575,7186.59149766668,1309.28631880102,1245.55999354965,6278.00858764325,223.04213837982,263.595254448879,12.5521549737561,8251.59356967075,162.212464276233,16.4143565041426,57.9330229557975,83.0373329033097,1449.29112427753,59.8641237209907,2319.25201899709,713.541732738905,7210.73025723159,92.692836729276,8506.49887067626,1486.9475891988,782.095809903266,21.2421084171257,139.039255093914,721.266135799679,42.4842168342515,55.0363718080076,91.7272863466793,262.390013831793,1431.85014170462,7909.92942359152,"HD"
"male_Q80_10m_3R",1571.472439216,7140.94196032138,1344.45096191067,1272.80893833481,6578.97076240162,190.735257572102,288.428926084642,4.6520794529781,8853.83761490791,198.178584696867,28.8428926084642,59.5466169981196,66.059528232289,1552.86412140409,53.0337057639503,2293.4751703182,686.646927259567,7158.61986224269,125.606145230409,8900.35840943769,1215.12315311788,721.072315211605,16.7474860307211,112.58032276207,812.253072489975,29.7733084990598,53.0337057639503,77.2245189194364,195.871413158543,1510.27168566982,8021.2780029005,"HD"
"male_Q80_10m_4R",1271.07111011505,6520.68957235491,1306.87593011829,1427.98046836455,5738.24894698998,190.608012370194,269.589232965578,11.5839123539897,8913.29401492442,229.57208119725,8.42466353017431,27.3801564730665,9.4777464714461,1649.12788603162,64.2380594175791,1996.64525665131,744.529639479154,5886.7336417093,114.786040598625,9620.96575145906,1419.55580483437,739.264224772796,51.6010641223176,132.688450600245,812.980030661821,16.8493270603486,45.2825664746869,104.255211185907,217.02390707733,1501.66542155121,7122.11789677433,"HD"
"female_Q92_6m_1R",1152.46267832585,6967.61994192152,1538.68921313904,1416.68203815781,5424.26803419721,279.761675116189,239.351655377184,19.4278941052909,9012.21151756233,225.363571621374,13.2109679915978,63.7234926653541,76.1573448927403,1534.02651855377,79.2658079495868,2009.62136625129,662.102631108313,5243.2000611359,118.121596160169,9384.44996861971,1063.87148120573,617.80703254825,20.2050098695025,131.332564151766,925.544875176058,312.400537213077,85.4827340632799,121.230059217015,230.56800202515,888.438659977345,6790.47827703418,"HD"
"female_Q92_6m_2R",1165.50647140087,6684.59498452706,1473.95031527901,1391.69862357817,5357.87519739255,252.512693521571,216.321949173202,16.4503383401675,8323.04868320774,224.547118343286,14.8053045061507,40.3033289334103,73.2040056137453,1606.37553891736,66.6238702776783,2052.17970793589,666.238702776783,5584.88986648686,119.264952966214,8632.31504400289,1170.44157290292,672.81883811285,37.8357781823852,111.862300713139,828.274535427433,298.57364087404,74.0265225307537,106.927199211089,218.421584966774,886.385269225629,7917.78245504556,"HD"
"female_Q92_6m_3R",1086.94872460103,7045.48181174461,1533.71032636617,1463.52938509272,5652.13336792534,193.425521070734,255.047810969375,18.8290330245847,8760.63554725678,191.713790795772,6.84692109984899,23.9642238494715,6.84692109984899,1559.38628049061,63.3340201736032,2060.92325105455,736.044018233766,5837.00023762126,124.956310072244,8878.74493622918,997.93875030299,611.087708161522,27.387684399396,89.0099742980369,842.171295281426,297.841067843431,80.4513229232256,114.685928422471,201.819941056225,817.557631593504,7125.3651411795,"HD"
"female_Q92_6m_4R",1344.87764115571,7080.38522843744,1405.15226933076,1610.46272155201,5620.60907732304,258.050751874416,275.002991048647,5.65074639141056,8807.6300420786,235.447766308774,9.41791065235094,54.6238817836355,41.4388068703441,1484.26271881051,69.692538827397,2130.33138956178,676.205984838797,5484.99116392919,103.59701717586,9205.06587160781,1156.5194281087,727.062702361493,30.137314087523,101.71343504539,877.749272799108,258.050751874416,69.692538827397,111.131345697741,211.401184610755,1059.26689829026,6866.58179318571,"HD"
"male_Q92_6m_1R",906.098994774327,6896.42012689349,1436.33470282745,1386.83485033515,5284.73848896619,215.618001534261,246.660281910789,22.6524748693582,8405.74613763332,220.651884838563,6.71184440573576,20.9745137679242,9.22878605788667,1474.08882760972,85.5760161731309,1865.05376424382,692.997934892217,5263.76397519827,126.686063158262,9145.72698336568,1158.63214054013,590.642307704747,34.3982025793958,90.6098994774327,818.845017499762,276.024601185883,89.7709189267158,126.686063158262,222.118052341531,881.821968278056,7166.29979650402,"HD"
"male_Q92_6m_2R",1027.75601798911,6710.78909235964,1359.80026995482,1484.62893610734,4776.77695810322,229.684745720643,274.623065535551,13.3150577229358,8491.67806280231,215.537496890023,21.6369687997707,60.7499508608946,64.0787152916285,1577.00214906021,61.5821419685781,1790.87526373487,776.434303468694,5414.23534658877,109.017035106537,8609.01700898568,1193.36204841812,721.509690361584,43.2739375995414,106.520461783486,864.646560883144,302.91756319679,79.8903463376148,144.801252736927,235.546466138079,938.634912801491,6216.53286511151,"HD"
"male_Q92_6m_3R",1151.29286734881,6704.48063289828,1345.45389723424,1524.11850689408,5317.09524564183,234.2694116458,271.643131013418,14.5848660946801,8444.6374688198,240.650290562222,10.0270954400926,25.5235156656903,14.5848660946801,1562.40378039261,64.7203432951432,1875.97840142823,730.154858864925,5474.79411029056,112.121158102854,8865.77547730369,1243.35983457148,648.114987082349,36.4621652367004,111.209603971936,853.214666538789,283.493334715345,77.4821011279883,104.828725055514,225.017348943722,1034.60357794759,7112.45313539573,"HD"
"male_Q92_6m_4R",1144.85209539069,6648.72648044126,1650.83214908535,1478.32018950593,5272.75788417862,188.19486499573,267.434808151827,10.7304089690548,8466.29267658423,247.624822362803,10.7304089690548,25.587898310823,18.1591536399389,1577.37011845106,69.3349502615848,1952.10901629343,756.906540355634,5295.04411819127,129.5903237032,9058.94141810588,1216.66329387591,614.934975534294,19.8099857890242,113.082002212347,874.115622940695,309.531027953504,49.5249644725606,126.28865940503,203.064455233717,1053.94866710978,7340.11788999702,"HD"
"female_Q92_10m_1R",1577.40743572306,6953.32515388237,1362.84229872635,1636.35390193095,5860.45767038814,198.060126458501,249.933016721442,10.6103639174197,8093.34981034291,169.765822678715,18.8628691865239,55.4096782354139,84.8829113393575,1624.56460868937,62.4832541803604,2150.36708726372,681.421149363176,7271.63607140496,123.787579036563,8147.58055925417,1309.79047913925,795.777293806477,28.2943037797858,142.650448223087,824.071597586263,49.5150316146252,50.693960938783,77.8093353944111,247.31473268441,1510.93844499382,7900.15999218763,"HD"
"female_Q92_10m_2R",1668.24837045015,6785.63285293972,1540.19519062881,1415.69904358029,6383.68814961165,184.96570418637,233.578485414839,14.2281310912592,8284.3293278857,174.294605867926,10.6710983184444,28.4562621825185,13.042453500321,1603.03610294854,66.3979450925431,2205.36031914518,769.504756518937,7211.29110808656,81.8117537747407,8990.99317208491,1433.48420744437,571.496598832246,26.0849070006419,164.80918514042,799.146696292394,56.912524365037,54.5411691831604,84.1831089566172,225.70296679299,1536.3300658098,8809.19648075301,"HD"
"female_Q92_10m_3R",1648.40761747018,7300.38523587105,1512.41398902889,1552.59392470472,6120.74353461896,230.777066445825,236.958595011338,10.3025476091886,8636.62566078282,195.748404574584,21.6353499792961,43.2706999585922,76.2388523079958,1618.53022940353,61.8152856551317,2299.5286263709,737.662408817905,6894.46486006902,113.328023701075,9180.60017454798,1302.24201780144,699.542982663907,25.7563690229715,134.963373680371,892.200622955734,39.1496809149167,64.9060499378883,110.237259418318,264.845224992699,1434.10871831153,7930.33007034877,"HD"
"female_Q92_10m_4R",1481.07871519002,6771.21894993378,1500.14409160507,1606.50882318376,6145.07185082906,233.801721300322,293.004732273365,15.0516129592482,7916.14497570059,183.629678102828,14.0481720952983,64.2202152927922,73.2511830683412,1683.7737697079,53.1823657893436,2326.97936349977,724.484303771813,7225.77766130308,109.375054170537,8581.42626849936,1235.2357035223,762.615056601908,25.086021598747,128.440430585584,861.955702132946,38.1307528300954,73.2511830683412,101.347527258938,207.621899904411,1443.55140706071,8419.82546007202,"HD"
"male_Q92_10m_1R",1763.3162181091,7071.41037831283,1370.51938501942,1616.01740570047,6365.87041452947,173.983379873961,277.519501639447,10.6738269861326,8635.12603178126,217.746070517105,11.7412096847458,27.7519501639447,16.0107404791989,1442.03402582651,61.908196519569,2508.34934174116,720.483321563949,7212.30489452979,94.99706017658,9391.90036509806,1360.9129407319,621.216730592916,30.9540982597845,128.085923833591,830.423739521115,39.4931598486905,46.9648387389834,103.536121765486,249.21519186451,1635.02966948252,8318.44708273468,"HD"
"male_Q92_10m_2R",1782.66245292513,7066.82332940358,1650.53043694199,1392.98498205959,6840.63123424599,218.353755226382,291.138340301843,12.3173913204626,8998.41424102157,209.395652447864,14.5569170150921,30.2335968774991,54.8683795184242,1540.79367790514,61.5869566023129,2681.8320193189,655.061265679146,7537.12372527578,117.575098968052,9363.45692924619,1130.96047578793,786.073518814976,32.4731225721286,114.215810426108,848.780238264603,33.5928854194434,49.2695652818503,136.611067372403,271.709239538816,1441.88193889448,8229.40444353984,"HD"
"male_Q92_10m_3R",1487.70273035857,7169.91511825013,1534.55131179043,1490.82596912069,6055.95995975912,161.367336043091,209.256997062331,9.36971628637305,8155.81748749405,167.61381356734,6.2464775242487,18.7394325727461,15.6161938106218,1678.22029484815,59.3415364803627,2446.53703033074,649.633662521865,7530.12865548181,65.5880140046114,8921.01098421452,1110.83191972889,721.468154050725,29.1502284464939,112.436595436477,893.246285967564,38.519944732867,73.9166507036096,123.888470897599,267.793107310894,1255.41408707347,7099.73086102643,"HD"
"male_Q92_10m_4R",1622.399719589,6849.91805598444,1483.66720199944,1493.30140460983,6598.46536785337,237.964804476534,304.440802488197,11.5610431324632,8586.001366376,199.42799403499,22.1586660038878,77.073620883088,83.8175627103582,1511.60638956956,63.5857372285476,2494.29505582893,698.479689252985,7679.42290073868,83.8175627103582,9193.91955109136,1327.59311971119,764.955687264648,37.5733901805054,118.500692107748,846.846409452929,52.0246940960844,54.9149548792002,85.7444032324354,218.626536105012,1270.69124852195,7680.91791763411,"HD"
"female_WT_6m_1R",1180.52156310197,7788.49384763145,2080.93858625564,1465.16220896037,5857.24675640891,189.382421746426,190.516448223949,11.3402647752351,9123.24301167662,224.537242549654,7.93818534266455,24.9485825055172,13.6083177302821,1605.78149217329,47.6291120559873,2515.27072714714,655.467304008587,5724.56565853867,106.59848888721,10731.2925568049,1143.0986893437,574.951424104418,35.1548208032287,102.062382977116,886.808705423383,39.6909267133228,60.1034033087459,125.876939005109,242.8231971149,953.470902432818,8963.2948035945,"WT"
"female_WT_6m_2R",1110.87691173354,7595.42156395801,1827.36594379899,1700.86417107527,5614.97784476224,173.275537428293,208.355860956721,10.6304010692204,8789.21560403146,201.977620315188,3.18912032076613,15.9456016038307,14.8825614969086,1578.61455877924,54.2150454530243,2142.02581544792,633.571903725538,6751.3677190619,128.627852937567,9762.96034197205,1051.3466657459,668.652227253966,24.449922459207,99.9257700506722,864.251606927622,28.7020828868952,77.6019278053092,156.266895717541,216.880130836664,1243.67200026649,9602.59370959625,"WT"
"female_WT_6m_3R",1068.63917201006,7756.25205491171,1898.00050284898,1597.88931222756,5871.43211111029,192.638939925912,201.763942343455,22.3055614651056,9001.3079403276,236.236173698618,8.11111326003839,24.3333397801152,11.1527807325528,1646.55599178779,57.7916819777735,2290.37560680334,676.2640680557,6162.41829931416,91.2500241754318,10103.4054545353,989.555817724683,647.875171645566,35.4861205126679,104.430583222994,963.194699629558,20.277783150096,100.375026592975,155.125041098234,270.877848909604,1525.40128410059,8101.53219437592,"WT"
"female_WT_6m_4R",1106.70872702057,7410.09361628187,1911.22751515012,1765.58187247149,5601.90791636017,188.249470128835,223.917790784825,8.91708016399744,8517.79312998733,237.788804373265,10.8986535337747,11.8894402186633,13.8710135884405,1554.54430859022,61.4287744630935,2098.48619859406,676.707305778917,5673.24455767215,108.986535337747,9979.20349019802,1066.08647294014,594.472010933163,28.7328138617695,82.2352948457542,916.477683521959,27.7420271768809,76.2905747364226,143.664069308848,244.105781249811,867.514391826252,8419.77171633964,"WT"
"male_WT_6m_2R",1120.16121054349,7538.06542580983,1771.49560650973,1556.33758624839,5733.91938042776,143.159616594123,215.995211001659,7.53471666284857,9212.44690644285,158.22904991982,10.0462888837981,17.5810055466467,10.8834796241146,1717.91539912947,43.5339184964584,1928.05027494892,663.055066330674,6581.99360036838,98.7885073573479,10282.3766725673,1078.30167352766,629.567436718014,20.9297685079127,107.160414760513,971.978449507465,28.4644851707613,82.8818832913342,141.48523511349,234.831976468034,1067.31133304721,8990.54221907866,"WT"
"male_WT_6m_3R",1421.11419721193,7553.7467209089,1631.96480664523,1308.59750428563,6278.24236160159,221.251312140779,237.325125415964,9.45518427952047,9046.72031864518,201.395425153786,13.2372579913287,17.0193317031368,12.2917395633766,1549.7047034134,43.4938476857942,2089.59572577402,803.69066375924,6039.97171775767,142.773282620759,10126.5023633664,1235.79258533332,607.968349173166,35.9297002621778,100.224953362917,890.678359130828,15.1282948472327,52.0035135373626,143.718801048711,231.846733179001,920.946745683253,7678.31298979621,"WT"
"male_WT_6m_4R",1010.24470855677,7563.56947456843,1891.91281784267,1454.14011080141,5640.02273150833,167.353668892232,202.048941711353,14.2862888078735,8646.26607636513,231.641968527663,5.10224600281195,24.4907808134974,14.2862888078735,1535.7760468464,44.8997648247452,2305.19474407044,611.249071136872,5675.73845352801,77.5541392427416,10157.551342398,1013.30605615845,577.574247518313,33.6748236185589,106.126716858489,886.770355288717,30.6134760168717,80.6154868444288,120.413005666362,228.982926197555,908.298940583636,8794.21649335389,"WT"
"female_WT_10m_1R",1317.71416078988,7114.79732292826,1890.1197416383,1858.97572316812,6417.81566819914,182.568384135518,234.117104362017,6.44359002831239,8506.61276904374,181.494452464132,4.29572668554159,16.108975070781,13.9611117280102,1666.74195399014,63.3619686117385,2526.96122276984,616.436779375218,7254.40844020836,79.4709436825194,9085.46193992047,997.682522717035,693.759859714967,34.3658134843327,95.5799187533004,882.771833878797,33.2918818129473,56.9183785834261,137.463253937331,273.5668374304,1623.55970909781,8348.03647388542,"WT"
"female_WT_10m_2R",1386.32808291705,7111.78474174396,1886.48034527695,1814.87017795921,6742.54481651182,191.333415802111,230.495226054005,4.47563545735932,8389.57866482005,171.193056243994,5.59454432169915,23.4970861511364,15.6647241007576,1742.14110177712,35.8050836588746,2377.68133672214,587.427153778411,6952.89968300771,95.1072534688856,9180.64723190831,1094.29286932435,636.659143809364,25.7349038798161,106.296342112284,863.797643270349,33.5672659301949,66.01562299605,111.890886433983,299.467425993504,1607.07985129433,8182.34290028214,"WT"
"female_WT_10m_3R",1481.61439041352,7213.74426752788,1772.56910041502,1933.61414285127,6278.60938778137,178.22318029612,284.512908304046,16.1045042436253,8373.2685730689,164.265943284978,7.51543531369179,23.6199395573171,6.44180169745011,1613.67132521125,54.7553144283259,2364.14122296419,680.683712697228,7257.76324579379,81.596154834368,9137.69570783298,1161.6715727735,665.652842069844,24.6935731735587,112.731529705377,811.667013878713,27.9144740222838,62.2707497420177,100.921559926718,257.085484811619,1577.84693284856,8090.27307653627,"WT"
"female_WT_10m_4R",1353.73587637038,7228.79436030701,1911.41740447382,1931.37419872006,5912.75465084621,189.58954533934,170.741461884552,9.97839712312318,8474.98528990595,167.415329510178,7.76097554020692,28.8264805779114,8.86968633166505,1645.32681452387,51.000696407074,2350.46687789124,613.117067676346,6753.15743077148,74.2836230276948,9312.06193745684,1042.18814397064,672.987450415086,28.8264805779114,121.958187060394,935.751907990663,35.4787453266602,64.3052259045716,144.132402889557,213.777634280749,1445.7333964847,7522.98409752628,"WT"
"male_WT_10m_1R",1424.41598462684,6819.26049876547,1780.81115330699,1588.6372878422,6165.86935618521,194.503245652235,199.162006027138,11.6469009372596,8831.84498072392,146.75095180947,6.98814056235573,18.6350414996153,5.82345046862978,1759.84673161992,45.4229136553123,2229.21683939148,725.60192839127,6941.55295860669,78.034236279639,8912.20859719101,1043.56232397846,627.76796051829,25.623182061971,131.609980591033,846.729698138769,29.1172523431489,71.0460957172833,122.292459841225,288.68829423686,1780.68590053745,8473.486997203,"WT"
"male_WT_10m_2R",1654.45455998561,7236.84930011277,1870.77342493463,2011.85094555356,6551.12704837713,172.713085848627,217.173880225501,11.1151985942186,8894.7239212043,184.683299719324,12.8252291471753,24.7954430178722,12.8252291471753,1725.42082793331,39.3307027180042,2693.29812090681,625.871182382154,6805.0665854912,78.6614054360084,9456.46895785057,1188.47123430491,682.302190629725,25.6504582943506,121.412169259926,866.130475072571,28.2155041237856,63.2711304593981,117.992108154013,202.191091953094,1311.7962377118,8129.22329783991,"WT"
"male_WT_10m_3R",1182.95922646963,7302.15207386577,1657.41377746192,1619.28796532861,5775.00148785933,176.861406285074,178.979506959147,7.41335235925459,8116.56178304674,170.507104262856,5.29525168518185,19.0629060666547,19.0629060666547,1517.61913297312,39.1848624703457,2360.62320125407,582.477685370004,6606.35600243288,91.0783289851278,9421.31179827555,1008.21592085862,604.717742447767,30.7124597740547,120.731738422146,851.476470977242,29.6534094370184,44.4801141555276,139.794644488801,232.203257862058,1460.49338823519,7578.07267714307,"WT"
"male_WT_10m_4R",1561.57351780576,7257.68648059428,1821.32445004064,1436.81125901578,6191.07143208648,192.256595512431,209.641500425789,12.2716975858999,8138.18078238259,207.596217494806,6.13584879294993,29.656602499258,11.2490561204082,1523.73578358257,43.9735830161412,2560.6942295911,649.377330587201,6407.87142277071,99.1962221526905,9564.76562674345,1095.24900954156,597.222615847127,17.3849049133581,102.264146549166,848.792416358074,41.9283000851579,52.1547147400744,105.33207094564,199.105507616537,1177.75969759613,8001.34167048831,"WT"
