,Ngfr,Wnt3,Slc22a18,Il12rb1,Sync,Foxm1,Marveld3,Mybpc3,Angptl4,Rpl3l,Arrdc2,Fosb,Aqp1,Spc25,Prlr,Atp4a,Insrr,Spo11,Trh,Eps8l1,Tph2,Tcap,Nutf2,Derl3,Met,Prox1,Optc,Apol7a,Myl2,Alx3,Rxrg,Fam184b,Il17rb,Chdh,Ada,Sfrp5,Lhx9,Sec14l4,Trdn,Sgk1,Il20ra,Jsrp1,Hbq1a,Btg2,Pgam2,Atp6v1c2,Allc,Tmem132e,Tcam1,Dlx4,Serpina3n,Efcab11,Vsx2,Fos,F2rl1,Gm49342,Chat,Gdf10,Scara5,Klhl1,Fgf17,Vdr,Apod,Tmem114,Ccdc116,Adamts1,Wnt10b,Serping1,Kcnk5,Cd4,Slc5a7,Tekt4,Ip6k3,Cidea,Acy3,Dkk1,Cep55,Car5a,Pmel,Nnt,Oprk1,Cd28,Col3a1,Il1r1,Cyp27a1,Vil1,Ecel1,Lypd1,Lct,Cacna1s,Slc45a3,Dusp27,F5,Nphs2,Atf3,Batf3,Enkur,Cubn,Cytip,Morn5,Prrg4,Tspan18,Spint1,Prom2,Il1b,Car13,Stoml3,Slc27a3,Ndst4,Npy2r,Ntrk1,Rpe65,Ccn1,Ptgr1,Calr4,Tnfrsf8,Dmrtb1,Epha8,Stil,Cfap57,Cnksr1,Sytl1,Smpdl3b,Pf4,Cxcl9,Ocm,Sspo,Nfe2l3,Tcaf2,A2m,Plcz1,Irag2,Pglyrp1,Oca2,Plin1,Gm45837,Pagr1a,Slc5a11,Mfsd13b,Fgf3,Cacna1f,Il2rg,Gabrq,Arhgap6,Xlr4c,Plxnb3,Adrb3,Cd209a,Drc7,Lpar2,Cdh15,Pdzd3,Tmprss5,Chrna3,Hcn4,Impg1,Ooep,Hcrtr2,Dapk2,Cmtm7,Scn5a,Col6a4,Traip,Amigo3,Gng11,Odf4,X1700028P14Rik,Rnf125,Strc,Ndn,Egr3,Rbm46,Eda2r,Mfrp,Dusp5,Ttc22,Arl4d,Chrnb4,Abi3bp,Amh,Ssc5d,Kcnh4,Plk5,Kcnh8,Twist1,Dcdc2a,Arhgap36,Gpr101,H2.Aa,Pramel5,Anln,Gm9762,Adam32,Acp7,Pkd2l1,Gch1,Rgs22,Zbtb42,Esyt3,Tecta,Ptger2,Egr2,Cldn22,Hspb2,Ano2,Enpp6,Txnip,Hjv,Tmc3,Pkhd1l1,Six3,Hrh3,Zfp503,En2,Hlx,Col10a1,Etfbkmt,Cd209c,Cuzd1,Ltb4r2,Sh3bgr,Dlk1,Mslnl,Piezo2,H2.Ob,Gck,Abca8a,Dmgdh,Nek10,Asb4,Maff,Gpr153,Gpr151,Gimap5,Olfr479,Pcsk9,Aplnr,Ffar1,Gm4922,Erich5,Oxgr1,Prss22,Poln,Ccdc73,Sox3,Penk,Fam216b,Olfr984,Npas4,Ccdc42,Onecut2,Scand1,Tafa4,Oacyl,Selenov,Cldn14,Cldn2,Baiap3,Rpsa.ps10,Hes5,Cyb5r2,Ckap2l,Omd,Depp1,Duxbl1,Nhlh2,Tmem252,Samd13,Cdca2,Ntf3,Espnl,Amz1,Spink8,Olfr1023,Otop2,Ch25h,Gp1bb,P4ha3,Rgs13,Msantd1,Hspb3,Olfr414,Arhgef39,Casr,Igfn1,Plpp2,Myh7,X1700016K19Rik,Lrrc36,Ceacam2,X4930578G10Rik,Dsp,Olfr354,Wdr86,X9330161L09Rik,Tcp10b,Gm9987,Tcim,Gpr50,Olfr324,Rpl15.ps6,Musk,Xlr3a,Serpina9,Capn11,Gm7361,Dbp,Olfr1393,Tsks,Tmem40,Olfr748,Armh1,H2.Eb1,H4c9,Arr3,Gm11847,Vma21.ps,Trim54,Otof,Chia1,Olfr1351,Zfp993,Gng8,Amd2,H2ac19,Krt2,H2ac18,Hhip,Rtp3,Zfp648,Slc22a7,Gm3695,Krt77,Dgat2l6,Gm10217,Gm10221,Gbx1,Pwwp4a,Tnfrsf13c,Phf11d,Slc4a5,Flnc,Gm6361,Ddx3y,Eif2s3y,Olfr403,Olfr558,Lilra5,Wfikkn1,Egr4,Gm10327,Hpcal1,Cebpd,Apol7e,Smpd5,Pwwp4b,ENSMUSG00000072675,Xlr3b,Klf14,Gm10499,H2.T.ps,H2.Bl,Ifi207,Pappa2,Gm4951,Spef1l,Olfr704,Mob3b,Omp,Plekhf1,Adh1,Gm10647,Amy2a5,Poteb,Ubtfl1,Ccl28,Zfp345,Slc4a11,Ctla2b,Olfr1196,Olfr1044,Aldh3b2,Dio3,Wfdc3,Ankrd63,Gm2606,Gm6316,Smim24,Zfp988,Zfp268,Gm7336,Gm11627,Fam205a1,X9530053A07Rik,Cacng6,Tgtp2,X4932414N04Rik,Kcnj13,Nat8f6,X3110001I22Rik,Gm15760,Gm9385,Bambi.ps1,Gm14659,Rps6.ps4,Rpl17.ps5,Gm15009,Gm15807,Gm2420,Gm9670,Gm13292,Gm11331,Fam220a,Gm11427,Gm5466,Rps15a.ps4,Gm12346,Gm6136,Gm13988,Gm11637,Gm1980,Abhd11os,Rtl1,X4933427G23Rik,Lbhd2,Gm15501,Rab42,Gm20431,Rdh1,Gm16588,Abhd12b,Cd200r2,Cfb,Gm8540,ENSMUSG00000090639,Mdfic2,Gm5067,Apold1,Rps27,Hspa1b,Gm3755,Vmn2r117,Gm3164,Vmn2r11,Gm17084,Vmn2r87,Gm14569,Gm8206,Gm3752,Vmn2r105,Gm3095,Gm20503,Gm6061,Gm20708,Gm20637,Vmn1r39,Gm33933,Slc6a16,Fsbp,Vmn2r111,Vmn1r198,Mid1.ps1,Olfr1381,Gfy,ENSMUSG00000095562,Vmn2r29,ENSMUSG00000095742,Ankrd66,Gm2956,ENSMUSG00000096646,Gm47283,Amy2a4,Gm6345,Gm5345,Gm6981,Gm28040,ENSMUSG00000098369,Commd1b,Kdm4dl,Gm18180,Ppp1ccb,Slc18a3,Trpc2,Gm28437,Vmn1r206,ENSMUSG00000102049,Gm28661,Zc3h11a,Gm37317,Gm21168,Gm6560,Gm43064,Gm42878,Gm7285,Gm6089,Gm5987,Gm42845,Gm20768,Gm17833,Ube2n.ps1,Gm19040,Gm44212,Gm7838,Gm44579,Olfr1555.ps1,Gm6853,Lnp1,Olfr560,ENSMUSG00000110820,Gm31848,Gm49373,Gm47377,Lilrb4a,Gm5512,Gm18880,Gm49328,Gm49384,Btf3l4b,Gm47974,Gm19716,Gm4118,Eef1akmt4,ENSMUSG00000115893,ENSMUSG00000115958,X4632433K11Rik,ENSMUSG00000116273,Gm3435,Gm18214,Gm3946,Gm50388,ENSMUSG00000118193,ENSMUSG00000118332,Samples
female_Q111_10m_1R,65,58,20,26,44,50,19,24,48,13,449,504,158,7,381,31,17,26,40,127,60,126,141,15,226,797,12,15,8,41,106,356,62,302,18,39,31,21,10,2758,11,90,23,1168,90,37,32,438,11,21,380,34,14,1296,21,0,13,200,23,60,17,15,5551,28,117,504,90,197,25,26,40,12,24,52,78,4,14,20,10,270,389,6,105,216,220,15,100,1661,60,18,46,12,355,11,28,29,99,34,11,20,20,83,47,18,13,56,19,91,349,151,0,176,347,56,22,128,11,263,31,36,8,69,80,18,3,15,122,155,24,109,32,46,105,42,12,0,117,20,17,4,11,46,30,302,8,1312,67,21,123,34,31,13,88,17,91,7,12,79,71,66,110,175,612,28,353,17,51,53,18,3014,4334,9,25,271,376,28,661,41,348,22,131,978,722,21,20,327,23,50,85,15,1653,0,13,54,40,62,55,29,23,8,15,335,19,19,43,461,964,40,54,13,24,2602,80,40,21,7,107,220,9,17,37,35,28,24,26,23,730,26,180,21,17,773,19,20,8,94,7,8,12,28,6,46,35,15,20,1113,14,20,978,17,240,45,17,95,32,17,132,222,12,288,12,22,86,35,8,9,40,12,12,47,32,419,21,12,47,13,21,96,13,63,77,14,10,1,3097,86,461,56,21,22,30,64,43,90,21,25,11,53,8,13,20,13,52,25,12,10,2235,4,21,44,12,6,67,31,68,37,11,4,1102,86,10,19,47,64,0,14,136,342,15,13,9,25,248,101,10,247,1,3,19,34,190,103,205,1,103,11,20,24,13,371,42,1120,48,17,11,10,65,96,13,17,19,109,14,80,13,17,9,227,20,116,14,13,10,57,11,121,13,71,30,4,12,24,22,43,610,0,14,22,22,29,154,85,14,10,29,37,21,279,13,53,14,0,12,18,811,22,7,17,9,11,12,53,23,25,12,10,17,13,30,13,28,7,4,8,8,15,40,34,39,18,15,12,10,14,0,562,50,205,725,334,36,47,18,23,15,82,23,19,34,9,3,20,14,25,17,0,8,12,78,10,10,96,41,29,21,39,72,8,58,89,2547,24,19,10,24,15,100,170,20,22,230,11,48,16374,26,646,28658,2175,23,10,10,15,0,19,67,23,17,18,24,69,9,10,33,9,22,9,18,21,14,9,58,18,40,20,13,26,21,94,37,8,31,24,11,9,19,23,51,17,17,72,36,1286,HD
female_Q111_10m_2R,55,103,16,29,41,51,15,18,54,17,461,325,15,10,24,27,14,14,51,197,40,99,166,30,205,644,19,33,12,23,125,350,51,298,18,24,24,19,14,2437,9,136,16,836,91,29,26,501,14,16,364,30,18,325,15,65,11,232,8,58,13,22,5865,21,132,419,122,153,18,22,43,17,37,67,80,18,8,16,13,189,402,13,40,184,192,36,85,1900,39,25,34,7,18,7,25,35,113,8,4,13,23,119,41,11,17,39,13,103,517,182,1,119,168,23,17,105,8,286,35,38,5,67,70,21,15,13,199,153,28,49,23,76,90,6,13,128,86,26,13,13,23,29,28,339,20,1157,60,25,30,19,34,13,71,17,166,7,7,75,59,80,127,300,596,28,371,21,31,58,27,4708,3244,12,24,11,212,29,360,5,587,18,113,931,574,9,15,366,12,44,62,11,1692,83,13,45,41,48,49,36,28,13,13,63,35,22,73,499,926,48,69,22,34,2496,75,30,20,16,79,223,14,24,25,61,29,38,30,28,618,23,173,18,18,684,31,13,10,156,3,12,5,16,13,42,60,15,21,1380,27,21,1503,12,262,87,19,119,31,30,5,245,15,294,15,22,41,23,12,2,24,9,11,46,39,479,14,16,47,8,24,105,20,48,78,20,13,2,3223,95,384,60,26,25,40,17,33,14,20,15,19,32,12,13,43,15,51,33,47,22,2506,9,40,56,10,9,33,11,75,9,15,9,1086,82,19,17,43,64,76,13,25,357,10,22,15,15,250,109,10,129,2,21,14,28,7,89,230,82,154,12,19,12,7,224,31,1071,26,9,17,0,95,293,14,17,19,95,6,64,21,31,20,232,12,88,17,11,11,41,12,105,15,51,23,8,14,42,21,41,768,47,11,21,20,23,73,75,24,11,45,7,16,19,15,47,14,12,18,17,650,20,12,17,13,6,17,55,18,11,13,8,8,34,52,10,15,24,8,13,7,29,34,0,42,12,35,13,4,14,110,522,50,192,511,279,20,30,18,29,15,109,18,15,41,10,19,25,3,0,9,9,25,28,67,16,15,11,33,13,18,61,83,18,17,76,1092,26,24,12,21,27,37,219,5,36,65,8,0,48589,27,153,22255,1535,20,17,12,6,0,17,61,14,24,20,24,111,10,20,28,13,20,5,21,11,20,7,21,15,23,17,10,27,16,69,23,12,19,26,0,16,0,9,83,19,16,56,35,1230,HD
female_Q111_10m_3R,50,61,11,32,55,40,11,23,52,9,547,529,87,6,279,23,4,11,37,96,49,123,128,28,160,801,16,31,9,14,96,310,69,292,29,19,27,21,5,4775,7,89,29,583,58,26,22,364,14,20,427,28,15,928,5,31,14,162,24,72,11,15,5564,29,94,332,97,141,13,37,42,16,40,34,66,21,11,20,10,144,260,4,34,203,244,22,78,1508,52,27,38,7,283,2,32,29,119,10,11,13,20,90,47,12,20,41,17,83,173,138,2,136,158,37,11,100,2,202,22,44,16,66,51,7,17,18,118,136,28,68,18,54,110,24,20,0,103,26,11,5,20,34,32,257,40,1384,31,16,86,25,33,20,61,2,108,10,11,104,86,51,65,25,567,29,302,15,38,54,24,2229,5051,9,26,170,582,16,864,30,322,16,122,992,404,14,8,396,12,47,44,19,2003,36,14,31,46,63,50,35,25,14,16,293,34,26,51,464,966,34,95,23,38,2169,65,16,14,11,87,208,9,29,31,60,31,34,22,20,726,50,145,29,42,638,39,25,6,67,9,21,12,29,11,35,36,9,12,1016,25,10,654,2,292,20,14,56,17,14,83,166,31,167,15,16,51,76,17,9,68,7,13,29,26,386,23,18,33,11,66,109,9,78,61,16,17,5,3024,97,309,44,25,32,44,33,33,56,18,21,16,47,6,24,26,11,61,20,11,19,1821,9,34,49,15,15,35,18,77,13,4,1,832,51,15,22,34,106,0,7,56,426,18,11,10,25,238,99,16,47,3,0,26,25,116,71,224,60,74,14,24,10,11,241,25,911,25,9,15,48,37,545,17,24,25,112,13,78,13,25,18,217,21,145,2,13,16,43,21,85,28,68,35,13,22,25,25,37,676,21,11,22,16,25,106,64,10,14,29,27,14,158,14,57,13,38,12,33,607,8,12,26,16,12,6,55,113,21,18,11,15,42,41,12,8,16,7,15,8,18,23,17,54,22,23,11,0,19,208,602,55,213,715,197,68,33,16,30,16,100,21,1,20,9,32,24,3,31,17,13,11,29,105,23,16,33,35,21,2,60,35,8,45,77,877,29,25,14,20,7,55,0,17,20,185,7,37,19394,64,335,2599,1202,32,21,17,23,39,13,60,14,13,21,20,141,18,11,17,16,16,20,7,24,6,15,47,11,17,0,12,25,0,167,40,16,20,25,19,12,36,24,87,22,17,95,48,1252,HD
female_Q111_10m_4R,45,72,14,37,52,59,11,15,60,11,399,540,18,8,65,35,10,10,50,132,37,127,124,21,212,738,18,34,16,15,134,395,73,287,21,20,45,23,1,2526,7,83,24,779,75,23,25,409,9,15,390,34,19,1174,9,0,18,218,8,63,24,18,5125,24,105,451,87,153,25,35,39,15,41,36,50,12,11,18,9,302,343,12,38,184,239,27,63,1930,36,31,34,14,69,4,30,24,119,12,15,10,18,81,58,13,7,47,19,104,126,136,3,150,219,37,17,104,6,276,45,43,7,71,82,9,10,17,113,140,24,43,27,71,109,7,10,38,233,22,22,8,20,36,34,232,33,1335,49,27,50,45,45,17,51,5,113,5,7,82,74,75,59,489,484,34,318,24,31,48,22,2343,5516,13,24,24,559,31,599,31,345,18,96,1029,480,13,16,356,7,48,43,10,1703,0,12,55,75,51,48,41,29,13,10,542,28,16,68,359,805,47,67,29,17,2349,70,31,24,9,66,228,12,10,22,49,39,50,45,15,721,24,191,11,24,725,52,17,13,98,7,9,12,20,15,25,55,9,24,905,26,24,662,16,260,13,19,101,47,13,6,182,17,353,17,24,55,59,29,2,67,14,9,57,36,437,19,11,39,10,20,99,9,97,87,21,14,2,3289,101,379,59,29,33,54,10,30,9,12,18,9,24,4,19,11,19,69,18,94,31,2255,6,35,45,16,9,32,16,76,2,22,3,1181,75,6,11,49,108,53,13,21,390,18,17,8,24,271,115,7,194,2,41,17,28,22,94,207,93,105,9,15,12,9,380,30,896,28,1,10,0,54,649,21,13,26,115,8,48,21,17,15,206,8,105,6,5,8,28,19,125,15,45,37,9,16,42,24,40,711,10,15,24,18,21,45,71,16,16,29,38,22,21,5,63,7,0,9,23,1129,27,12,10,7,14,20,64,184,27,17,10,16,23,29,7,27,18,9,15,12,25,27,28,59,13,36,13,3,14,169,520,49,245,31,269,22,30,28,29,10,103,21,0,31,4,3,0,24,24,19,8,19,21,92,22,12,21,31,19,5,44,61,19,32,163,959,23,21,17,13,17,110,397,24,38,139,9,18,1941,27,250,12284,2216,26,20,8,17,10,17,61,17,33,23,16,228,11,8,22,0,17,19,6,20,8,13,43,15,31,19,15,17,22,120,21,12,19,22,0,19,10,6,65,20,14,128,30,1136,HD
male_Q111_10m_1R,56,69,21,22,49,51,20,21,53,15,537,495,252,5,678,27,11,17,42,47,54,119,170,28,204,706,11,26,8,24,129,368,74,314,26,41,14,20,3,2911,11,96,30,1112,81,22,30,410,9,19,376,38,13,1239,15,0,12,202,32,67,15,21,6199,39,130,525,84,195,21,50,53,12,24,40,57,13,7,17,8,141,302,11,54,223,275,24,104,1811,38,30,36,11,696,5,24,42,116,25,11,14,21,92,69,21,16,57,11,105,161,104,8,107,232,41,19,111,7,349,40,27,11,66,69,15,12,9,101,169,40,123,17,38,116,62,17,96,158,26,11,9,14,36,33,233,18,1313,61,35,217,40,44,11,64,7,89,13,17,71,69,74,74,62,399,34,337,22,43,47,40,2055,4416,2,24,488,481,36,681,25,271,14,147,1100,588,14,14,380,16,96,70,12,1870,115,23,44,49,39,45,43,24,8,14,315,42,23,67,413,861,55,89,14,28,2592,88,36,24,4,116,233,11,27,31,30,35,44,27,13,762,35,157,11,24,714,25,23,9,96,14,9,8,24,9,38,45,11,13,1002,24,17,1076,11,290,54,15,100,26,17,236,214,16,305,12,31,45,79,23,4,52,8,8,41,39,451,26,13,46,19,27,105,13,51,70,25,15,1,3363,94,368,49,32,20,52,38,34,114,15,13,14,40,6,11,23,20,35,23,5,24,2396,8,40,43,17,12,55,25,85,27,22,0,1148,77,17,8,44,60,78,9,42,380,17,22,13,21,233,86,8,256,3,28,32,40,348,90,185,45,76,15,17,9,3,362,32,976,42,0,14,0,77,225,17,20,30,89,14,61,15,24,14,235,7,114,19,13,15,28,20,167,27,64,23,14,8,23,31,34,646,11,13,33,25,21,220,74,15,11,26,13,18,305,0,47,11,22,8,16,884,18,14,3,21,6,26,57,72,35,19,18,21,7,27,14,0,28,5,8,6,35,31,0,39,18,20,9,7,15,281,575,61,214,105,250,52,36,27,21,11,101,22,19,58,9,38,96,13,0,13,14,17,22,81,14,7,42,22,20,23,36,90,11,50,96,2206,20,21,9,20,9,58,324,14,37,146,4,27,8578,27,404,30716,1553,12,17,4,12,75,18,64,8,21,19,15,124,8,13,18,21,20,14,7,28,13,15,62,17,15,30,15,18,16,105,31,8,20,23,0,9,40,34,52,20,13,131,39,1146,HD
male_Q111_10m_2R,29,75,17,39,59,47,12,19,47,15,589,493,20,10,82,23,13,18,55,187,40,106,115,26,175,731,17,22,12,19,139,324,47,241,35,14,22,15,9,4492,12,87,23,653,63,40,29,374,8,18,366,31,13,1049,21,57,11,188,11,56,12,22,6057,26,123,371,74,148,15,33,63,18,28,39,79,8,7,21,10,277,392,13,58,226,238,22,85,1761,56,24,42,11,48,9,25,28,116,19,5,7,15,114,40,9,9,47,15,90,229,130,3,108,179,31,15,103,5,261,30,30,7,57,67,14,15,20,94,141,30,79,17,57,122,11,13,0,162,14,14,12,20,42,36,313,17,1199,52,28,41,39,42,13,52,10,118,12,15,95,60,73,113,30,453,32,341,18,40,58,28,2472,5269,11,37,17,533,23,788,14,358,13,128,974,450,16,17,382,15,78,53,16,1913,37,13,42,38,57,49,29,32,13,10,371,38,16,75,401,1056,43,66,31,29,2304,71,18,16,12,104,256,16,20,33,68,32,43,26,24,721,14,165,21,34,688,31,25,16,95,11,20,14,16,12,30,42,19,14,1130,26,20,664,9,265,27,21,93,20,9,16,217,18,222,16,17,50,89,19,11,63,16,11,49,39,431,22,14,51,17,76,104,14,73,74,18,13,4,3310,109,327,49,31,31,36,30,41,20,22,19,11,47,4,14,20,17,70,17,10,29,2207,6,30,53,14,7,33,16,64,5,16,6,1050,56,7,5,42,82,34,17,40,433,18,16,13,21,261,132,12,282,3,10,15,24,14,80,259,93,92,8,16,15,5,308,45,1037,39,13,8,14,56,176,19,11,26,89,8,71,14,22,18,235,6,129,9,14,11,43,14,149,13,72,45,12,13,29,24,41,667,15,2,30,14,19,127,72,12,5,32,30,16,32,13,55,17,24,15,35,1265,0,13,13,8,11,22,53,762,20,19,11,8,30,36,7,17,13,4,11,4,9,18,34,37,15,26,10,12,16,184,564,49,279,78,227,30,40,30,32,13,95,19,14,22,8,22,257,14,21,16,13,16,25,79,14,10,16,41,18,16,37,54,11,40,25,1093,29,17,15,14,16,115,190,17,26,96,6,39,18342,17,339,10778,1392,17,13,15,21,63,13,69,12,16,29,16,174,7,15,25,17,24,16,17,27,18,8,44,13,28,24,14,29,12,297,38,7,23,29,0,14,25,28,35,6,15,70,36,440,HD
male_Q111_10m_3R,42,72,17,30,44,46,14,17,62,12,429,532,15,7,44,26,7,8,135,118,55,175,107,36,184,645,27,25,11,11,178,389,47,236,26,22,22,12,14,2552,10,129,20,1180,105,35,27,548,14,21,418,30,13,1539,7,0,13,190,11,70,28,33,5122,45,118,403,104,110,21,44,43,7,34,36,59,8,12,13,17,313,361,17,43,159,241,22,150,2386,36,36,42,6,41,1,28,53,120,15,8,19,11,81,62,8,10,35,19,119,196,161,5,186,309,26,16,131,10,306,27,35,11,77,80,17,13,18,64,160,30,43,32,46,148,11,14,36,351,17,18,5,11,42,24,337,16,994,54,17,34,46,51,18,54,11,116,3,1,82,94,73,135,88,592,33,376,8,29,37,22,3242,5578,12,15,16,531,33,905,13,251,25,113,1048,721,14,13,313,21,69,68,7,1397,0,17,50,38,55,39,40,23,10,10,506,26,18,83,346,792,50,47,23,37,3075,83,29,32,9,90,190,8,12,33,82,32,25,30,24,585,24,183,21,29,786,31,21,11,117,5,10,8,14,18,49,39,13,22,1607,20,20,1020,14,196,42,15,97,22,16,12,210,21,349,19,18,18,76,28,8,60,11,10,59,40,528,23,15,66,11,60,85,19,89,83,17,16,6,2354,99,501,81,15,24,34,6,27,13,14,29,5,30,0,10,30,8,97,27,8,22,2500,9,33,60,4,13,42,27,79,36,15,5,1276,84,10,11,48,63,56,19,38,283,18,8,6,15,320,82,7,305,14,25,14,34,9,74,252,36,60,6,25,18,8,504,57,1466,43,17,17,10,54,245,19,18,24,81,4,57,12,30,6,193,13,97,5,5,8,0,13,94,12,47,31,9,9,44,40,25,898,69,20,21,18,30,86,64,13,6,43,11,11,22,23,43,10,42,19,21,1002,21,19,12,12,12,16,48,388,13,11,22,32,24,27,9,1,22,10,21,15,26,21,51,42,17,22,12,3,14,0,621,16,252,111,327,17,20,22,19,7,87,23,13,23,5,21,0,27,31,8,6,24,22,84,12,13,0,23,22,4,12,70,14,40,30,992,27,17,20,14,31,40,421,15,26,110,11,19,17841,35,0,2611,1312,17,4,10,8,29,10,5,11,53,14,10,189,12,11,13,14,17,6,17,5,0,12,56,12,14,28,10,24,32,14,17,9,21,36,0,11,0,0,92,9,16,58,32,1127,HD
male_Q111_10m_4R,59,48,19,24,41,35,27,17,79,11,441,482,310,6,921,30,17,14,230,197,35,120,209,40,182,550,32,13,11,15,210,367,40,216,25,47,57,16,9,3089,15,125,24,550,70,48,27,596,8,18,447,26,13,914,14,0,22,154,48,89,23,24,3502,32,121,364,103,125,8,27,20,29,33,34,74,9,6,22,14,94,374,3,45,274,174,24,433,3257,41,23,35,13,719,5,24,40,120,19,5,13,38,80,86,20,18,40,9,123,532,302,0,136,138,46,23,119,5,220,16,31,13,59,111,16,14,10,77,104,27,169,60,89,187,93,6,0,209,18,14,4,8,49,100,512,0,927,54,19,278,64,55,24,51,15,180,5,17,89,91,71,283,146,526,35,293,15,31,51,30,3138,5581,8,22,601,455,46,653,17,329,27,141,1088,913,17,19,306,90,278,54,17,1187,89,13,70,20,73,35,45,120,10,11,262,18,17,105,213,844,46,31,16,74,2509,109,23,21,14,102,202,6,15,31,291,21,39,23,27,614,38,220,35,46,809,22,18,6,115,8,16,10,20,8,33,35,17,26,1947,15,15,572,44,210,84,15,55,18,11,314,857,31,344,10,13,31,120,0,13,74,8,5,45,25,558,32,15,50,52,43,110,17,82,88,19,15,29,2521,81,675,51,23,11,30,43,26,165,13,15,15,55,7,20,26,8,55,24,44,26,2292,4,31,31,11,14,68,40,69,10,16,14,1413,106,13,27,29,67,118,57,48,234,14,14,6,20,307,135,7,352,5,48,8,42,375,69,271,65,84,7,21,18,10,420,33,1680,77,17,17,0,70,9,20,11,20,69,10,126,10,21,10,154,5,109,14,11,22,14,10,134,21,71,39,5,11,57,61,49,937,19,15,27,17,32,195,80,1,14,18,26,20,498,23,52,8,29,17,15,1267,38,14,6,8,7,25,54,36,22,13,11,8,29,23,15,9,17,25,6,21,4,35,201,41,24,27,13,21,15,210,522,30,198,671,457,15,32,18,13,11,92,6,26,30,9,0,27,23,25,7,6,17,24,61,4,7,16,29,17,18,64,115,11,36,94,1783,13,19,14,14,26,113,412,14,26,160,6,51,8618,56,148,43898,2201,24,7,10,18,0,17,41,14,26,17,10,246,13,10,22,9,9,11,22,6,13,4,33,17,38,69,14,32,19,19,22,14,21,42,13,3,19,26,79,17,15,136,33,1358,HD
female_Q140_10m_1R,43,92,19,32,63,38,20,15,50,15,666,598,387,9,915,28,11,27,74,58,45,132,169,32,235,618,19,34,6,18,123,346,74,311,19,61,20,13,7,4466,6,96,20,918,78,15,26,435,14,19,433,31,21,1299,1,69,13,210,40,73,19,11,5488,25,119,528,66,132,21,34,43,15,26,47,70,14,8,17,10,380,285,6,59,230,268,19,96,1785,73,25,57,14,1020,9,33,47,119,18,10,11,44,124,61,26,15,47,18,96,135,90,3,125,262,35,11,104,15,363,23,41,15,70,54,14,11,17,156,170,38,242,13,44,139,91,16,136,123,17,10,3,16,40,41,267,12,1296,59,25,244,36,55,7,69,14,142,7,26,81,75,75,81,31,539,40,273,28,26,60,34,2720,4767,13,23,847,598,27,912,34,310,34,128,1101,491,20,23,356,15,63,69,13,1786,0,13,54,35,70,52,35,33,17,12,350,35,19,80,414,1017,33,100,17,29,2824,78,51,22,4,99,176,10,11,36,63,23,37,37,24,719,24,169,32,49,636,53,25,8,73,7,14,17,15,11,28,33,12,21,989,31,5,662,7,264,95,23,76,22,29,355,246,46,230,19,36,35,74,28,16,48,9,10,36,29,465,15,13,50,15,28,100,12,72,80,17,12,1,2799,138,356,59,28,25,35,122,30,188,17,20,12,52,8,12,20,22,38,13,11,24,2628,5,36,36,12,10,63,26,74,10,14,0,914,47,9,12,47,63,111,9,43,349,29,18,13,23,218,71,5,236,5,24,22,35,548,118,216,65,96,9,13,15,11,477,38,981,62,19,14,7,40,183,11,21,43,103,17,59,15,28,22,221,20,189,9,23,15,15,12,103,28,55,33,11,16,34,31,39,629,7,10,24,15,22,209,88,18,10,32,7,21,492,27,40,11,0,20,18,843,7,15,5,14,16,6,36,127,18,12,4,9,19,33,11,4,16,8,28,14,36,27,0,34,15,25,5,1,11,155,452,19,236,487,296,20,25,22,33,0,93,21,28,21,11,7,66,31,19,11,10,20,38,76,15,11,63,22,16,22,57,101,11,62,154,2289,16,13,12,15,10,120,281,13,26,212,8,27,9038,32,179,6849,2117,23,3,11,37,0,10,11,12,33,18,13,154,13,18,24,13,15,19,10,8,13,10,49,16,19,14,12,20,18,76,32,10,14,45,18,9,9,6,69,19,16,160,50,1209,HD
female_Q140_10m_2R,45,83,22,27,71,47,5,20,74,9,454,307,25,5,69,18,28,27,55,220,55,105,122,30,237,820,17,38,10,22,115,344,85,288,20,17,12,6,6,2738,3,110,27,883,56,8,18,389,10,17,462,18,14,545,15,37,17,217,16,78,20,22,6572,30,135,365,88,264,19,56,48,14,36,53,89,6,10,20,16,146,419,11,102,194,236,18,68,1748,50,20,51,20,57,9,23,46,111,31,14,19,11,104,57,11,18,43,12,105,276,111,1,125,165,48,23,125,6,424,45,44,18,56,98,21,16,19,102,182,33,105,14,79,114,4,21,0,46,21,22,7,12,45,27,214,8,1231,51,34,48,26,46,14,72,6,104,4,5,75,71,84,88,434,606,31,361,14,33,51,30,2382,3437,14,28,16,310,25,513,9,396,25,128,1097,446,19,16,406,8,23,78,11,1756,0,19,49,43,54,47,36,18,9,15,93,33,26,83,371,1025,45,82,17,29,2858,75,32,15,9,102,225,16,22,27,47,32,35,41,27,641,19,169,36,17,602,42,21,14,112,10,14,9,22,16,33,28,7,19,1160,23,18,750,6,313,34,9,95,30,17,6,204,20,219,25,25,79,54,35,10,25,16,5,37,36,466,18,17,59,15,26,120,14,66,84,17,16,6,2847,76,297,54,18,34,43,36,22,24,22,27,14,16,2,15,41,22,50,51,38,17,2825,11,36,41,11,8,58,22,85,20,15,4,874,52,16,27,41,96,114,6,11,409,11,14,15,22,207,74,7,140,2,29,29,30,21,154,229,1,100,7,17,7,3,209,43,772,54,0,17,6,61,224,23,22,15,80,6,44,16,19,17,219,9,82,11,10,17,33,14,165,16,55,33,15,14,25,12,49,747,70,14,29,19,24,88,68,20,11,45,42,24,47,38,36,16,10,11,22,805,19,10,11,11,12,16,69,316,15,15,10,14,6,33,12,10,17,7,32,4,20,42,223,48,16,30,11,16,17,94,486,50,165,193,179,55,32,18,25,14,98,29,3,20,7,7,23,24,12,12,9,25,29,79,11,11,11,30,14,27,78,58,8,21,46,1197,14,22,22,28,21,93,190,11,27,96,8,60,21790,25,385,6412,2074,9,20,11,9,62,22,72,17,29,27,9,149,10,10,21,19,20,19,8,16,14,8,34,9,48,5,17,24,0,23,18,12,17,27,0,10,32,9,75,7,18,176,37,1017,HD
female_Q140_10m_3R,50,106,40,37,30,46,10,18,107,7,990,676,421,10,641,33,20,18,42,176,49,162,157,32,154,492,17,25,10,32,122,272,40,260,41,46,5,15,11,6266,14,158,10,697,115,11,11,362,6,11,418,29,9,1475,15,0,11,251,52,79,21,11,9229,36,103,360,74,276,15,41,37,21,24,65,96,7,13,20,13,293,222,13,66,268,292,22,77,2038,40,22,51,27,573,8,46,46,125,24,4,12,14,90,45,17,21,46,10,102,122,110,4,101,237,52,11,115,7,243,21,38,15,54,75,27,13,18,80,161,32,215,15,42,291,73,9,0,278,7,22,5,14,48,31,197,12,973,45,51,206,38,58,15,67,7,85,1,20,80,105,100,59,159,554,49,450,13,32,39,20,5891,6557,9,20,495,944,21,1628,53,227,20,138,976,499,6,20,385,9,25,120,10,1505,0,11,25,42,75,31,29,27,11,17,523,33,25,44,404,1610,45,43,22,36,2870,84,35,15,5,124,226,11,9,39,42,28,34,25,22,608,27,114,21,67,661,42,25,6,72,3,10,12,7,6,35,23,11,18,1084,38,9,548,14,196,116,16,46,34,15,325,154,28,286,13,20,88,180,12,0,63,10,8,46,35,347,39,21,50,32,106,115,10,68,89,10,15,0,1625,105,417,77,22,27,27,75,11,157,17,12,2,73,4,7,24,12,67,11,10,21,3092,2,21,34,3,18,87,50,50,4,11,0,567,100,12,7,42,49,195,3,71,259,19,9,9,17,176,78,2,723,5,30,25,28,486,77,207,1,0,7,14,14,8,961,45,1163,97,9,22,11,53,229,17,16,33,71,22,22,8,23,8,259,16,213,15,7,6,0,7,125,8,44,31,6,7,40,22,37,689,40,27,30,18,23,96,112,8,5,21,49,9,488,14,63,12,60,24,14,1590,20,15,12,9,7,23,47,31,10,6,19,20,45,33,13,10,27,10,26,21,37,21,0,18,14,29,9,21,3,0,536,15,257,1590,366,24,32,45,12,22,65,16,9,35,8,11,0,19,26,9,9,22,26,43,10,10,23,15,21,18,24,167,18,19,39,1568,26,21,12,9,40,71,581,14,21,53,7,0,21518,11,0,10476,1771,14,8,10,0,0,12,15,7,63,12,4,75,10,7,14,0,7,6,7,1,5,8,45,14,14,39,5,19,11,112,27,12,9,48,0,19,0,9,61,7,15,37,21,1576,HD
female_Q140_10m_4R,34,64,12,42,46,49,5,11,73,4,694,640,18,7,66,33,12,18,29,318,43,92,148,32,201,941,16,20,8,19,112,322,65,299,42,19,46,20,9,5075,8,85,29,705,81,30,23,385,7,18,470,40,17,1271,9,30,17,193,11,83,17,20,6358,24,109,342,79,216,17,31,40,18,35,49,60,11,7,31,7,244,309,9,52,290,256,20,93,1908,172,31,52,12,40,19,26,36,118,36,7,11,21,136,30,14,7,50,18,88,273,134,0,130,204,38,19,102,5,233,32,40,9,40,64,20,9,21,100,170,21,58,30,50,143,7,11,41,95,21,14,1,16,46,45,289,16,1336,36,30,36,49,25,21,47,27,90,6,7,112,70,67,109,270,667,43,339,12,20,71,28,2447,6266,16,27,21,687,15,1045,19,276,16,109,925,317,10,20,355,9,86,65,15,2250,54,12,29,34,68,52,27,24,10,7,428,17,15,102,407,1077,33,72,17,26,2272,74,21,18,5,90,206,17,21,34,46,33,21,27,15,855,25,190,13,62,606,10,24,17,63,7,14,14,21,6,28,36,16,17,946,21,15,910,12,256,27,11,59,27,17,5,191,14,200,16,21,68,100,22,12,55,10,14,40,31,411,37,14,35,26,27,117,14,69,68,21,8,3,2294,121,253,38,23,27,34,124,34,12,18,8,9,64,8,13,12,18,67,25,136,19,2008,15,24,50,5,7,33,29,54,17,15,2,810,55,11,3,37,86,0,15,97,412,21,11,12,19,217,86,10,306,1,4,17,25,14,105,180,125,109,12,16,15,7,390,21,1096,67,7,14,38,56,198,21,12,21,58,18,54,23,16,13,222,17,188,8,15,14,37,16,124,16,48,32,9,14,33,33,31,642,33,7,21,19,16,0,79,27,6,14,4,10,35,33,57,8,16,9,18,740,0,17,11,14,14,36,45,33,27,17,18,22,18,30,11,5,14,8,22,6,4,20,114,47,18,20,7,16,15,261,452,48,250,337,281,34,34,36,21,9,99,33,13,40,13,22,78,14,22,20,13,13,22,91,16,11,25,34,14,20,48,44,11,65,39,1167,21,8,10,21,10,0,251,16,44,136,6,44,6354,39,399,21993,2446,18,15,16,21,12,8,63,13,27,15,8,113,19,13,23,20,26,15,10,5,14,9,66,9,31,22,14,31,6,138,23,7,18,26,34,4,7,32,30,12,24,92,36,1456,HD
male_Q140_10m_1R,39,76,7,31,42,59,3,21,44,13,526,701,62,9,178,15,9,19,35,108,67,119,246,22,232,810,13,27,12,16,102,326,79,352,15,27,27,24,6,2888,5,91,14,1075,59,17,17,356,7,22,385,35,7,1780,7,0,10,185,13,72,16,16,5446,15,124,460,94,126,22,25,30,1,39,42,64,9,12,13,13,260,252,12,56,192,216,20,54,1398,46,34,38,9,213,8,42,34,102,13,14,8,12,89,46,12,21,57,12,104,110,108,1,156,288,45,17,99,6,357,52,22,9,56,60,22,10,14,106,200,31,58,16,39,119,19,21,43,73,21,12,3,22,40,32,201,25,1407,37,12,80,23,28,9,71,8,86,12,12,69,94,56,39,81,503,37,368,22,25,61,27,2486,5945,8,27,149,601,21,879,9,359,29,128,1165,386,19,19,398,9,29,50,12,1809,90,13,30,46,51,45,42,17,12,14,548,39,24,66,452,903,54,106,19,29,2773,82,36,19,0,86,209,14,13,29,32,36,39,27,17,806,22,110,23,30,721,30,16,10,61,6,14,12,21,10,25,44,9,17,863,12,13,1306,8,298,56,9,79,31,19,37,126,30,243,15,20,37,58,29,6,42,8,9,36,32,422,29,14,30,10,64,91,17,86,81,20,9,0,3010,112,289,49,5,43,42,8,31,29,12,21,15,40,1,14,12,13,37,17,6,8,2501,7,20,44,14,7,35,17,90,30,20,0,874,43,12,17,47,89,101,7,12,376,15,15,12,20,204,67,7,220,1,8,24,31,93,88,261,103,94,14,19,14,12,531,38,679,47,8,13,17,38,435,20,12,19,97,15,43,16,27,19,211,9,110,10,12,9,30,13,142,21,47,36,13,17,32,16,21,579,20,10,28,14,17,108,73,13,13,22,7,15,102,31,46,6,0,17,15,752,8,16,10,13,10,0,56,88,21,21,7,23,8,31,5,3,21,3,20,7,29,17,124,45,12,31,3,0,19,136,617,66,241,531,249,30,43,16,21,14,104,22,10,37,9,24,29,16,28,13,16,35,24,76,20,14,32,31,25,13,43,97,9,14,45,1103,24,15,12,19,0,89,276,16,20,149,8,60,11286,22,272,766,1164,16,22,12,20,0,16,76,14,30,17,24,186,16,12,17,15,21,8,3,13,9,6,35,9,28,8,9,32,0,14,17,13,16,31,0,10,23,30,54,25,20,79,44,1276,HD
male_Q140_10m_2R,50,125,15,36,59,47,7,15,70,8,535,620,90,6,191,25,16,13,35,348,68,102,173,22,226,1079,19,21,7,17,87,303,83,406,27,27,122,22,3,3668,5,96,23,865,95,22,15,387,13,29,568,27,16,1505,14,30,53,205,22,98,11,8,6469,19,129,430,104,157,14,22,172,16,39,53,77,15,9,17,9,129,219,14,61,240,240,15,90,1714,121,22,45,9,207,6,43,41,130,41,13,18,25,166,37,15,10,49,33,105,337,207,7,95,248,41,12,62,11,406,43,41,7,61,49,17,17,28,269,174,21,162,13,61,117,16,16,75,176,22,14,7,18,46,40,238,32,1365,44,27,83,32,42,12,80,56,130,4,14,107,88,82,59,251,445,36,398,17,37,43,22,2820,5387,7,25,118,650,23,819,56,259,22,135,930,410,21,12,379,17,69,66,10,1806,93,14,31,40,50,56,33,19,21,11,388,29,27,76,455,1050,36,85,14,27,2528,75,45,13,1,75,163,14,7,34,79,32,45,36,35,752,18,154,15,30,664,129,27,7,56,3,6,7,15,10,30,30,14,19,848,51,24,985,11,285,39,37,80,31,29,61,309,24,291,18,29,62,75,32,47,59,14,9,36,29,446,75,15,33,17,35,101,15,59,81,17,11,7,2529,115,242,54,34,31,35,151,32,38,23,26,13,45,5,10,21,31,52,12,176,20,2457,11,32,41,10,17,62,18,48,18,14,0,630,66,11,17,77,73,53,12,33,461,11,7,9,12,232,56,9,306,2,39,15,29,117,117,177,106,81,18,16,11,5,478,38,980,63,0,17,11,52,481,14,22,18,68,17,39,14,29,12,259,20,148,7,10,9,36,13,139,22,28,30,7,11,18,17,29,520,66,6,22,11,23,0,68,12,16,43,69,10,109,12,51,6,45,17,23,1181,14,16,8,8,7,15,73,56,23,10,10,13,41,34,18,28,18,4,26,13,28,22,99,59,27,59,15,16,9,228,538,43,253,436,189,41,31,27,20,21,68,34,10,38,8,19,61,11,0,12,19,18,25,95,17,7,22,27,32,14,45,80,22,35,51,1464,20,22,14,28,9,129,445,12,29,102,14,29,14528,20,0,3824,1682,22,19,7,13,0,12,58,16,25,15,12,134,9,7,14,22,16,18,8,12,12,17,62,9,32,32,4,23,35,70,31,7,12,40,0,7,20,17,89,11,18,122,49,1549,HD
male_Q140_10m_4R,55,92,14,27,72,48,1,14,29,13,464,642,25,9,111,27,5,11,34,144,39,99,223,30,222,825,12,23,7,15,114,317,80,342,17,15,59,14,9,3428,8,88,20,850,63,19,23,377,12,11,463,37,12,1474,9,0,12,208,12,89,13,20,5347,18,91,491,72,112,19,34,45,12,34,57,62,14,8,21,10,169,315,11,35,184,206,36,81,1812,42,27,52,14,64,7,36,23,123,25,4,14,16,144,33,9,5,42,21,104,225,248,1,107,241,45,15,111,8,227,32,37,11,58,58,17,12,13,92,152,19,62,23,53,135,10,17,85,140,14,22,4,12,54,39,245,33,1293,42,27,31,19,34,15,71,9,105,6,9,101,79,67,102,169,559,34,377,17,36,52,21,2940,6410,12,36,25,555,15,827,12,278,25,112,854,311,18,17,360,19,47,30,9,2018,25,12,31,36,61,54,24,32,9,14,538,27,19,60,440,875,34,84,20,16,2314,77,27,17,8,80,211,20,15,26,55,21,34,33,15,748,23,173,20,36,544,24,30,9,47,7,10,14,28,8,30,36,9,15,911,42,17,874,16,271,35,20,50,26,22,15,202,21,234,10,24,35,77,29,11,65,8,9,38,32,392,61,12,31,17,16,85,17,77,81,15,15,3,2293,103,323,47,29,23,32,19,40,9,9,17,15,34,6,9,17,30,89,15,40,24,1904,4,22,44,11,12,23,19,52,18,10,0,806,62,12,13,43,96,54,20,27,436,15,9,8,24,219,78,10,165,7,47,16,32,25,92,233,80,77,13,16,14,7,460,48,920,34,6,13,12,55,655,15,18,13,80,15,63,13,19,10,225,18,119,8,10,6,47,18,132,20,62,32,18,14,34,31,27,705,18,12,24,22,28,66,67,14,12,34,34,20,34,19,75,11,16,11,22,190,4,16,16,5,14,8,55,33,16,18,10,21,14,20,10,1,26,12,21,9,16,26,40,35,14,25,10,3,10,272,476,54,309,651,274,26,24,14,17,11,109,27,16,38,5,29,94,7,44,10,9,14,34,88,17,13,49,29,12,12,69,69,22,43,148,1232,17,11,10,20,11,114,0,13,28,235,4,0,9644,28,396,18074,2601,12,19,17,13,0,7,67,12,28,25,12,238,14,12,16,11,24,16,10,19,21,14,72,13,21,9,18,19,10,63,25,20,13,34,13,12,9,11,59,13,13,112,41,1501,HD
female_Q175_10m_1R,59,65,13,34,70,66,8,9,54,11,470,614,27,9,46,27,11,15,51,222,49,78,117,13,298,733,13,32,10,16,151,327,66,357,23,11,22,18,12,1926,7,47,30,1349,72,17,18,427,14,42,574,21,12,1914,15,27,12,176,19,95,13,9,5573,17,124,474,90,164,13,13,36,8,39,43,66,16,8,26,12,62,249,18,40,215,216,27,68,1578,71,32,54,19,53,9,27,19,122,27,10,14,16,100,32,14,18,59,7,89,543,117,1,146,345,29,10,51,12,244,54,21,10,46,46,15,17,33,127,212,37,61,35,68,101,12,11,0,140,20,17,0,12,31,40,340,27,1326,51,37,33,40,60,6,72,11,126,6,12,85,57,66,103,161,464,28,348,10,27,40,26,2709,3438,19,31,27,531,24,573,6,386,16,91,567,180,21,24,449,22,54,46,20,1789,97,11,45,40,46,62,47,24,12,14,263,23,21,70,489,773,26,141,12,18,2282,104,40,17,6,104,151,23,21,37,61,21,34,26,21,824,31,212,22,42,471,40,12,8,98,4,15,12,18,15,18,35,11,30,725,12,27,1108,12,650,27,9,89,27,30,12,272,17,291,20,25,50,50,15,15,57,9,17,55,16,467,18,20,31,14,28,118,49,63,87,22,11,2,2041,92,137,28,17,29,32,34,30,15,33,33,11,23,5,11,15,27,95,23,10,36,2006,8,23,57,10,6,54,15,38,23,15,3,581,59,12,15,60,83,81,10,7,423,22,10,9,26,226,41,7,251,3,27,23,37,19,97,242,66,0,6,12,14,12,306,36,996,33,0,12,12,71,291,13,10,16,76,11,71,33,28,16,248,10,84,14,17,6,46,15,140,13,25,24,10,14,24,16,19,388,35,11,27,13,15,38,48,27,4,30,13,10,44,4,44,9,45,17,15,959,8,1,10,1,11,15,32,38,20,15,9,17,29,33,9,2,5,8,20,7,28,20,0,46,24,18,9,0,10,190,364,15,228,1632,147,38,40,6,18,18,81,18,15,20,8,39,46,11,44,13,7,23,21,100,14,11,9,27,15,20,71,59,7,19,30,804,18,17,14,15,8,95,376,14,40,163,3,0,6620,29,376,3416,2329,20,7,22,4,17,13,8,11,38,16,14,186,14,6,17,0,23,15,21,8,24,10,26,13,29,32,11,32,18,166,28,10,20,45,0,1,18,28,99,17,16,68,28,1329,HD
female_Q175_10m_2R,34,95,11,40,67,70,4,11,41,12,510,965,15,8,47,22,4,9,30,158,99,95,126,31,283,955,15,33,11,11,88,300,70,369,27,16,32,21,4,3511,4,67,30,1076,53,15,20,283,8,25,490,43,15,2678,14,37,15,183,7,89,12,5,5190,8,114,545,107,99,11,13,38,14,27,41,65,10,10,24,12,263,287,8,23,250,267,36,48,1531,33,31,64,19,68,4,49,14,178,19,6,11,19,110,46,7,15,44,8,76,141,119,0,127,304,36,17,70,6,287,50,21,12,36,72,13,16,22,259,206,42,68,19,39,157,13,15,26,65,24,11,2,17,45,32,204,51,1562,40,14,44,30,42,7,76,15,90,4,7,101,81,62,40,148,531,32,373,13,35,49,29,2645,5828,8,34,14,570,14,896,22,206,18,98,770,181,12,14,355,11,29,40,12,2160,0,10,31,34,64,58,28,28,13,7,552,24,16,62,480,914,30,108,17,25,2371,127,48,10,1,71,187,7,12,33,42,18,29,33,12,800,29,167,17,69,406,54,29,14,31,7,10,8,30,7,33,31,9,26,570,29,14,1218,7,583,34,12,48,33,28,9,222,11,230,15,23,21,119,25,16,112,12,8,33,19,409,45,24,17,45,62,78,37,59,93,14,8,5,1965,111,134,48,32,33,35,12,38,9,14,30,8,41,8,10,38,26,103,19,45,29,1942,7,26,37,20,10,26,16,34,12,15,0,565,43,16,11,43,76,0,3,76,437,25,11,10,28,188,46,7,250,1,21,17,38,12,103,219,78,1,9,15,13,6,595,51,634,40,8,13,17,76,264,18,12,6,53,10,35,12,16,21,193,4,131,5,23,7,47,11,128,16,22,43,10,12,24,8,25,396,4,10,29,20,12,94,73,9,8,20,33,18,13,19,51,7,0,11,18,1033,6,11,11,6,8,13,44,33,23,15,17,23,22,24,4,12,14,12,14,8,16,22,0,60,12,15,8,13,13,268,394,24,433,325,150,21,36,24,28,16,77,37,12,5,12,10,157,12,29,20,9,0,23,70,15,13,27,29,16,30,45,49,9,69,74,1319,22,18,9,28,15,37,112,21,23,141,7,32,10728,24,209,2856,1645,17,13,9,21,0,7,6,26,29,9,14,146,8,17,12,0,20,14,6,12,13,8,86,11,36,30,16,22,21,42,24,9,12,37,14,4,14,21,37,9,16,81,40,1394,HD
female_Q175_10m_3R,53,107,18,49,63,70,7,9,50,16,665,820,12,11,36,26,12,13,41,164,70,79,131,18,283,846,12,20,11,13,129,251,89,353,37,17,44,20,4,4813,9,70,27,513,62,18,21,337,3,27,530,28,11,1034,16,0,19,212,3,101,20,8,6102,14,129,407,84,134,17,48,52,21,30,61,73,6,9,24,13,274,156,12,59,211,223,14,52,1511,69,22,61,16,13,9,39,20,99,31,7,9,11,120,51,2,10,46,14,87,168,134,4,158,167,32,12,44,8,299,53,13,9,46,54,19,11,18,171,164,21,72,20,47,146,12,12,0,151,22,16,1,6,40,33,237,20,1432,29,20,24,40,60,7,72,1,116,17,13,108,94,67,38,196,452,29,337,6,23,58,32,3004,5576,11,43,7,527,17,939,24,215,23,96,814,166,11,23,381,13,43,31,9,1968,215,13,50,38,66,58,41,28,12,4,215,16,32,77,469,992,24,138,13,37,2614,168,41,11,1,82,193,7,9,23,54,16,43,29,4,832,33,127,12,64,445,58,21,7,41,4,18,7,21,9,37,27,8,17,859,13,14,704,11,676,91,18,49,28,41,1,214,2,319,18,13,40,89,21,11,74,12,12,32,21,403,63,19,19,23,44,110,26,79,77,22,11,2,1592,112,214,26,24,50,32,14,38,4,16,18,10,50,4,14,0,13,67,29,7,14,2147,3,30,40,10,8,34,20,30,27,21,1,555,54,8,1,58,90,79,7,48,428,14,11,14,33,220,44,7,157,2,29,21,36,3,140,0,1,1,12,16,13,6,745,53,638,67,7,9,0,51,257,21,12,13,73,10,80,10,21,9,199,11,182,10,16,0,36,13,104,16,30,42,9,4,16,17,24,468,52,11,41,14,12,54,62,19,12,16,32,11,28,19,51,8,0,3,22,764,21,14,6,11,20,21,54,18,9,9,12,12,19,33,6,23,13,7,14,11,21,24,0,47,11,12,1,4,10,378,321,58,235,42,299,26,34,8,17,16,87,30,20,29,10,14,0,22,13,8,4,6,20,81,14,9,37,27,12,39,30,144,12,9,64,2167,19,21,17,27,4,116,359,12,28,79,10,33,2796,28,303,15538,1965,20,30,13,7,160,16,66,11,9,17,16,157,7,8,13,16,10,14,7,10,9,12,69,16,22,4,10,27,16,0,32,11,14,39,24,0,22,21,101,17,13,119,34,1403,HD
female_Q175_10m_4R,49,102,15,47,85,60,9,22,61,7,609,1168,23,14,55,38,12,12,25,163,72,82,217,26,346,901,27,29,7,20,130,353,82,378,29,17,59,17,10,4362,7,59,32,1218,86,16,9,413,14,30,475,30,12,1659,8,28,18,169,14,98,15,8,5934,13,163,918,96,180,33,41,40,10,26,61,84,12,14,15,13,225,195,14,59,245,258,16,73,1601,54,18,37,12,62,16,125,15,141,28,21,15,16,87,41,7,22,45,16,76,169,89,3,180,648,33,20,37,8,313,49,15,10,50,58,10,11,23,160,166,29,62,25,52,136,18,12,35,109,25,20,2,13,54,36,294,20,1456,45,29,41,27,39,10,88,9,138,7,11,85,104,85,70,169,339,32,361,8,29,86,14,2642,3334,15,27,21,476,30,848,15,195,22,77,657,205,9,22,389,7,63,55,7,1811,122,12,53,38,141,48,36,24,15,15,189,28,20,101,532,1244,30,116,18,24,2473,158,66,23,1,114,201,11,20,29,55,18,51,27,25,855,24,144,88,148,390,21,33,15,47,11,20,11,18,11,33,26,18,26,674,25,15,994,14,658,64,21,73,18,39,7,234,21,188,20,30,61,47,4,4,142,12,11,65,35,416,17,24,38,36,38,129,33,61,87,13,7,4,1841,114,224,30,27,24,36,13,32,18,14,26,21,72,9,20,26,22,60,23,16,22,2167,17,28,40,7,11,52,17,33,16,12,0,581,74,12,15,58,73,92,10,38,468,8,14,13,35,244,50,5,42,4,49,29,46,12,139,215,0,85,13,13,13,5,535,39,857,88,26,11,8,105,354,21,15,15,65,24,62,17,26,15,245,10,176,7,15,0,55,13,116,14,18,84,11,10,16,9,26,424,33,18,30,9,4,53,67,8,10,27,17,14,52,21,39,7,4,16,16,0,21,14,5,21,13,17,36,284,63,13,7,20,23,20,7,13,12,9,16,5,14,27,0,39,10,45,4,0,12,255,358,55,1040,37,176,26,24,13,24,12,84,33,27,59,9,25,43,22,0,13,9,9,28,86,21,9,16,35,11,10,35,94,12,21,13,1384,21,22,16,18,10,63,407,23,39,103,9,59,21358,18,392,29912,2114,14,23,13,0,15,9,66,11,16,17,20,220,17,10,13,18,15,5,7,15,4,13,22,9,33,48,13,22,15,0,30,1,20,34,12,1,14,20,65,10,16,112,45,1122,HD
male_Q175_10m_1R,66,81,17,47,89,84,5,8,46,9,428,518,16,8,48,39,29,21,32,316,63,84,165,16,298,814,17,41,15,23,103,360,66,316,30,19,33,20,4,1939,7,54,19,1003,53,21,20,382,18,26,487,40,19,1331,8,0,14,220,11,95,12,11,5940,25,152,495,87,172,21,21,41,12,35,63,88,14,10,12,8,106,151,12,64,208,242,27,58,1633,56,22,49,26,31,12,39,22,153,30,19,18,15,132,48,10,15,49,12,74,150,121,1,124,242,27,15,65,11,322,45,31,8,52,62,19,14,22,303,203,33,87,13,56,118,10,11,39,81,26,20,6,18,47,30,269,28,1380,45,34,34,31,45,9,85,11,127,8,8,82,62,70,55,303,422,29,364,18,33,58,19,2670,3729,15,22,12,471,20,578,14,195,17,92,703,251,13,21,380,14,64,89,14,1690,88,21,31,32,59,56,38,28,9,7,266,31,21,52,504,833,37,149,17,22,2247,124,51,23,6,99,205,12,24,28,35,26,40,40,21,805,35,157,19,39,430,31,19,6,48,8,11,6,15,9,27,38,10,28,576,39,17,930,6,657,53,18,80,33,40,11,208,23,341,16,26,71,50,7,8,56,14,14,43,26,407,24,22,31,9,31,92,37,68,79,16,5,8,2312,108,211,39,28,23,42,22,47,21,25,17,16,26,7,16,16,23,68,12,11,21,2100,8,25,49,21,22,69,23,37,10,13,1,631,50,14,20,35,99,62,10,47,426,25,12,11,20,225,56,11,211,4,0,31,30,10,128,219,96,70,4,14,8,9,376,32,898,35,0,9,28,110,343,14,20,12,77,10,70,29,21,4,229,8,101,12,16,0,44,13,116,16,32,40,12,8,26,11,28,395,24,13,26,13,14,68,67,4,8,25,33,19,43,14,43,10,0,23,16,861,0,13,13,16,10,14,52,36,12,18,15,9,16,45,9,17,11,3,19,4,17,25,29,54,12,26,11,0,9,230,331,43,212,273,208,40,29,17,21,0,98,24,30,31,15,23,167,0,28,14,15,15,41,67,16,17,61,29,10,14,60,79,18,7,125,2423,19,19,17,21,26,62,368,20,24,148,5,0,5302,35,464,19781,1334,33,18,12,21,74,17,62,16,35,12,17,100,16,11,29,13,25,16,12,15,18,9,25,13,29,6,13,23,32,24,35,8,18,42,15,1,15,21,60,15,22,77,40,1120,HD
male_Q175_10m_2R,39,88,18,36,64,47,10,13,59,8,516,676,30,8,77,32,9,8,34,215,84,74,167,29,278,720,13,32,14,14,122,268,73,315,25,11,30,17,6,3940,6,56,23,691,64,14,28,379,9,24,465,22,16,1348,8,33,9,196,1,91,20,6,6643,12,116,396,71,167,12,15,32,8,29,56,74,10,11,23,9,127,182,19,44,192,263,18,76,1642,31,20,65,15,63,13,34,16,144,23,17,14,8,89,48,18,13,59,14,78,202,126,0,177,207,38,16,55,7,235,54,25,10,46,58,8,5,21,109,151,34,53,16,43,120,12,15,0,83,30,20,1,8,46,39,291,8,1265,42,23,44,35,33,7,71,8,114,8,7,90,81,81,33,107,423,26,388,13,41,36,24,2867,4838,5,33,27,533,20,798,10,268,14,67,656,157,15,17,401,13,70,55,10,1890,34,13,34,39,48,46,31,31,11,15,335,23,16,56,484,1037,36,108,13,23,2216,144,43,12,3,85,180,11,12,25,48,16,35,33,20,795,41,137,22,35,390,30,16,8,52,7,7,7,8,10,28,34,7,25,713,19,14,924,5,576,33,17,47,24,26,22,182,9,298,22,19,47,109,34,6,74,5,6,44,18,396,18,12,14,13,23,114,47,55,80,15,8,0,1599,132,176,35,30,29,37,7,36,17,16,9,8,41,3,10,4,24,70,16,48,24,1933,3,18,33,4,10,39,27,24,11,25,0,574,68,11,8,41,79,69,6,19,398,12,9,12,14,198,44,10,368,3,21,18,33,22,85,241,76,131,6,15,16,8,463,37,917,37,0,14,9,36,234,32,20,10,52,20,50,17,25,14,250,15,142,17,7,7,7,18,120,6,22,31,9,12,27,18,31,450,47,15,29,14,14,0,66,10,7,26,46,13,41,14,55,12,13,10,20,1279,15,14,1,3,9,25,31,72,28,11,9,18,27,16,7,6,10,9,13,5,20,22,0,42,14,27,9,10,16,88,391,21,296,696,202,29,25,31,25,25,99,25,27,60,5,12,159,49,18,10,9,21,35,89,16,11,39,19,11,12,60,56,13,9,98,1080,17,22,13,17,0,89,0,13,48,163,6,0,13535,23,0,13406,1369,19,7,12,24,0,23,6,16,28,12,9,100,4,19,23,5,17,7,8,4,8,11,34,8,15,0,8,18,36,157,26,10,11,36,22,1,10,20,99,10,19,63,36,1629,HD
male_Q175_10m_3R,29,79,20,42,73,78,12,12,50,7,593,571,14,9,51,28,19,23,45,120,56,86,288,32,296,747,13,15,13,20,107,339,58,345,27,5,14,13,22,3779,5,75,33,596,68,15,26,382,9,29,470,46,20,883,14,35,5,192,9,90,12,11,6697,12,104,372,77,222,16,16,33,21,26,68,79,9,5,17,23,183,302,16,78,257,251,20,54,1486,38,29,57,22,43,12,31,30,122,33,12,19,13,106,41,4,8,59,16,76,650,129,3,160,150,36,11,58,6,223,47,21,12,36,68,16,1,19,111,177,33,122,17,83,129,17,19,0,265,24,27,1,12,50,38,304,16,1425,37,36,21,33,42,8,81,11,118,4,12,103,99,70,103,93,494,22,365,15,36,54,25,2502,4326,15,37,17,412,14,733,15,693,10,91,713,179,15,19,382,11,16,51,20,2053,35,12,51,43,63,47,29,27,12,7,274,10,20,55,493,1137,22,108,19,12,2185,93,43,7,9,109,233,7,17,21,43,20,44,25,8,865,36,181,21,37,458,27,24,11,89,8,14,16,13,11,23,21,10,23,683,17,21,511,12,712,31,14,69,33,38,5,213,3,276,24,23,82,105,5,10,71,9,14,37,26,491,14,33,30,7,24,155,43,64,91,17,9,3,1970,92,182,28,21,25,48,9,41,5,12,19,9,36,12,8,16,19,40,26,12,25,2021,10,14,66,9,10,52,15,32,29,15,5,647,51,7,7,35,104,0,3,67,386,10,6,12,31,226,62,8,166,3,19,29,42,11,134,154,89,150,14,14,11,5,324,31,823,32,24,11,19,79,286,24,20,13,50,19,58,25,21,15,238,11,142,3,17,5,0,12,121,19,26,47,15,12,32,17,38,540,17,10,31,22,12,36,86,31,11,24,12,15,38,8,61,11,17,9,23,269,16,16,11,19,9,7,61,68,14,10,8,17,34,28,8,15,11,9,17,10,0,23,0,62,13,26,11,9,14,108,315,40,233,434,198,33,42,16,42,11,100,25,1,27,7,15,241,12,44,17,12,24,16,100,21,11,72,27,12,9,75,45,9,23,111,1402,13,16,17,27,0,108,0,19,27,52,1,43,13341,25,410,18158,1805,17,17,11,7,29,14,56,17,30,16,22,136,23,12,23,0,19,13,24,12,5,4,16,14,29,20,13,30,0,142,38,8,13,41,20,3,8,16,94,16,17,84,40,1336,HD
male_Q175_10m_4R,39,84,13,30,76,45,8,16,37,12,454,571,17,6,55,29,8,11,33,234,59,98,226,21,288,716,15,27,10,24,131,306,66,331,12,22,24,16,5,2353,4,69,24,821,64,16,8,428,5,35,407,27,13,1417,14,32,12,187,9,119,17,15,5419,11,117,458,93,122,11,27,29,10,37,48,71,11,19,15,10,189,301,14,41,172,258,27,64,1738,38,35,54,13,31,3,43,22,151,16,8,11,14,110,51,9,15,50,12,83,245,106,6,109,214,45,18,37,10,270,46,32,11,44,42,14,15,22,123,200,29,51,15,51,116,12,14,0,92,28,14,9,14,52,38,285,11,1397,39,30,17,32,44,8,76,9,126,10,12,104,81,73,84,105,566,28,314,6,32,44,28,2891,4637,11,40,13,504,21,702,15,283,16,90,824,244,6,18,395,13,46,44,16,1858,40,14,46,43,53,66,31,31,12,11,328,23,12,70,437,738,29,112,21,10,2457,120,43,25,4,87,181,8,13,37,46,13,30,29,23,801,31,158,21,28,513,26,28,13,77,10,12,10,25,10,33,40,10,16,808,27,14,1020,9,527,73,12,70,28,31,3,222,11,360,9,32,50,62,46,6,43,12,9,36,22,416,15,15,42,13,22,103,29,50,82,24,10,4,2173,98,224,55,22,24,33,8,24,24,33,12,21,24,5,14,26,18,41,14,9,30,2018,8,28,44,12,6,33,21,49,17,21,3,706,39,13,8,50,58,85,10,53,403,22,15,15,17,218,57,8,175,1,10,30,30,12,107,176,83,63,19,12,13,12,513,45,899,45,17,13,15,66,321,19,24,11,63,13,45,11,23,8,180,6,114,10,18,4,35,9,90,12,19,30,4,11,33,14,22,507,40,13,35,10,16,91,58,24,6,23,31,19,29,6,45,11,6,13,19,1052,24,11,13,0,13,22,38,503,13,16,10,28,19,25,8,15,14,10,13,4,16,24,0,43,21,24,10,0,14,292,454,23,194,299,238,28,37,35,18,14,96,13,19,44,9,19,44,3,13,11,13,11,19,67,19,12,24,33,13,16,59,98,11,18,94,1950,28,21,21,31,3,114,323,17,33,149,4,50,16871,25,593,42011,2653,21,8,8,9,0,22,11,17,16,21,17,172,22,11,22,14,14,11,19,8,10,9,51,13,17,8,15,31,0,97,27,9,23,43,19,6,24,0,89,16,11,66,50,645,HD
female_Q20_10m_1R,56,52,5,28,54,44,8,21,26,19,393,613,12,10,60,43,12,7,44,341,40,143,228,30,180,714,25,14,18,19,164,419,49,218,14,30,25,11,8,3220,7,106,21,805,100,41,26,575,12,12,347,26,26,1663,8,26,15,169,11,67,19,17,4568,34,150,435,131,113,21,33,50,9,43,36,60,14,15,18,3,266,361,14,51,178,196,25,103,1846,75,23,29,8,42,9,34,58,99,24,7,6,17,87,50,11,10,41,65,129,301,160,2,143,218,29,24,103,5,442,34,35,18,81,52,19,15,11,79,113,26,37,25,73,97,12,10,155,339,20,16,7,14,41,35,286,16,1058,61,23,32,43,24,15,47,15,145,3,10,63,63,62,151,339,575,36,254,24,25,42,16,2815,5566,7,24,19,587,23,838,11,350,27,186,1173,692,12,15,308,12,67,44,19,1291,0,27,53,46,50,43,47,42,6,12,603,23,21,94,241,838,41,24,24,18,3278,86,44,21,7,81,156,9,21,49,67,49,36,19,15,537,10,217,32,35,790,19,29,8,134,11,14,11,20,11,44,42,8,18,1413,10,19,876,11,228,89,8,95,27,10,6,234,8,329,8,26,41,53,21,8,47,14,14,53,36,597,44,15,35,15,33,91,9,120,62,16,11,7,3154,77,473,73,10,15,35,19,23,17,8,27,16,32,10,9,26,7,72,27,82,26,2829,12,41,75,16,10,34,11,91,6,11,11,1147,56,9,23,47,80,87,15,40,271,25,16,7,16,245,89,17,173,2,14,14,23,9,71,178,123,1,14,12,10,12,622,33,1240,45,11,18,32,67,296,18,24,32,82,1,76,21,24,19,174,59,106,7,10,11,36,8,151,15,59,42,16,14,38,35,26,779,33,7,14,28,32,106,76,12,18,44,69,21,36,14,42,9,53,17,27,889,28,9,10,15,12,8,40,45,25,11,8,9,43,20,15,17,27,9,17,14,5,23,169,34,28,42,7,11,12,261,600,29,272,113,401,46,21,10,26,5,93,11,12,34,9,9,0,17,38,12,17,25,28,60,24,12,25,32,53,49,47,136,8,47,69,2010,34,16,9,16,19,88,266,11,23,117,9,0,14485,24,322,5761,1388,16,8,14,21,36,15,6,12,43,17,14,86,17,8,12,33,17,19,14,16,7,15,61,15,34,26,16,17,42,97,24,20,18,25,23,6,19,10,71,12,14,86,25,1362,WT
female_Q20_10m_2R,69,63,10,17,49,49,23,24,31,15,434,681,216,11,661,29,5,10,29,158,32,127,150,32,165,531,16,17,13,9,150,361,49,268,11,33,25,22,3,4036,7,101,15,607,88,38,26,402,11,13,335,24,18,1393,5,0,14,164,39,61,15,20,4310,23,149,437,108,101,25,68,39,14,38,45,53,8,9,25,9,240,329,7,46,194,194,13,125,1858,56,40,26,14,552,9,40,37,106,20,11,23,34,67,59,14,14,48,16,128,374,124,1,162,186,37,26,109,10,273,30,44,17,53,78,10,16,9,91,126,22,151,23,60,125,57,14,0,111,21,16,6,15,48,36,271,11,1059,40,25,182,34,24,10,57,10,120,6,17,107,73,62,116,99,494,26,272,13,34,44,13,4537,5892,13,25,449,619,30,793,16,407,32,147,1091,580,11,16,352,28,93,40,13,1420,71,17,55,56,49,55,39,29,9,10,621,31,24,81,273,809,45,26,33,28,2689,71,33,7,9,93,158,9,13,29,77,40,36,21,22,585,29,166,22,37,758,29,20,11,96,6,9,13,29,13,31,50,18,21,1273,41,16,727,9,280,36,16,52,24,9,234,240,9,296,9,14,47,55,41,8,68,6,9,52,36,469,46,14,59,15,56,72,11,83,59,13,15,8,2926,77,430,64,23,16,39,63,20,115,20,22,16,30,5,7,13,14,85,16,92,36,2145,7,38,54,17,11,31,29,68,7,18,9,1090,85,14,20,30,78,73,17,22,344,25,15,11,17,219,102,20,127,2,0,22,18,325,67,198,124,1,21,23,14,10,467,22,1256,53,1,21,32,37,172,17,18,24,86,11,77,17,25,14,165,6,95,14,8,7,0,11,165,18,70,26,16,15,42,45,44,836,0,17,23,31,30,64,76,22,16,26,21,22,345,11,45,9,33,9,22,826,26,10,16,10,16,11,39,819,22,15,10,29,3,28,14,15,15,11,20,13,17,33,37,37,28,48,20,0,16,278,574,14,228,31,319,36,30,14,24,18,110,25,5,11,16,24,15,15,0,16,15,10,31,70,6,15,34,26,22,22,55,52,7,13,0,1361,20,30,14,22,14,85,373,11,31,73,5,45,48137,37,447,20491,1692,13,9,13,16,16,8,15,6,46,24,20,192,14,13,15,5,11,21,15,33,8,22,50,11,20,55,8,25,30,204,31,9,23,24,31,18,21,26,32,8,10,154,47,584,WT
female_Q20_10m_3R,77,68,14,13,44,37,7,20,50,13,414,376,32,5,126,30,11,13,301,338,30,141,226,44,230,775,27,16,11,20,205,511,44,201,18,26,67,9,15,2225,17,112,31,970,111,51,31,599,19,14,422,44,21,1001,13,45,18,146,23,73,21,19,4666,40,139,405,131,142,20,45,74,9,39,56,41,13,9,11,9,224,334,20,45,195,192,27,277,3603,52,33,42,11,105,4,33,46,122,15,14,22,25,99,80,13,8,40,16,106,417,304,9,139,182,37,8,161,4,343,20,46,8,87,96,24,10,6,86,183,30,50,47,73,114,11,10,150,433,18,25,10,18,45,71,565,3,1122,50,24,49,48,34,18,66,18,152,7,15,75,58,76,273,196,721,38,263,21,23,42,29,4909,3594,20,25,42,457,50,607,19,391,18,129,1042,690,16,18,334,58,254,64,25,1372,101,24,40,69,63,43,51,133,9,19,288,33,19,142,301,812,43,23,24,67,2607,70,27,21,2,87,186,23,23,43,208,34,58,29,40,619,26,241,48,25,824,32,14,9,111,8,6,7,17,7,35,43,20,19,2066,24,15,780,32,301,51,20,126,34,11,10,798,6,370,11,22,54,56,11,17,41,14,4,42,34,557,32,14,38,19,21,86,20,87,65,8,23,34,3111,90,460,53,29,18,31,55,27,14,15,25,16,26,4,4,0,26,56,39,5,41,2331,13,33,77,15,21,48,18,79,21,15,4,1485,102,8,22,44,63,67,68,24,304,11,10,10,17,361,77,10,364,8,20,8,28,37,93,0,101,0,17,11,9,14,259,31,1766,24,44,15,0,100,281,30,20,22,126,11,89,22,29,18,193,16,104,7,4,17,37,11,211,19,66,30,17,14,50,45,52,789,21,10,19,26,29,59,65,11,14,47,28,15,69,18,46,8,6,13,35,810,21,7,5,9,11,10,63,798,24,10,20,10,32,28,14,26,23,21,30,26,0,24,271,50,15,37,7,4,14,213,531,20,231,789,250,31,38,18,21,13,80,17,7,76,11,29,93,23,47,9,11,21,34,51,37,19,17,20,22,20,41,52,9,15,93,1368,34,19,9,20,16,82,153,8,42,164,13,20,3621,49,417,1226,1499,20,5,20,31,18,14,10,9,19,24,10,159,20,8,16,3,21,15,18,15,11,21,47,24,28,5,19,23,13,120,51,7,23,28,0,4,10,27,69,8,9,78,42,565,WT
female_Q20_10m_4R,48,52,21,21,48,37,13,17,34,8,374,596,212,15,477,30,7,8,41,376,53,147,224,33,152,596,28,19,17,19,113,329,48,254,9,41,38,11,7,2563,10,126,15,654,81,21,25,405,18,20,436,39,6,1186,7,27,7,167,34,56,21,20,4895,32,97,448,109,120,25,22,38,6,38,30,59,10,5,18,11,172,266,9,44,191,196,17,93,1889,98,24,30,16,557,6,29,47,118,31,10,18,28,130,64,10,10,52,17,124,284,220,0,179,153,37,21,87,15,263,28,51,12,82,68,13,21,12,83,114,38,126,16,67,122,53,10,0,119,18,7,12,13,33,53,219,47,1104,53,30,164,64,29,27,38,12,129,5,22,69,62,53,91,188,679,27,283,15,33,34,23,2726,7325,5,23,394,638,17,751,23,377,23,148,1047,703,9,15,287,16,67,42,7,1482,0,13,37,46,55,54,36,30,9,12,538,25,26,72,235,799,42,25,22,35,2810,80,21,8,10,77,142,20,27,40,70,39,28,18,15,616,17,154,23,31,865,22,12,16,102,5,8,11,15,5,29,45,17,17,1378,33,9,833,8,273,52,15,67,22,9,180,225,15,387,6,12,41,32,39,13,39,6,7,52,34,452,66,10,34,5,26,67,11,105,69,17,16,6,3012,89,472,76,45,22,27,65,24,108,18,28,17,38,5,15,37,27,38,16,189,24,2455,7,31,67,6,16,52,30,72,15,10,9,998,66,6,25,24,451,126,11,26,320,20,21,10,12,234,104,16,0,5,0,6,22,251,85,220,68,1,20,17,8,16,559,38,1057,34,31,10,33,50,680,13,26,37,92,11,72,11,20,11,228,11,121,10,13,22,53,7,160,22,62,38,11,8,38,21,48,837,8,23,22,20,24,65,103,6,17,38,26,16,294,29,51,10,15,21,31,564,10,10,11,20,12,6,30,134,12,9,9,17,36,26,12,11,28,7,16,12,6,22,0,39,20,38,13,0,22,158,547,23,208,701,540,22,30,7,33,16,69,23,20,51,9,0,173,23,26,21,12,52,22,53,17,16,13,30,17,29,52,77,10,18,30,1530,17,22,11,17,8,114,306,12,41,175,4,0,17195,37,0,2891,830,15,9,10,8,61,9,12,19,36,18,8,175,18,9,17,9,27,17,11,20,11,7,72,16,13,32,15,16,21,164,26,7,23,28,0,12,17,23,45,10,20,136,45,1274,WT
male_Q20_10m_1R,66,54,5,19,41,50,15,17,68,18,400,391,87,11,272,24,16,12,46,144,77,124,140,27,163,724,14,35,15,21,116,372,58,234,14,48,30,16,5,2285,7,106,11,541,82,18,23,380,17,9,364,32,23,466,14,0,11,167,19,51,22,21,5510,29,129,355,93,151,17,62,46,14,32,35,37,12,6,10,12,309,299,11,36,241,230,17,81,1576,36,22,22,6,231,2,29,44,97,14,11,15,16,74,45,9,17,43,16,89,75,106,3,194,139,38,20,105,15,334,35,30,18,92,77,6,16,11,116,108,24,66,15,51,144,26,11,0,136,17,7,7,20,42,25,226,11,1181,70,20,85,27,34,17,47,9,101,2,10,79,74,68,53,268,619,24,290,25,21,56,23,2197,4331,9,23,148,268,17,442,15,246,18,128,1060,453,10,14,298,11,51,40,15,1879,0,22,36,58,41,44,37,24,14,10,94,34,20,64,297,964,55,27,21,22,2640,66,40,21,0,73,158,14,23,38,47,36,29,20,21,687,32,120,16,26,676,24,17,10,74,9,8,9,27,7,35,51,14,12,1016,14,22,602,9,246,24,11,110,32,11,85,164,24,260,18,21,51,23,5,3,25,14,6,32,32,363,15,14,46,12,15,76,8,62,68,14,17,5,2898,81,358,56,20,24,29,28,26,43,21,23,15,38,4,12,15,12,32,21,9,29,2832,11,41,47,10,6,31,14,78,5,12,1,1043,64,19,17,38,62,78,12,7,343,20,16,14,31,215,101,10,198,5,26,14,35,86,83,0,66,93,12,20,16,3,204,35,957,29,0,17,6,76,59,20,25,27,107,6,55,22,22,21,162,7,93,7,11,0,22,8,182,29,72,33,18,12,35,22,45,647,15,15,16,17,31,0,106,26,10,23,33,15,133,19,46,14,33,15,18,739,17,7,15,12,7,11,49,45,37,8,20,14,53,35,6,5,18,5,16,7,27,37,0,33,10,26,8,17,16,171,634,17,129,960,235,36,31,16,29,7,89,20,7,37,14,14,23,27,26,14,15,0,27,78,19,18,28,26,29,21,52,49,8,27,129,1536,46,25,7,19,34,53,383,7,35,82,8,46,21075,33,261,7441,2084,22,10,12,3,27,7,17,9,51,21,14,71,14,15,27,9,28,23,4,14,27,4,52,21,30,20,16,18,30,66,33,6,18,28,20,12,30,35,45,10,12,108,29,1227,WT
male_Q20_10m_2R,68,61,14,13,34,39,19,37,46,9,367,568,240,13,505,23,8,9,39,159,42,160,167,23,176,630,22,12,9,16,125,337,40,210,16,46,14,17,4,2218,5,120,9,692,98,22,18,465,9,15,375,22,16,1211,12,76,3,140,32,56,23,15,4799,24,119,455,116,161,18,28,37,6,39,42,61,12,5,16,14,407,375,11,43,207,201,19,99,1818,57,30,30,11,533,11,42,52,94,12,8,24,15,70,42,9,14,53,17,127,373,142,1,140,172,39,22,97,16,250,32,34,12,71,66,25,8,20,57,142,28,101,17,67,117,57,11,34,492,15,13,4,17,32,34,276,33,863,50,25,196,42,40,12,35,9,107,2,26,92,66,71,73,109,778,34,336,13,36,32,15,6691,4689,7,17,375,516,34,691,17,444,25,120,946,538,11,22,342,21,57,59,14,1244,0,16,47,58,66,25,52,32,8,8,332,24,28,68,201,714,55,16,23,29,2750,82,25,11,13,74,162,14,15,48,50,39,21,21,13,533,27,177,35,37,809,22,13,12,111,3,11,9,11,6,41,34,17,19,1506,14,9,635,14,201,30,18,65,29,11,231,164,36,377,8,19,64,46,40,8,55,8,4,44,36,431,33,11,36,4,28,73,15,84,69,17,22,3,1912,77,397,88,18,43,29,48,15,123,18,19,4,39,6,8,8,13,74,16,98,19,2705,1,27,80,1,9,44,33,76,5,13,8,705,81,5,9,36,78,0,16,107,277,22,12,7,5,267,69,3,286,1,12,7,23,288,54,270,75,58,14,28,16,20,361,32,1206,36,23,15,14,13,405,14,11,40,105,6,45,1,23,5,176,16,85,16,4,7,38,5,88,9,64,37,9,14,35,28,50,795,8,15,28,17,17,0,99,7,14,42,25,11,391,21,57,5,25,22,16,774,20,7,6,11,12,15,44,74,21,9,21,21,32,33,15,11,19,6,15,9,14,24,0,29,13,26,13,1,7,68,639,13,179,88,533,17,26,15,25,25,77,16,9,44,8,24,120,32,20,12,6,18,25,50,8,7,6,14,21,8,41,46,7,26,111,522,20,18,7,13,23,62,457,6,40,119,8,28,9005,29,203,2291,1096,17,6,17,0,0,8,8,14,29,14,7,111,16,4,11,22,20,8,18,7,4,11,35,9,15,74,11,22,41,99,49,17,20,28,0,12,8,0,50,15,12,138,25,1527,WT
male_Q20_10m_3R,81,62,18,29,56,54,7,21,59,19,480,344,223,8,470,37,12,24,48,265,44,139,193,22,154,651,21,24,8,19,119,369,49,227,27,49,21,19,8,2701,11,140,14,678,69,39,25,526,11,19,370,38,23,625,12,28,18,225,45,61,19,25,5188,33,154,379,141,184,21,44,38,26,49,44,62,21,12,13,12,179,453,14,55,209,212,21,113,1649,55,30,26,24,491,10,27,69,114,18,7,18,31,99,46,12,4,35,13,114,388,146,4,189,153,40,30,129,2,366,28,41,12,89,86,9,15,9,114,144,36,95,25,90,140,63,11,28,235,17,13,10,23,26,35,304,29,1155,59,19,157,46,43,16,52,7,137,1,21,59,63,91,167,286,680,36,277,26,36,56,23,2256,4055,8,25,402,326,35,504,21,539,18,156,1158,793,10,13,305,17,49,64,20,1634,58,21,60,59,45,49,52,26,16,18,136,37,22,103,300,974,58,30,26,45,2945,77,39,21,11,103,207,8,15,44,58,32,30,31,20,630,30,156,15,24,786,29,16,16,124,2,11,16,21,7,40,51,16,20,1281,18,7,739,12,255,47,13,126,33,13,184,251,18,337,16,24,44,37,34,6,30,9,9,38,44,578,33,15,68,12,27,107,10,69,54,21,17,6,3580,73,429,60,26,21,35,53,28,100,14,16,19,33,10,19,15,12,47,38,133,40,2888,6,31,52,15,16,55,20,86,14,5,17,1272,82,15,28,36,131,99,14,17,311,23,21,10,17,259,123,11,121,3,16,21,16,286,95,147,59,79,14,21,8,12,291,39,1039,40,32,18,19,48,343,25,16,29,104,8,72,15,25,22,184,13,93,13,10,4,45,16,151,25,56,26,12,20,35,32,39,748,22,13,14,21,27,95,94,19,13,40,44,25,268,16,39,9,34,18,36,683,13,15,27,14,14,11,36,239,23,11,13,11,16,30,10,16,19,12,21,14,35,44,83,39,23,32,14,14,12,211,544,21,173,580,257,62,20,10,23,20,73,23,5,31,10,25,49,11,26,23,12,26,32,66,30,14,27,20,32,12,72,86,11,44,133,1259,38,29,8,16,25,113,315,9,16,103,7,54,13216,43,141,17081,1892,22,3,18,23,0,14,15,21,19,19,16,63,12,11,19,15,31,21,19,21,21,11,47,12,29,13,21,19,12,95,40,20,18,25,0,9,38,12,44,13,13,82,30,848,WT
male_Q20_10m_4R,77,66,18,22,42,38,13,10,43,10,341,451,21,9,59,26,21,15,41,102,34,172,248,27,201,695,20,27,16,25,171,394,49,224,10,15,22,19,11,2050,8,121,17,858,81,42,38,475,20,14,351,29,12,1182,10,49,18,173,12,64,20,18,5486,26,146,369,94,211,20,58,68,12,42,42,59,9,3,22,9,314,402,14,85,183,217,17,159,2071,47,36,21,14,45,11,28,42,95,22,8,14,12,85,53,7,9,50,12,101,538,143,4,149,213,30,16,116,13,356,30,38,9,56,77,16,18,10,97,159,18,70,20,77,83,7,9,0,149,22,9,10,14,41,43,403,12,1131,47,31,33,30,32,14,49,12,153,7,9,72,54,88,173,305,534,24,286,15,26,36,16,2895,3896,11,23,13,395,37,603,18,469,19,137,993,670,16,19,332,29,85,64,15,1377,62,12,46,49,54,58,36,46,12,13,310,33,29,125,308,864,52,29,21,65,2979,90,30,14,11,81,193,12,19,37,155,30,35,22,32,593,18,192,22,22,813,31,19,12,158,11,10,10,20,10,50,38,19,17,1941,24,14,1254,11,245,44,14,90,34,14,7,380,22,324,7,19,74,31,27,6,30,10,8,64,50,555,33,20,43,18,22,89,15,96,68,16,20,3,3060,87,413,57,14,30,38,12,26,21,18,22,10,34,6,14,36,25,64,65,10,31,2818,13,30,50,13,12,50,17,65,18,15,9,1031,70,9,23,35,54,75,12,40,339,19,14,13,25,248,89,12,53,6,0,17,34,11,93,203,88,74,9,28,9,10,376,32,1170,34,33,15,34,57,93,11,19,19,111,7,69,21,30,15,245,8,85,10,12,11,46,11,97,22,52,22,10,12,37,35,43,851,19,21,24,19,22,0,77,10,8,42,36,17,66,18,49,10,38,26,20,765,25,6,12,12,16,11,31,219,24,10,12,14,28,36,8,27,24,11,27,34,21,39,0,37,13,36,8,17,22,252,618,24,193,551,289,28,33,19,25,10,87,14,3,20,18,17,66,26,50,18,10,18,27,61,14,11,14,26,22,10,34,73,6,6,101,870,23,29,11,15,10,30,141,9,32,103,10,39,28773,25,279,13283,1150,22,10,15,25,24,9,18,11,28,25,16,139,9,9,13,0,17,6,11,22,24,13,47,18,30,27,20,22,14,95,32,6,26,25,13,18,22,15,87,11,14,117,32,1019,WT
female_Q80_10m_1R,57,63,12,16,33,62,6,15,66,12,503,510,17,8,55,17,12,12,157,112,46,101,102,32,179,759,19,14,10,17,221,383,38,274,17,16,32,17,7,5442,19,105,13,536,84,36,37,557,8,16,405,28,10,818,14,24,29,199,9,76,25,19,5172,23,117,359,113,117,17,84,89,31,30,54,58,7,10,18,5,259,406,13,32,198,210,29,230,2819,69,33,21,9,46,5,40,47,112,22,7,13,8,58,41,15,7,38,18,96,767,250,5,232,164,46,21,87,7,250,31,52,7,68,97,21,7,6,74,108,31,65,37,80,198,10,16,0,221,19,17,11,17,44,63,454,15,1165,35,23,38,42,38,25,41,30,140,19,6,94,72,83,185,271,716,45,291,21,40,67,26,2567,7142,5,13,16,573,44,865,17,835,11,130,933,532,18,15,339,20,114,49,13,1835,66,13,53,54,58,59,36,46,13,12,457,10,16,122,299,1221,35,31,35,97,2249,75,21,8,18,81,205,13,16,37,159,30,30,29,18,705,13,173,31,58,743,33,24,9,118,8,5,7,15,9,35,42,13,26,2822,27,19,427,22,283,11,30,60,32,11,4,393,16,215,14,20,34,105,19,18,54,13,7,55,27,557,56,21,40,10,23,87,21,80,50,19,16,3,2528,77,435,59,25,21,33,15,27,5,15,16,10,48,8,11,0,19,63,73,19,28,1901,16,15,55,13,9,48,15,52,19,21,7,1353,88,13,13,41,93,0,23,62,389,13,9,6,26,283,135,7,200,13,39,16,30,3,55,246,63,61,8,14,8,8,311,43,1460,51,0,13,8,58,274,22,13,23,61,10,122,8,23,6,193,13,169,10,12,12,19,14,74,14,103,39,4,10,32,58,35,1074,6,20,14,14,22,84,86,12,8,30,20,20,30,16,71,13,51,14,18,1127,0,13,8,11,11,1,72,39,13,8,19,34,27,33,13,13,21,11,15,14,8,15,0,42,18,46,11,13,5,229,461,47,268,40,269,27,37,25,19,13,70,25,28,47,6,43,452,11,38,24,10,16,24,72,19,15,12,31,19,4,44,27,20,0,79,778,26,21,9,12,13,82,111,13,34,149,5,0,20259,52,237,3181,2173,16,17,6,21,0,16,69,13,38,15,14,165,9,5,24,7,16,17,37,20,12,7,66,13,18,48,16,22,21,76,30,5,19,33,11,4,10,8,54,10,14,62,42,1377,HD
female_Q80_10m_2R,77,67,18,31,38,55,20,20,67,9,469,771,336,10,955,17,16,21,51,175,43,121,184,33,159,795,19,14,10,27,183,351,50,249,17,50,5,25,5,3151,11,110,19,1132,59,28,24,586,11,6,404,20,14,2213,15,63,17,198,53,56,9,15,5856,36,120,685,72,266,14,63,58,20,36,45,60,6,11,12,7,192,356,12,92,317,218,29,105,1636,38,40,30,17,895,13,50,71,108,17,16,14,20,90,41,24,25,65,13,131,358,109,4,169,338,35,14,91,14,322,34,43,17,71,59,14,9,7,107,166,38,250,13,81,185,78,14,0,98,22,19,13,11,58,31,273,26,1137,44,30,265,40,31,14,43,15,139,9,20,80,67,64,100,203,413,46,309,14,43,59,22,2924,6847,6,16,706,608,28,872,46,426,32,166,1132,704,18,19,324,17,64,86,14,1602,0,14,50,51,63,40,56,28,15,14,720,25,26,81,279,1085,57,27,22,45,2446,93,43,38,13,100,188,13,17,49,67,35,20,24,15,647,35,146,30,41,907,36,24,7,136,7,11,13,18,11,31,37,18,18,1715,25,15,1212,12,251,84,11,87,17,12,363,186,19,318,12,19,86,57,9,2,104,16,10,29,26,444,28,19,51,51,33,79,2,91,50,22,15,7,3081,107,461,78,24,37,34,143,47,149,16,17,15,55,3,16,12,20,125,46,76,17,2491,10,19,52,18,15,77,30,69,5,10,18,1082,74,16,16,44,82,156,10,29,354,14,14,15,19,205,96,6,180,2,33,18,41,476,102,219,1,102,6,25,18,12,600,32,981,83,22,11,0,72,649,13,29,44,84,11,83,28,14,15,220,16,129,20,10,2,21,15,131,14,71,52,14,12,21,25,27,852,38,14,22,26,30,35,97,6,7,25,34,14,504,13,58,14,0,15,20,911,9,11,9,11,12,11,43,155,20,17,14,7,19,37,9,12,27,5,15,13,34,21,0,28,17,20,12,28,10,237,608,25,284,674,368,33,29,26,12,14,95,22,10,55,14,6,16,26,16,12,9,14,33,89,11,12,65,21,20,41,59,139,10,28,120,3565,43,19,10,21,12,68,266,16,33,120,13,46,16965,26,321,15682,2029,25,10,6,29,16,22,16,13,29,19,14,155,5,12,18,12,13,7,9,24,28,11,76,14,46,19,9,29,34,89,32,6,15,26,0,21,21,0,84,11,13,120,36,1119,HD
female_Q80_10m_3R,61,53,11,26,35,50,10,21,77,16,465,722,26,11,86,33,11,16,44,183,57,132,112,23,165,818,18,20,10,14,119,344,44,207,21,18,19,19,3,3816,6,98,20,805,70,29,21,389,16,16,374,37,13,1416,13,30,16,200,8,76,15,18,4642,28,108,462,85,135,17,57,51,14,34,42,49,8,11,18,13,289,256,13,44,221,189,19,94,1641,34,24,30,9,82,7,37,39,101,23,10,16,29,100,38,17,13,54,18,109,175,117,6,163,231,39,20,88,8,279,29,32,12,68,57,18,9,8,75,140,16,66,8,48,129,8,21,0,124,20,13,9,13,50,34,215,11,1118,45,34,50,36,37,8,39,13,107,4,14,98,86,70,63,114,480,52,299,21,34,50,23,2772,7655,18,27,31,651,15,923,8,374,15,117,985,477,16,11,316,11,65,41,20,1675,50,19,43,53,55,67,35,31,10,18,659,28,16,48,310,1082,46,34,17,29,2235,80,30,18,5,85,209,13,20,38,79,35,38,32,14,680,24,185,34,50,866,20,23,7,75,5,14,12,28,9,28,44,10,13,1192,44,18,795,9,282,18,14,76,24,12,12,238,18,235,11,29,59,102,38,24,70,12,9,40,47,373,24,18,39,11,72,85,9,89,68,23,11,6,2941,77,327,55,29,41,44,18,32,8,29,23,18,43,7,16,21,18,40,29,11,23,2042,9,24,32,12,8,34,22,76,18,8,2,966,47,16,17,39,68,41,13,50,434,19,13,12,21,243,107,9,204,6,18,11,34,28,81,216,0,75,17,18,16,15,409,35,991,39,8,19,29,39,213,22,12,22,97,13,68,11,22,12,210,18,154,9,18,6,27,13,102,18,71,60,12,10,24,30,33,746,31,8,22,11,26,60,76,15,8,20,13,12,43,28,50,14,7,15,16,1289,10,14,25,10,8,20,66,49,9,24,13,12,35,36,13,17,17,3,8,13,10,25,0,32,15,32,8,8,13,200,591,52,302,947,200,38,44,21,23,9,95,19,9,30,10,16,332,15,40,9,13,29,18,71,13,8,22,24,16,2,79,41,13,16,170,904,26,19,12,15,0,74,315,8,33,222,8,51,18523,25,127,3541,2147,25,13,7,23,0,8,62,19,28,17,24,228,9,10,29,8,27,13,9,18,5,11,29,21,31,18,12,19,36,89,29,6,14,32,0,9,17,20,50,16,15,79,35,1322,HD
female_Q80_10m_4R,53,71,18,22,35,71,8,24,90,7,478,537,13,10,46,38,17,14,40,226,40,157,152,37,173,477,22,20,12,20,137,316,49,165,17,15,14,16,5,3290,7,129,15,1497,87,35,23,431,7,27,356,27,19,1535,12,29,14,215,7,73,24,19,4910,27,131,406,115,178,11,47,36,22,37,46,53,15,14,24,18,281,479,14,40,200,216,18,108,1990,45,26,23,15,38,9,35,38,115,14,21,16,12,137,45,8,8,43,24,121,296,155,2,220,367,33,19,93,13,247,33,39,12,75,77,11,23,14,51,150,33,52,25,63,162,7,14,0,273,11,14,15,15,42,41,298,5,949,70,43,32,29,34,14,58,23,116,1,8,80,76,67,101,74,477,53,323,21,36,32,25,2424,5804,8,23,8,473,31,730,11,394,12,150,1028,600,11,9,317,15,66,80,14,1387,0,17,39,51,59,43,33,27,14,23,392,17,23,47,305,1067,51,21,21,22,2558,75,33,18,8,103,259,14,27,29,54,31,31,27,33,575,23,142,13,29,837,33,11,14,128,7,15,8,13,10,33,36,21,9,1213,24,19,1584,17,253,31,13,137,18,12,8,215,33,212,17,29,56,55,14,5,52,18,9,45,33,443,29,7,59,18,32,110,14,72,58,23,13,5,2433,64,456,61,15,20,38,16,34,15,13,14,11,50,6,12,32,11,37,24,15,22,2489,5,29,61,6,12,52,24,81,4,5,5,1048,78,14,15,50,69,0,8,115,288,20,14,12,5,284,96,7,0,4,12,14,35,14,62,188,63,1,11,18,15,14,344,29,1208,52,0,10,8,73,102,27,14,28,102,9,95,14,35,9,202,19,125,9,9,9,21,14,188,10,54,34,8,12,33,31,53,717,0,12,30,21,29,91,90,9,14,45,25,15,26,16,40,14,41,17,32,953,0,13,14,10,8,5,75,189,24,13,15,19,37,33,13,16,14,6,13,12,14,43,0,43,21,19,14,12,20,0,639,39,254,185,211,58,37,24,20,14,94,28,22,68,14,22,268,18,22,11,8,30,28,94,18,8,27,23,26,13,80,84,15,0,116,1130,17,25,7,18,17,15,103,14,23,134,8,38,8750,43,254,12389,1418,26,14,4,24,0,13,39,17,17,29,16,90,9,9,20,16,19,10,18,15,36,8,42,8,25,29,16,21,17,24,34,17,24,32,13,15,14,11,75,16,11,131,37,1129,HD
male_Q80_10m_1R,49,54,8,25,40,47,11,24,39,7,455,898,18,9,49,15,9,3,30,130,49,108,135,26,160,648,19,17,13,11,184,301,45,232,15,17,15,15,5,5096,15,89,15,878,62,22,26,348,10,22,378,29,13,1802,10,68,34,179,10,96,15,17,4078,29,99,533,108,103,17,82,52,15,33,31,57,7,15,18,12,208,360,3,43,195,204,21,86,1742,40,18,30,11,36,5,63,23,118,21,9,9,19,89,48,20,14,37,12,107,110,114,9,198,294,34,15,86,3,231,33,25,18,59,60,12,21,14,80,116,23,35,14,51,116,7,20,33,125,26,15,9,12,40,39,189,23,1180,27,13,38,35,18,15,35,16,113,15,13,109,81,64,63,175,451,45,289,18,26,57,15,2405,8361,12,22,23,655,15,971,15,383,35,134,1193,515,12,10,329,9,27,35,23,1628,40,13,37,46,92,60,45,16,15,11,694,18,16,47,310,1002,59,33,24,58,2409,82,23,11,9,98,192,15,23,22,44,33,20,26,7,545,18,134,59,61,803,29,27,14,54,5,20,11,14,15,27,45,9,17,1634,23,16,935,5,353,23,13,65,19,9,6,149,7,207,7,19,45,75,0,10,98,13,14,27,30,371,8,22,40,25,39,105,8,98,66,24,15,4,2873,70,366,44,17,30,40,6,38,5,14,32,15,39,6,27,8,12,91,44,10,14,1829,13,30,53,9,7,24,28,66,16,12,0,1025,61,8,13,33,112,0,3,69,319,22,12,10,28,183,112,26,195,1,35,15,29,12,69,128,109,69,7,19,16,15,471,45,803,44,15,12,5,63,548,19,18,33,116,15,60,20,14,13,196,13,141,3,16,13,65,15,109,20,78,59,13,21,23,20,36,855,38,7,20,30,32,68,73,12,20,26,27,10,17,26,58,11,0,9,33,741,16,13,12,9,10,7,54,268,15,10,6,13,4,34,15,0,23,7,14,15,6,25,0,63,11,49,5,0,13,0,723,58,465,80,375,53,40,10,21,5,92,24,12,19,14,0,45,19,35,21,7,16,20,79,18,16,38,41,29,6,74,61,10,15,91,1074,28,15,7,16,27,105,0,16,34,244,11,31,16824,42,507,8124,1733,25,22,12,20,24,18,63,13,7,21,15,114,16,9,27,16,20,20,5,24,23,12,95,12,19,17,13,23,11,91,34,20,14,28,15,10,8,16,44,20,16,88,58,1226,HD
male_Q80_10m_2R,55,66,15,21,42,45,9,31,74,8,440,820,30,12,137,24,11,13,46,181,32,109,128,32,178,1019,13,20,8,18,112,384,60,257,12,22,47,22,3,3169,9,92,25,1151,78,23,28,346,9,18,539,30,13,2046,13,50,19,159,6,69,21,10,5001,30,85,595,89,141,25,46,58,12,29,45,58,8,8,24,8,243,258,9,38,249,211,41,110,1810,198,25,23,15,91,7,40,29,93,22,12,14,10,119,58,9,14,64,8,125,257,206,3,127,336,50,16,91,7,221,42,25,8,70,74,18,16,7,99,140,37,99,16,56,144,16,20,0,312,28,22,3,16,45,51,215,49,1430,42,29,48,25,23,25,65,12,103,4,11,88,74,74,91,30,728,47,314,18,34,57,30,2616,7201,16,24,63,716,27,926,12,338,18,127,908,575,23,8,350,32,62,39,8,1700,0,15,31,61,84,53,35,52,10,13,771,37,11,38,289,921,43,42,30,29,2074,58,36,8,3,84,221,7,29,43,91,52,23,32,32,579,22,127,80,48,786,29,20,10,85,13,11,11,25,8,29,36,18,15,1191,23,23,1194,13,312,36,10,72,23,13,24,362,10,189,9,30,56,59,10,11,75,12,14,40,27,333,64,13,49,21,22,92,9,81,69,13,8,14,2673,79,388,40,23,32,45,177,26,30,25,25,8,32,10,10,25,22,108,37,199,28,1602,8,26,57,9,9,42,22,79,5,16,0,893,48,14,23,42,86,86,16,21,341,19,24,12,22,192,97,11,231,4,30,21,35,41,88,198,95,70,12,8,15,7,515,40,741,45,13,13,10,8,602,26,18,36,99,8,65,20,20,17,198,25,129,8,8,23,40,9,124,15,72,50,16,10,31,24,56,701,39,18,20,30,15,0,75,13,11,26,17,15,68,25,58,10,0,21,27,712,25,10,8,16,15,22,69,38,19,18,8,24,48,32,15,15,17,19,12,17,13,28,177,45,23,19,7,17,11,271,598,56,374,312,254,30,38,5,22,17,97,34,8,39,13,9,95,35,8,15,14,18,25,53,17,9,35,32,11,14,60,63,14,15,108,1007,29,13,12,13,16,117,0,16,40,229,8,62,17600,40,443,9055,2356,14,17,12,33,27,13,81,5,25,19,25,167,9,9,23,0,16,14,4,11,18,16,73,10,16,23,19,37,33,148,29,11,12,25,21,12,14,21,37,8,14,49,42,1445,HD
male_Q80_10m_3R,38,51,12,24,43,54,13,16,43,9,422,762,141,7,403,23,11,19,33,197,42,104,106,27,164,640,21,22,11,29,150,309,54,279,19,26,39,16,3,3382,13,84,29,787,72,29,21,483,7,16,348,43,5,1438,19,79,35,192,37,86,20,24,4644,35,93,436,74,173,21,44,63,12,38,44,37,12,9,24,16,247,367,13,69,299,195,16,106,1712,33,34,18,14,468,15,36,26,113,25,14,10,26,88,38,18,11,41,14,103,461,119,7,133,231,41,15,69,7,211,28,58,10,45,63,14,8,15,69,121,36,173,20,78,160,24,16,37,100,15,16,5,14,49,41,297,5,1185,28,40,120,38,24,19,35,28,118,10,15,100,76,74,114,35,654,34,332,11,26,43,29,2605,7661,17,25,278,562,30,796,29,561,18,125,948,503,11,13,349,12,50,59,10,1544,66,15,51,55,50,51,33,30,10,16,491,14,18,54,295,981,26,30,12,36,2079,74,35,13,8,75,187,10,16,33,73,41,35,26,14,691,24,153,25,34,817,44,19,6,134,5,8,8,20,9,27,28,9,16,1605,24,21,1172,8,282,22,15,46,15,5,150,239,22,240,11,21,59,41,23,15,58,14,7,35,30,433,20,22,38,16,35,123,11,79,45,12,14,4,3120,67,317,55,23,19,35,31,37,77,18,25,7,45,5,13,21,21,51,53,8,17,1812,10,21,54,14,17,58,20,74,15,15,10,957,45,11,23,40,93,0,10,74,351,32,11,13,24,212,111,7,74,5,32,12,34,201,76,213,80,35,11,13,19,7,399,36,1062,38,0,15,0,49,82,11,19,28,84,20,104,21,20,15,218,9,135,11,7,11,27,19,134,15,82,33,17,15,29,30,30,903,0,16,24,15,23,113,88,23,11,27,25,15,221,26,42,15,0,15,29,1486,23,18,15,15,13,19,55,77,12,16,15,13,18,44,10,15,11,5,4,5,13,15,81,42,21,26,10,11,12,81,468,57,188,833,239,40,38,13,12,5,84,25,11,40,12,13,137,18,14,18,15,17,26,71,16,9,25,34,19,13,68,44,12,9,135,1056,24,18,13,21,22,75,69,15,24,183,2,42,9975,22,316,20568,1563,25,28,11,2,0,11,65,16,39,14,11,138,15,11,13,15,14,12,17,19,22,18,53,11,40,34,11,25,16,84,21,5,22,30,0,5,21,9,36,12,17,82,34,1318,HD
male_Q80_10m_4R,64,68,22,30,45,59,11,19,92,14,584,909,28,4,71,14,22,27,82,388,35,171,225,42,133,622,26,17,10,37,203,326,64,262,14,35,26,15,13,3787,13,167,31,788,78,34,39,736,15,7,426,18,12,1574,15,0,24,217,15,55,18,14,4893,40,124,476,102,212,13,36,33,16,54,43,66,3,10,26,10,162,260,8,93,243,193,25,204,2378,85,43,50,21,65,7,41,63,84,28,10,10,10,102,38,17,6,44,6,158,354,140,3,131,241,32,8,92,9,376,26,36,14,88,78,31,8,5,114,131,35,68,28,57,219,6,14,34,83,29,14,19,16,58,50,378,6,1366,63,37,38,49,58,22,63,9,170,6,7,53,76,89,260,146,519,52,227,12,23,53,44,3445,8470,6,19,34,709,37,1008,8,447,59,200,1288,1069,17,24,268,17,87,69,9,1251,0,6,74,62,68,46,52,35,6,11,570,27,18,77,224,1026,31,17,26,33,3116,143,41,23,22,69,187,7,17,31,179,47,35,12,27,519,12,154,56,78,1254,26,25,10,210,6,12,13,21,8,44,28,9,36,1662,14,9,1083,16,155,510,12,44,24,12,12,424,17,458,9,17,42,79,9,12,83,8,7,59,18,588,16,13,49,41,37,112,7,102,58,14,9,11,3419,87,585,72,18,31,35,46,19,22,21,22,30,33,8,13,33,18,53,15,15,15,2734,8,49,46,11,7,57,52,57,4,12,21,1572,64,18,14,45,32,233,12,171,265,12,27,12,25,259,108,13,0,11,0,18,36,18,132,148,7,4,12,9,10,14,1101,48,1481,122,12,11,35,66,123,16,18,36,89,8,129,12,23,13,184,13,192,3,16,12,17,23,102,13,69,44,8,18,32,66,33,1148,18,16,17,13,16,220,85,10,15,35,3,22,43,37,48,11,0,11,12,494,16,24,10,14,6,9,30,57,4,12,3,13,19,25,12,14,23,6,13,13,24,24,75,40,12,25,7,28,8,267,435,29,209,119,680,23,22,15,30,12,78,15,28,0,8,4,9,18,37,10,7,5,24,44,11,5,38,31,15,406,42,518,10,25,163,4003,13,23,14,21,17,116,430,19,18,47,19,0,13228,35,368,2077,2418,13,9,15,17,0,7,10,23,23,14,23,252,13,4,21,0,18,15,18,12,8,12,83,11,33,25,10,25,37,59,23,6,17,41,0,0,0,16,40,10,16,103,47,1256,HD
female_Q92_10m_1R,182,57,11,26,52,43,16,22,47,14,390,782,10,15,161,28,26,28,68,244,54,157,114,28,180,718,11,29,15,22,214,384,61,245,18,36,40,23,7,2154,11,107,17,653,70,33,21,494,9,21,440,43,8,1653,22,39,132,166,8,138,20,26,5111,36,99,456,78,130,23,56,316,9,32,45,62,13,9,20,14,330,349,6,62,191,202,23,526,2036,28,23,26,24,28,7,41,39,113,28,7,14,8,106,59,11,17,70,14,113,403,254,69,89,205,44,21,83,14,301,31,34,14,64,72,23,7,16,52,114,23,57,15,83,105,6,16,177,320,30,14,11,15,39,123,386,9,1290,44,20,48,38,45,20,60,33,130,16,14,90,84,83,272,338,464,38,337,21,25,52,38,2663,6737,14,23,13,533,26,803,16,353,28,133,1017,601,17,16,359,102,231,43,14,1529,87,18,62,38,78,41,38,97,10,17,606,31,18,100,378,866,36,48,16,133,2328,95,37,10,7,92,193,14,16,17,410,45,41,28,47,617,31,145,123,33,932,40,26,13,89,6,10,14,17,10,37,38,13,25,2174,29,8,839,6,287,55,17,66,30,10,10,1022,20,285,11,20,38,68,1,23,47,7,8,34,25,424,31,10,61,15,15,122,10,85,69,28,20,2,2807,84,429,41,20,28,34,14,29,9,22,15,7,47,11,7,28,22,47,77,186,17,1786,11,17,48,3,15,44,31,72,31,13,2,1144,82,15,6,26,48,102,14,31,348,20,16,7,29,236,97,10,132,75,26,13,33,5,70,213,0,69,17,28,16,8,517,46,1122,39,9,14,0,69,162,20,20,30,94,9,56,14,24,14,180,13,84,8,13,30,22,17,107,10,57,26,11,10,41,41,37,923,41,8,24,9,25,322,62,7,11,26,45,16,23,21,60,10,28,7,22,461,46,25,9,10,8,22,51,22,3,11,6,18,17,40,9,1,22,28,10,45,10,28,51,34,23,37,8,21,8,284,556,56,286,524,368,39,33,13,28,0,121,18,16,52,7,11,0,2,0,11,13,14,22,95,17,8,10,33,21,7,40,72,15,14,132,1020,26,18,9,28,28,121,295,21,51,83,30,0,12604,37,105,31398,1466,14,20,13,9,7,13,84,13,32,11,21,179,14,10,17,13,11,7,11,25,3,7,43,6,21,33,11,17,14,60,29,15,7,25,24,10,28,14,38,10,13,99,57,1248,HD
female_Q92_10m_2R,58,80,22,26,52,38,8,19,48,8,401,472,12,8,52,14,22,13,39,168,67,135,307,20,208,788,13,30,7,21,96,333,65,228,16,21,24,16,1,1606,6,74,26,581,57,29,23,401,12,19,346,31,17,1000,15,27,10,172,9,58,14,17,6099,29,102,476,85,208,13,33,37,13,38,37,45,12,10,26,12,178,251,13,110,287,256,33,103,1527,46,19,24,19,55,6,16,39,106,23,22,13,8,116,37,3,24,38,8,110,91,127,1,107,142,50,16,81,10,250,24,29,13,79,49,12,7,15,109,136,34,73,20,46,185,8,8,34,321,14,13,6,21,64,26,199,30,1429,55,35,38,23,38,13,78,6,107,6,5,66,92,79,56,42,451,33,408,12,34,52,41,2416,4766,12,24,27,346,36,604,5,279,17,168,1164,760,15,9,372,6,53,74,19,1626,56,15,20,55,46,38,55,16,15,15,268,38,27,26,325,792,60,56,13,13,2403,95,33,21,2,96,181,9,19,39,41,42,29,24,31,530,17,99,43,28,822,16,24,8,85,20,14,19,14,6,41,45,8,16,898,19,10,650,7,256,120,21,69,24,14,6,135,36,384,9,20,59,105,8,9,96,16,12,30,21,289,10,28,34,14,26,80,8,69,86,20,5,9,3230,93,492,53,16,44,33,19,26,20,24,16,15,39,8,6,0,19,62,12,16,28,1930,6,30,52,10,12,70,29,75,20,17,0,1283,44,14,15,38,94,92,24,41,339,17,34,16,26,220,99,9,226,3,0,21,33,12,95,216,91,187,14,33,13,5,495,34,886,45,17,21,28,69,389,24,14,41,98,7,60,22,16,10,208,14,85,17,13,8,67,7,58,14,63,22,14,10,31,27,37,649,0,10,31,12,34,0,65,21,14,27,28,20,29,24,38,6,14,26,22,957,19,15,14,16,13,13,38,33,19,14,12,14,3,23,2,2,21,1,12,6,26,42,187,37,19,28,14,24,9,211,726,27,145,685,417,38,31,23,21,15,93,20,34,8,9,0,91,22,22,10,17,35,21,99,6,5,92,20,21,51,67,193,7,0,56,2515,14,27,7,13,22,77,411,13,26,232,10,62,48142,20,302,33938,1232,17,10,5,10,14,15,13,8,20,14,22,145,9,10,12,9,17,8,8,13,9,7,45,20,50,0,9,27,0,93,21,13,19,28,0,22,17,8,94,9,9,142,34,1186,HD
female_Q92_10m_3R,64,61,21,28,39,49,5,32,62,12,393,532,17,6,62,22,34,21,40,134,44,137,193,18,153,1038,23,26,12,25,110,352,59,231,23,26,24,14,17,1647,10,107,20,834,95,37,34,463,11,13,407,33,19,955,15,0,17,195,13,57,19,19,5420,32,122,519,109,227,13,34,48,9,38,35,61,16,7,13,13,171,396,17,85,250,236,28,114,2056,244,30,24,18,37,7,40,43,126,29,16,12,14,153,58,10,6,68,12,109,358,171,0,149,162,38,18,90,14,334,42,23,11,80,68,26,23,8,96,135,22,65,20,67,135,7,24,0,387,16,17,7,16,51,31,279,11,1284,39,42,27,44,34,23,51,4,115,1,6,70,61,92,153,80,497,27,367,16,21,54,37,2618,6206,10,29,8,433,28,472,12,377,18,144,1087,707,15,17,340,21,63,50,15,1602,59,14,40,35,57,55,41,35,9,13,293,15,18,51,329,913,36,38,21,24,2370,80,34,21,19,76,224,10,32,34,59,28,28,20,23,646,14,143,26,49,879,17,22,12,128,13,8,10,18,10,23,44,11,17,1411,17,21,1416,7,255,65,19,89,24,10,11,243,11,386,15,26,69,50,7,11,57,9,16,42,34,538,35,17,45,14,32,112,13,75,70,24,11,8,3180,84,384,53,20,19,40,203,37,29,16,21,18,31,3,14,25,19,67,26,19,23,2274,9,24,60,12,5,53,20,72,12,13,13,1115,53,5,18,64,70,50,23,78,373,19,15,10,32,265,126,7,137,3,34,9,32,3,87,165,0,64,11,15,17,11,409,34,1038,46,20,25,0,84,223,17,15,23,97,12,68,11,28,5,209,12,86,21,7,12,38,15,120,20,59,38,10,16,26,37,37,773,66,14,24,21,28,141,67,14,12,34,32,16,39,20,38,11,26,12,26,988,8,9,17,13,13,13,56,238,18,12,8,11,34,32,7,0,19,8,4,7,35,20,0,47,18,27,9,11,15,161,529,42,192,689,319,33,32,24,20,15,105,30,24,21,17,19,105,20,40,13,12,14,18,57,15,8,31,37,25,16,51,119,18,12,145,1063,21,21,18,19,18,110,403,13,25,95,5,42,59288,30,431,39719,1230,23,22,13,12,37,7,76,7,21,12,15,205,12,15,21,0,17,20,19,13,11,13,38,17,37,7,22,38,23,65,39,16,20,27,0,12,15,31,53,12,25,86,32,955,HD
female_Q92_10m_4R,50,65,18,26,54,49,13,28,68,16,399,591,14,11,33,22,17,23,31,360,55,127,247,25,186,740,19,36,13,21,131,386,51,292,9,12,26,13,7,2141,6,135,16,1022,91,26,29,419,16,20,388,23,14,1537,20,0,21,181,14,66,17,23,4891,24,107,436,100,169,19,40,30,9,28,38,46,16,8,21,17,174,404,13,74,187,191,21,100,1727,38,26,23,19,42,11,31,44,105,12,11,19,17,84,42,16,7,48,13,113,276,119,0,111,256,44,19,97,5,330,33,36,16,89,48,18,17,8,85,152,30,53,12,59,115,13,12,31,234,30,16,13,19,33,25,300,8,1209,54,39,30,40,28,13,57,21,139,4,12,85,95,91,93,210,553,34,351,20,42,46,34,2393,5932,14,37,9,506,33,764,16,357,21,125,1034,652,14,21,416,14,62,53,19,1433,0,18,37,39,50,40,43,24,12,11,451,21,11,55,307,893,63,37,22,25,2525,68,24,25,6,89,226,16,30,25,52,38,43,32,29,610,30,179,24,23,839,39,21,13,133,6,18,12,18,6,44,56,11,14,1161,20,18,1374,8,261,59,18,77,26,15,5,214,12,297,15,30,57,51,19,10,39,15,9,29,36,488,26,18,63,15,61,108,16,81,84,13,17,11,3429,75,439,54,27,26,51,13,37,18,23,26,7,28,1,19,14,29,45,26,15,22,2001,3,19,68,11,13,70,28,84,13,12,8,1145,64,11,17,43,49,53,14,34,299,23,20,15,16,247,116,12,211,2,23,29,23,7,88,219,66,1,15,30,19,5,536,33,1031,53,17,10,19,53,15,28,13,31,104,10,75,23,34,10,244,9,81,12,15,3,0,18,196,18,64,34,17,15,33,24,35,732,6,14,21,12,23,0,68,9,6,43,35,23,31,9,51,11,14,18,25,747,23,17,20,13,14,4,62,24,14,16,8,26,18,24,19,0,23,3,7,14,50,27,0,36,10,31,6,0,19,201,589,66,253,477,309,20,43,15,23,0,113,25,25,27,10,40,77,3,43,13,16,10,30,103,19,14,17,29,21,26,82,76,17,0,54,1282,29,27,16,18,39,95,241,10,23,78,7,24,13554,26,181,19370,1745,25,14,14,34,114,22,72,12,29,26,15,193,15,11,19,11,25,13,16,17,24,17,62,16,31,21,17,23,0,49,38,9,28,35,0,14,10,4,84,10,19,76,38,1260,HD
male_Q92_10m_1R,72,75,14,37,31,56,9,24,49,18,625,954,20,10,37,26,8,8,33,201,59,138,148,28,203,741,21,33,8,20,96,336,62,270,24,19,20,22,3,5567,6,85,21,902,77,30,21,389,14,18,389,38,12,2045,6,0,25,209,7,66,19,17,4854,26,120,513,101,90,27,50,42,18,25,45,45,7,10,25,8,175,297,8,38,154,217,28,87,1898,66,25,31,13,27,3,55,44,107,14,6,12,16,107,29,7,10,52,27,96,138,112,0,170,297,38,18,115,1,331,35,51,15,91,56,14,15,6,82,138,21,45,24,63,153,4,18,36,307,23,18,9,15,35,23,185,16,1321,41,28,28,35,37,10,63,9,124,8,10,81,76,59,76,468,472,46,305,22,29,78,26,2550,7223,23,25,8,749,17,1196,14,266,30,152,1185,534,8,19,353,7,36,40,19,1736,44,15,32,64,86,60,40,25,16,8,862,29,27,44,365,1044,41,40,21,26,2696,90,27,14,5,84,170,14,25,26,37,36,32,25,14,591,17,168,65,65,704,30,22,12,87,7,8,9,14,8,23,40,19,14,1066,18,13,1020,15,296,50,12,79,21,12,4,169,36,234,16,20,33,75,45,5,70,15,13,31,29,423,27,15,42,16,37,94,9,110,84,26,10,5,3052,73,446,65,27,30,43,14,27,15,23,29,17,43,4,16,22,19,39,18,17,16,2121,12,27,48,15,13,44,16,69,17,10,1,1175,81,15,18,41,77,89,13,24,374,10,16,5,35,211,105,8,134,5,39,12,27,14,82,179,55,88,13,16,16,10,705,43,857,59,19,12,7,55,116,15,16,30,86,10,41,8,26,16,215,17,205,6,10,10,47,14,75,16,77,27,14,8,30,17,35,693,39,10,31,14,28,45,69,22,14,26,22,20,29,24,55,10,7,9,27,1622,14,16,15,14,15,18,36,56,15,9,10,8,35,35,12,0,6,6,22,6,25,24,46,33,22,25,7,5,23,295,601,29,375,650,308,36,31,10,26,13,116,32,5,28,6,8,71,13,16,12,16,25,24,88,25,16,13,27,20,14,46,95,14,0,0,1044,30,29,7,15,15,145,512,16,27,133,5,0,26333,29,585,15803,1444,15,13,3,24,0,13,18,21,50,16,27,147,8,7,15,16,12,17,4,23,15,10,99,18,17,16,14,21,10,51,37,6,21,27,28,20,0,0,101,15,18,146,38,1352,HD
male_Q92_10m_2R,50,106,23,41,46,56,12,25,118,14,1063,866,172,20,416,34,3,10,38,248,41,144,118,28,141,592,22,32,11,12,99,251,61,281,50,31,9,11,1,7570,7,107,14,786,98,23,28,437,7,20,452,31,15,1509,7,40,12,201,26,64,24,16,6142,32,121,648,135,155,22,37,32,21,28,59,84,14,8,26,14,308,324,9,29,246,257,24,80,1641,33,24,33,9,348,3,86,51,89,14,31,16,17,82,57,8,29,54,9,104,369,119,0,194,365,43,16,82,9,275,23,32,21,88,60,25,14,16,73,128,29,144,16,84,312,53,5,204,184,19,16,7,17,52,39,219,16,1107,51,24,102,41,45,11,65,10,99,2,16,97,88,86,62,222,460,47,384,10,28,63,20,2934,6789,8,19,284,857,22,1444,13,565,22,155,1178,652,13,14,314,12,36,68,10,1744,0,17,37,45,113,29,45,34,9,10,444,17,20,46,373,1694,31,34,27,17,2803,62,29,19,5,88,215,14,8,44,66,43,31,33,27,687,28,120,101,171,902,24,41,3,101,8,9,7,11,8,29,51,17,22,1315,15,21,626,10,245,70,16,64,21,13,125,182,11,170,15,22,44,122,16,4,136,16,8,32,36,427,29,14,49,24,104,114,12,86,75,19,10,0,2001,96,410,58,16,32,37,31,25,76,20,10,8,158,5,3,8,14,48,34,8,24,2279,4,29,50,7,10,52,23,89,4,15,5,875,64,11,9,46,60,102,11,56,359,24,8,14,12,227,72,5,278,1,24,20,38,207,54,153,57,109,13,14,12,7,667,33,1065,93,7,16,11,50,185,20,14,39,116,14,47,10,22,8,208,21,265,12,9,4,23,14,129,16,59,90,5,5,24,32,34,752,11,16,27,29,21,74,102,11,4,31,38,15,270,33,50,7,0,20,25,1128,39,13,14,9,13,14,59,47,5,7,15,22,8,25,5,0,26,3,7,16,29,24,117,33,20,27,8,5,9,117,610,31,709,1262,350,17,23,34,19,8,85,27,25,13,11,0,60,8,45,3,17,16,14,72,11,7,36,21,17,22,53,101,4,52,106,1603,19,27,11,17,29,0,310,7,27,36,12,0,18226,15,0,9827,1530,16,15,7,24,33,11,54,13,48,9,14,122,16,9,20,15,16,12,12,11,7,11,70,15,62,31,9,17,0,116,29,9,14,38,0,24,0,0,39,7,10,146,26,1503,HD
male_Q92_10m_3R,65,67,11,25,56,53,11,17,55,13,394,594,13,11,46,25,12,9,134,162,44,143,130,16,226,662,28,33,9,17,149,385,59,207,15,20,23,15,20,2221,11,109,29,1478,112,26,23,474,11,11,358,45,16,1851,9,0,15,164,13,65,14,12,4861,33,139,554,123,127,18,65,72,15,36,39,52,6,10,21,11,230,469,16,33,164,209,18,182,2666,41,20,29,12,31,7,24,28,107,16,17,15,16,96,53,10,22,28,10,100,405,157,8,130,406,36,14,110,11,273,37,48,7,66,73,17,12,9,76,178,21,28,37,69,102,8,11,33,328,16,16,16,14,40,45,379,9,1086,55,33,25,34,39,23,59,11,151,13,10,67,81,74,116,193,495,40,288,28,26,51,21,2909,5220,15,14,12,574,31,812,6,452,21,121,857,593,10,12,369,17,69,36,17,1459,0,17,54,53,57,55,32,47,17,18,566,16,20,114,345,825,33,39,17,34,2494,100,23,12,9,91,156,14,20,47,110,41,29,33,29,557,11,187,18,43,838,22,17,11,158,6,14,9,16,12,42,37,13,23,1917,28,18,1340,17,293,39,15,110,27,9,0,251,14,327,12,31,43,45,12,9,55,16,12,64,29,466,25,23,49,13,92,65,10,84,88,16,12,1,3333,82,498,66,33,30,46,6,23,14,21,30,11,36,3,11,5,20,86,37,9,32,2016,15,25,79,10,8,42,26,81,21,10,9,1258,73,12,20,31,39,0,24,74,317,21,19,10,22,318,114,10,177,3,34,10,30,8,61,265,129,108,15,19,12,7,440,35,1399,20,31,12,5,107,132,23,24,27,92,9,84,20,18,14,231,6,81,9,11,22,43,12,208,8,45,43,11,12,49,29,28,798,64,10,21,21,12,106,73,25,11,51,46,13,34,16,58,8,0,10,27,797,23,8,12,12,14,4,41,447,15,20,15,8,45,24,15,15,29,7,34,4,27,30,0,53,26,28,12,9,19,190,588,20,313,990,239,28,40,21,22,13,110,22,19,31,10,13,71,22,36,15,7,28,22,109,16,11,30,25,17,22,58,59,16,37,89,2857,20,18,18,24,36,12,141,19,40,102,9,0,8995,43,187,859,2420,21,7,11,28,40,19,17,7,22,15,16,122,11,11,19,13,18,13,19,13,12,13,37,19,23,24,13,19,0,89,31,13,8,28,0,11,0,10,73,16,20,44,44,674,HD
male_Q92_10m_4R,87,82,23,23,40,51,14,31,47,13,494,1019,129,9,297,31,22,21,41,316,66,163,139,21,183,810,20,27,13,28,112,381,63,293,19,22,24,13,3,4095,3,115,14,1622,76,20,16,379,16,26,442,28,12,2559,10,0,9,193,26,68,16,18,6679,31,104,851,83,272,33,45,34,11,41,44,43,15,9,18,12,218,277,10,111,209,235,23,47,1529,88,28,38,24,368,17,94,49,118,21,15,16,13,105,47,17,19,61,23,111,85,115,3,131,591,42,14,123,9,327,27,33,9,95,60,24,14,14,109,141,32,151,16,53,124,19,12,103,216,15,14,7,19,47,21,170,16,1291,44,30,118,38,31,9,70,13,92,4,16,75,83,77,62,377,479,47,333,20,40,80,24,2260,6652,12,21,215,644,25,1097,16,272,29,157,1118,610,17,13,363,5,20,95,14,1600,72,13,48,48,100,50,44,26,14,10,965,35,23,43,425,1161,44,52,29,12,2627,51,34,33,3,105,238,13,17,43,35,41,40,32,20,599,26,139,47,67,789,24,29,6,90,11,18,12,25,10,50,37,4,21,978,28,16,1626,8,289,51,9,94,28,12,103,179,12,205,13,31,107,93,20,7,85,11,11,29,43,417,21,19,40,17,25,83,8,94,79,18,17,4,3442,95,377,44,24,51,43,83,29,60,14,15,16,52,8,11,27,22,49,16,13,21,2258,7,35,58,9,11,77,22,84,28,16,3,999,67,8,2,40,115,106,15,9,378,11,20,13,28,201,102,9,210,15,9,11,31,195,118,170,86,64,14,20,9,9,724,33,841,49,4,15,23,69,404,23,11,31,114,12,70,23,21,14,208,9,149,18,9,0,21,10,90,15,69,51,14,15,36,12,27,614,31,9,26,16,32,62,60,14,17,26,18,17,209,13,57,11,30,11,25,727,23,3,12,9,8,10,72,274,20,22,4,27,10,32,6,8,24,4,9,9,17,29,0,38,17,26,14,0,13,320,651,73,609,1307,297,32,32,28,21,6,115,25,4,37,7,16,12,14,25,16,9,22,34,89,8,10,26,35,23,5,30,84,18,38,35,708,22,18,8,14,27,73,396,18,29,118,5,69,15780,26,209,7322,1590,25,22,12,14,0,20,82,15,30,19,14,193,15,13,15,13,11,13,9,26,7,9,65,12,47,18,14,26,10,53,29,12,18,26,0,14,13,15,50,9,18,138,30,934,HD
female_WT_10m_1R,65,46,15,19,37,40,15,20,49,9,412,465,152,7,438,36,5,10,66,95,49,128,204,18,171,618,21,25,14,13,190,375,62,227,22,47,20,10,23,2940,5,105,16,1011,88,40,30,542,12,21,317,24,16,1526,13,0,10,179,16,71,22,20,4382,29,158,513,133,95,25,57,37,18,52,35,60,14,10,12,14,242,406,17,29,167,181,17,132,2624,48,42,33,4,525,4,44,50,84,28,5,12,24,55,57,15,12,42,12,107,442,175,1,164,255,33,16,120,4,295,31,44,14,91,73,16,13,9,48,128,28,77,44,75,117,35,10,217,244,18,9,8,30,31,51,386,4,956,44,33,154,28,44,18,38,6,157,8,17,83,87,68,180,180,622,25,249,20,37,47,21,2456,4805,5,10,326,492,39,846,12,446,26,100,1008,748,14,8,291,25,49,48,16,1271,77,10,75,63,71,46,49,44,7,10,497,35,20,92,266,737,50,32,28,38,2865,66,30,15,17,69,179,10,26,40,97,37,24,38,21,525,19,196,27,49,819,58,18,8,184,2,17,15,20,16,49,48,12,20,1651,25,16,888,22,241,25,13,126,27,7,166,279,10,373,8,18,19,57,22,8,59,9,7,72,49,626,33,12,51,10,24,77,19,90,63,16,19,10,3438,74,440,76,21,35,32,40,26,73,17,18,7,37,8,15,18,13,17,29,60,17,2401,13,29,53,13,16,45,14,97,20,17,15,1299,81,4,5,26,89,86,23,16,302,18,9,8,18,324,113,15,148,2,35,12,30,230,53,209,0,116,17,18,14,13,373,42,1485,32,6,14,6,65,72,18,25,27,97,6,113,10,28,16,173,12,98,14,8,8,55,18,68,23,73,52,17,18,44,33,43,829,36,20,24,27,16,18,81,0,12,40,25,19,258,5,52,4,0,26,38,856,12,10,8,1,8,12,50,36,13,20,10,21,62,20,14,18,17,7,33,9,24,25,82,41,22,38,14,2,19,275,737,15,288,675,276,42,27,27,33,15,77,19,5,44,7,41,99,22,51,18,7,14,31,75,17,15,14,26,23,18,42,59,12,24,108,943,32,28,16,13,29,0,307,18,30,75,3,42,44953,36,139,23890,1619,19,4,16,4,109,12,13,8,31,25,16,159,8,8,9,22,18,20,28,22,27,13,99,16,22,13,19,26,35,70,35,7,14,35,16,10,0,23,45,8,16,98,39,1362,WT
female_WT_10m_2R,56,70,16,23,46,41,17,32,46,15,424,550,66,20,169,30,14,3,186,183,39,136,278,34,162,652,41,17,11,10,202,426,34,222,15,23,102,21,22,3122,19,121,11,792,93,56,37,670,12,13,338,38,12,1377,16,36,19,167,14,65,17,23,4106,42,157,381,109,97,16,42,52,13,38,30,57,13,5,14,8,293,432,14,49,175,215,20,186,3158,41,39,24,5,192,9,45,51,80,12,9,16,23,127,61,9,5,24,13,152,652,223,2,188,205,30,20,107,11,293,32,42,15,64,86,7,17,9,107,132,25,64,40,96,127,27,8,41,244,14,11,12,20,34,54,495,7,1057,63,23,65,39,20,15,42,9,186,10,10,64,68,54,221,22,480,39,286,19,24,44,23,2694,5444,9,24,103,516,29,842,8,584,44,158,1220,947,11,9,284,44,83,40,20,1338,0,11,70,61,54,28,34,50,11,19,620,38,16,114,251,791,47,33,22,30,2782,68,28,13,17,76,186,13,12,32,138,26,29,24,21,571,24,221,21,24,922,20,23,13,185,4,8,14,30,7,50,48,14,10,2019,13,15,930,25,222,45,12,76,20,5,39,376,28,394,10,23,33,65,73,8,49,1,9,52,36,591,23,13,48,13,22,93,21,97,70,14,20,12,3608,76,579,63,19,17,48,30,37,38,14,26,20,38,15,9,13,12,44,58,13,42,2629,7,36,61,20,17,37,21,80,21,13,25,1691,68,9,11,44,83,59,33,54,270,25,15,9,16,350,109,5,0,2,19,13,37,72,74,218,152,86,13,23,14,13,464,40,1639,28,34,13,17,4,181,11,16,28,75,10,119,11,28,13,179,11,115,5,12,4,38,19,126,12,57,16,20,13,39,42,27,939,28,16,23,24,30,125,93,1,16,36,20,27,111,15,48,4,20,16,27,736,49,12,23,0,13,5,38,152,24,10,5,16,33,26,13,2,20,19,23,16,17,33,49,41,14,35,11,0,14,209,558,22,192,48,435,64,17,14,22,7,75,14,16,0,11,2,86,38,27,16,14,24,26,70,14,11,35,27,23,30,48,77,13,0,99,1805,34,24,11,21,26,81,319,20,33,94,1,46,8599,41,586,32302,1722,21,5,14,17,14,17,14,11,27,20,15,176,19,8,19,10,22,10,24,11,14,7,108,13,16,57,25,27,21,81,41,9,20,39,0,10,7,4,57,19,17,105,30,1196,WT
female_WT_10m_3R,54,72,19,28,41,49,12,22,47,13,450,745,9,10,49,29,10,13,35,261,68,183,250,30,195,708,27,22,18,21,102,282,52,282,28,27,84,15,1,3808,8,134,14,641,78,26,31,357,16,14,373,12,17,1662,8,60,14,159,8,63,26,20,4895,30,105,382,100,137,29,40,37,7,51,44,46,9,6,15,9,64,235,13,42,157,191,27,97,1688,39,22,23,13,29,1,40,47,97,23,10,16,12,101,43,10,10,39,13,106,111,137,2,152,161,30,15,108,9,394,30,37,12,84,82,14,8,18,104,124,19,41,7,56,132,5,21,0,229,27,13,5,14,46,34,163,8,1132,47,19,34,45,27,18,51,23,107,5,7,93,60,66,34,217,706,34,270,26,26,52,20,2645,6877,9,24,13,676,18,884,14,344,22,177,1311,696,16,13,278,13,27,40,14,1437,0,14,36,54,61,45,47,39,9,7,633,43,28,56,279,942,45,27,26,24,3293,62,24,18,3,70,175,9,10,37,41,49,26,19,23,593,23,132,17,42,855,12,26,6,80,7,14,20,14,6,40,41,12,14,1180,19,12,1039,18,270,49,5,61,26,16,3,180,17,304,9,16,40,43,29,16,54,13,9,23,37,484,21,15,48,16,58,80,8,103,73,20,15,2,3087,91,445,66,10,28,34,10,21,9,14,26,19,22,4,10,9,24,37,16,17,31,2794,4,28,59,15,14,41,21,74,5,16,1,1333,69,14,10,39,73,89,15,12,307,23,16,6,17,177,101,15,163,3,38,16,27,7,86,187,86,1,9,17,16,6,535,36,837,38,0,18,9,33,159,16,22,35,114,12,45,9,27,10,193,9,130,4,5,15,76,15,109,28,81,36,14,18,30,27,38,769,0,13,25,19,29,0,89,23,14,26,22,13,30,19,56,7,0,15,38,1089,13,21,10,3,18,7,43,927,9,15,22,12,44,14,14,7,20,4,24,14,3,27,0,45,24,33,7,15,17,180,665,22,186,1279,269,19,27,19,27,10,86,18,14,13,20,25,50,13,24,8,9,24,35,72,19,19,10,20,24,36,30,78,4,18,169,1808,26,9,14,10,17,127,327,10,27,65,9,70,10910,34,409,4090,748,15,7,9,6,0,12,6,12,55,21,16,77,17,10,17,27,20,16,7,15,23,13,88,14,9,9,8,18,0,78,35,16,16,24,0,19,19,24,70,12,12,142,19,354,WT
female_WT_10m_4R,78,65,16,16,61,50,10,37,42,13,488,417,23,13,72,24,16,12,46,309,47,191,183,39,173,661,24,30,9,17,129,384,49,160,21,34,23,12,1,3082,9,143,20,1001,73,25,22,473,13,23,343,24,13,1338,7,0,12,164,16,58,24,25,4960,43,138,463,139,176,24,48,33,5,45,48,68,13,10,14,8,300,348,16,67,201,195,20,81,1721,40,28,27,14,72,4,35,64,98,13,14,14,12,91,55,8,11,35,11,130,111,124,2,158,307,36,16,117,9,486,31,40,9,103,79,12,13,20,87,125,22,78,11,62,165,5,12,0,151,18,15,7,23,47,30,219,9,1009,65,20,40,34,36,15,48,22,135,0,13,48,69,54,61,390,588,37,288,22,25,38,21,2266,4279,9,21,22,425,30,746,12,343,48,163,1318,710,13,12,338,15,21,62,11,1313,0,20,51,52,56,29,42,24,8,12,328,46,34,52,256,829,69,35,21,17,3415,78,37,20,2,77,186,14,28,42,43,50,23,24,31,467,20,132,25,28,891,25,20,13,131,4,10,8,22,4,38,36,15,17,1156,8,17,1082,17,238,136,21,76,35,10,16,228,18,340,8,23,61,50,62,5,53,15,8,45,41,506,10,23,63,20,18,73,12,79,77,18,20,8,3113,89,545,65,11,36,34,25,29,27,14,25,17,33,7,4,22,10,54,11,62,31,3376,12,40,60,5,13,45,16,85,7,9,1,1392,49,11,25,35,56,93,13,38,293,16,29,10,27,244,109,8,294,1,26,14,27,26,84,175,0,0,9,13,8,8,454,30,937,58,8,10,0,23,179,11,22,24,104,8,49,12,29,11,132,8,139,1,5,14,25,12,136,15,61,42,14,14,48,23,34,694,89,7,24,15,29,178,71,10,8,41,33,15,25,20,35,13,0,15,24,1050,29,14,12,1,16,15,37,38,21,12,13,5,21,31,14,11,29,5,22,7,14,35,62,42,25,41,14,8,16,126,660,27,236,178,380,35,26,21,21,22,76,13,33,49,14,36,11,29,42,11,21,20,39,73,15,1,35,20,25,25,23,145,5,13,167,473,10,23,4,17,60,87,246,14,46,115,4,38,26589,30,554,15022,1765,12,8,12,16,86,13,9,12,36,17,16,96,20,7,18,15,26,16,10,22,21,14,65,14,27,15,14,21,18,89,22,14,18,31,14,8,22,13,24,10,23,132,38,1245,WT
male_WT_10m_1R,63,62,9,21,41,50,14,32,57,10,490,486,119,16,269,32,9,9,26,154,43,167,242,25,155,662,27,10,13,10,127,354,46,200,23,43,23,14,3,3393,8,159,27,854,87,24,35,444,17,23,357,17,22,1404,9,0,10,146,13,55,18,16,4369,24,129,406,121,82,18,32,50,22,41,36,65,23,13,29,6,281,360,9,33,173,197,29,73,1732,59,29,26,13,326,3,33,42,89,16,10,18,16,82,57,10,11,42,38,123,205,119,1,172,235,39,21,91,13,348,19,29,14,70,62,11,8,15,111,122,24,89,15,66,129,35,10,0,182,16,11,10,25,44,42,271,18,1032,55,17,124,42,17,16,41,11,121,3,14,72,83,39,88,301,589,30,287,15,26,40,24,2961,5176,10,19,268,546,27,802,17,366,23,171,1217,658,11,7,315,13,41,43,13,1407,0,14,35,38,64,35,46,16,7,21,374,27,23,58,291,835,51,30,15,24,3134,52,22,18,18,72,192,15,22,24,39,35,26,16,27,503,24,168,26,43,882,26,22,8,105,3,8,7,38,8,35,36,9,23,1263,16,17,866,11,281,62,21,56,32,13,98,206,9,259,11,10,40,80,35,11,67,2,11,32,40,423,25,17,50,29,31,78,9,98,66,14,10,3,2925,102,440,87,15,22,31,55,33,67,13,33,11,36,11,6,29,16,29,38,120,22,2714,8,27,76,13,5,34,21,83,0,8,8,1125,60,7,9,52,352,92,7,36,291,29,17,6,19,226,98,13,192,1,0,13,19,162,67,163,30,42,8,17,16,9,452,31,967,54,13,11,25,31,284,18,16,34,72,7,80,8,25,17,176,47,132,6,5,13,30,8,95,17,58,38,13,10,32,33,43,724,27,14,18,18,31,132,82,1,7,24,19,27,185,10,40,9,0,19,24,194,0,11,8,3,19,15,44,60,31,13,9,9,41,33,14,14,16,13,29,19,2,36,86,23,23,25,13,17,14,192,599,21,195,657,387,58,25,16,23,6,66,26,18,25,11,40,44,17,42,16,7,30,32,73,21,7,33,23,24,11,33,106,3,9,119,1216,21,24,7,10,27,87,479,13,35,170,6,34,17965,38,409,16894,1995,8,8,16,19,75,13,7,9,39,17,18,102,11,13,19,16,16,17,7,11,18,9,100,18,23,44,21,17,29,119,26,17,18,29,11,17,11,21,51,9,8,137,30,1412,WT
male_WT_10m_2R,58,66,18,23,40,50,8,24,64,15,562,446,23,7,46,27,15,12,46,211,38,150,160,49,161,651,20,23,10,20,142,367,40,216,20,33,30,8,10,5102,9,128,11,654,97,39,28,474,11,18,353,22,17,1065,10,46,15,180,11,61,18,19,5509,25,135,347,116,162,18,51,42,11,43,45,61,12,8,23,6,346,407,9,68,237,220,17,114,1762,43,26,27,9,37,8,31,67,101,19,8,11,15,84,44,13,18,53,16,110,263,132,1,209,154,33,12,112,8,399,33,43,18,78,74,22,23,24,92,140,29,31,20,58,152,9,12,0,398,14,18,13,22,37,29,272,11,1161,62,34,32,40,24,12,44,11,134,8,8,92,84,61,98,240,657,38,310,23,18,47,24,2792,4520,8,24,22,518,23,863,16,388,28,135,1323,618,16,12,302,8,58,53,15,1626,0,14,47,48,59,40,47,33,5,15,305,25,24,88,303,1135,40,28,23,21,3217,70,38,22,4,70,169,12,22,32,69,38,27,29,25,571,24,195,28,54,867,22,16,16,122,1,5,18,23,9,38,38,14,13,1631,28,13,899,13,272,53,17,64,41,12,10,202,18,319,12,19,48,92,26,8,89,14,8,53,34,542,47,16,47,34,24,78,9,87,53,13,16,3,2849,88,436,79,21,26,23,13,28,22,13,23,11,41,6,15,0,13,31,32,68,18,2953,13,20,67,8,13,42,19,76,10,10,4,1130,71,8,17,57,81,73,7,33,350,19,17,7,22,278,114,6,201,5,0,17,31,12,82,161,70,86,15,23,15,11,383,31,1150,62,3,13,33,59,228,16,28,38,111,6,71,14,21,14,201,27,157,8,13,20,70,15,133,13,68,42,18,19,34,31,43,820,38,18,18,13,32,87,98,13,11,31,28,20,52,11,43,9,14,18,20,1221,50,10,20,3,13,0,37,180,5,15,13,9,29,21,15,10,27,5,28,10,5,33,0,32,18,24,11,1,10,251,627,26,228,470,323,48,37,26,28,15,80,23,18,54,16,26,104,13,33,14,13,0,28,63,13,15,14,23,33,10,58,73,8,16,94,1269,23,19,15,16,18,33,574,12,42,124,6,24,13361,20,418,7401,2233,19,13,3,8,67,14,14,13,33,25,6,168,10,5,16,9,13,13,13,21,13,11,47,15,39,18,8,22,18,13,33,13,28,33,17,13,10,23,68,10,10,109,26,1211,WT
male_WT_10m_3R,96,42,16,11,45,41,15,21,67,7,336,382,9,15,85,44,24,26,229,369,52,117,169,34,278,751,31,31,12,21,219,483,40,180,17,30,46,19,18,1931,13,99,30,679,105,56,27,600,8,11,322,23,17,869,11,73,22,167,15,58,18,17,4764,31,156,416,140,190,26,54,37,9,39,51,59,16,12,12,9,343,365,19,71,208,157,27,342,3308,78,30,31,16,42,6,27,54,123,23,7,15,24,96,60,10,11,38,11,123,517,253,8,163,162,34,17,115,4,328,35,58,10,85,104,10,12,15,104,154,19,51,57,68,109,8,11,0,60,10,23,19,20,40,94,561,12,997,47,29,40,54,44,22,57,10,172,8,7,73,41,47,238,442,679,41,283,20,29,45,36,2885,3633,16,24,7,379,41,501,18,336,22,131,945,743,9,24,373,67,201,61,18,1171,0,16,63,60,45,47,42,92,12,24,263,34,24,151,295,852,49,30,18,77,2540,70,23,11,12,69,173,26,35,36,241,29,36,33,48,583,20,270,25,13,738,22,19,11,125,9,9,20,24,12,34,67,12,15,2113,23,15,480,31,247,46,13,132,38,7,5,796,6,351,8,25,56,41,26,9,27,10,9,66,27,601,41,15,76,17,26,90,20,79,73,18,17,28,3630,84,635,41,16,17,26,39,41,20,17,26,19,31,11,4,12,20,100,49,74,34,2410,16,38,46,19,10,61,16,73,17,8,5,1692,111,12,10,36,82,71,53,39,329,23,21,11,18,356,113,10,0,11,40,19,26,11,97,240,95,86,6,18,12,8,290,27,1710,40,17,25,12,65,258,11,15,21,116,7,119,11,37,19,189,13,74,10,18,22,68,10,181,15,62,21,8,13,50,40,46,842,0,10,27,22,38,75,64,5,13,49,44,20,30,15,32,13,28,10,22,69,7,11,17,5,12,4,56,441,20,16,15,16,34,27,12,20,17,21,22,18,16,29,19,41,21,38,9,0,26,299,514,21,216,320,237,29,33,9,31,16,80,17,24,48,16,28,135,16,37,19,13,39,32,105,22,11,24,30,20,12,44,62,10,0,52,1216,21,30,11,20,21,37,172,11,32,106,11,70,13345,49,549,32895,1641,13,6,16,28,66,13,21,4,32,23,13,181,22,13,13,12,23,19,24,16,26,18,35,15,31,6,13,29,0,57,32,10,29,20,0,19,33,12,37,12,13,171,35,665,WT
male_WT_10m_4R,66,63,9,32,45,44,10,20,48,14,420,366,29,14,70,39,11,19,86,268,45,141,263,34,207,662,28,25,14,12,215,464,45,209,13,27,31,15,14,2175,21,126,15,578,102,61,19,568,14,18,329,19,17,475,15,0,22,200,16,68,20,18,4917,35,147,293,103,152,16,71,51,14,33,33,56,12,8,17,17,145,474,13,40,180,187,19,160,2693,49,40,19,18,60,8,24,37,108,18,12,21,40,105,57,10,9,27,16,113,600,191,5,190,116,19,20,138,14,341,38,57,18,69,101,11,21,11,103,125,24,30,44,80,114,12,15,208,124,23,15,6,15,26,59,396,7,1077,67,31,38,43,47,28,49,11,151,10,7,68,67,65,220,93,578,25,226,17,26,46,26,5439,4027,12,21,17,273,39,428,18,563,21,153,1137,789,11,6,315,26,95,36,20,1536,80,22,79,50,53,45,51,58,15,19,120,23,15,131,305,760,48,42,33,98,2789,84,23,10,15,93,189,19,32,30,125,25,29,20,28,603,15,208,12,28,787,35,15,18,192,3,22,17,25,7,41,54,12,13,2202,28,13,643,20,264,56,8,112,27,13,12,407,9,344,14,23,42,20,50,11,25,11,8,48,42,627,37,14,35,7,27,98,18,92,63,19,21,8,3624,71,529,58,22,23,38,15,18,16,18,27,17,30,8,19,18,16,66,81,111,39,2760,13,31,54,20,10,43,10,83,10,9,18,1826,87,17,20,37,116,77,12,29,332,17,17,9,23,324,125,16,0,11,29,21,36,17,91,109,78,115,17,29,7,7,257,20,1372,41,8,26,5,52,209,13,10,29,102,5,115,21,42,14,184,20,100,7,26,12,58,15,195,20,81,27,11,13,34,36,38,861,36,19,27,13,22,157,90,7,14,49,20,20,37,14,33,9,29,16,34,821,13,8,24,3,14,10,45,86,44,9,7,21,39,16,11,10,15,10,21,21,23,24,55,36,21,28,8,0,16,222,516,31,136,109,253,53,37,35,23,18,70,24,25,62,11,19,65,20,29,16,17,20,35,91,24,11,56,34,23,32,65,73,15,7,123,1915,31,24,15,14,21,30,365,18,50,92,5,48,12540,61,452,2388,1223,22,7,11,0,29,9,13,16,24,29,21,213,8,10,25,18,26,18,22,19,4,12,49,20,19,0,14,16,15,145,39,11,22,22,23,12,22,30,72,10,19,142,26,1024,WT
