,mmu.let.7a.1.3p,mmu.let.7a.2.3p,mmu.let.7a.5p,mmu.let.7b.3p,mmu.let.7b.5p,mmu.let.7c.1.3p,mmu.let.7c.2.3p,mmu.let.7c.5p,mmu.let.7d.3p,mmu.let.7d.5p,mmu.let.7e.3p,mmu.let.7e.5p,mmu.let.7f.1.3p,mmu.let.7f.2.3p,mmu.let.7f.5p,mmu.let.7g.3p,mmu.let.7g.5p,mmu.let.7i.3p,mmu.let.7i.5p,mmu.let.7j,mmu.miR.100.3p,mmu.miR.100.5p,mmu.miR.101a.3p,mmu.miR.101a.5p,mmu.miR.101b.3p,mmu.miR.101c,mmu.miR.103.3p,mmu.miR.106b.3p,mmu.miR.106b.5p,mmu.miR.107.3p,mmu.miR.107.5p,mmu.miR.10a.5p,mmu.miR.10b.5p,mmu.miR.1191a,mmu.miR.1195,mmu.miR.1198.5p,mmu.miR.1224.5p,mmu.miR.124.3p,mmu.miR.124.5p,mmu.miR.1247.5p,mmu.miR.1249.3p,mmu.miR.125a.3p,mmu.miR.125a.5p,mmu.miR.125b.1.3p,mmu.miR.125b.2.3p,mmu.miR.125b.5p,mmu.miR.1264.3p,mmu.miR.1264.5p,mmu.miR.126a.3p,mmu.miR.126a.5p,mmu.miR.127.3p,mmu.miR.127.5p,mmu.miR.128.1.5p,mmu.miR.128.2.5p,mmu.miR.128.3p,mmu.miR.129.1.3p,mmu.miR.129.2.3p,mmu.miR.129.5p,mmu.miR.1298.3p,mmu.miR.1298.5p,mmu.miR.1306.5p,mmu.miR.130a.3p,mmu.miR.130b.3p,mmu.miR.130b.5p,mmu.miR.132.3p,mmu.miR.132.5p,mmu.miR.133a.3p,mmu.miR.134.5p,mmu.miR.135a.1.3p,mmu.miR.135a.2.3p,mmu.miR.135a.5p,mmu.miR.135b.5p,mmu.miR.136.3p,mmu.miR.136.5p,mmu.miR.137.3p,mmu.miR.137.5p,mmu.miR.138.1.3p,mmu.miR.138.2.3p,mmu.miR.138.5p,mmu.miR.139.3p,mmu.miR.139.5p,mmu.miR.140.3p,mmu.miR.140.5p,mmu.miR.142a.3p,mmu.miR.142a.5p,mmu.miR.143.3p,mmu.miR.143.5p,mmu.miR.144.5p,mmu.miR.145a.3p,mmu.miR.145a.5p,mmu.miR.146a.5p,mmu.miR.146b.5p,mmu.miR.148a.3p,mmu.miR.148a.5p,mmu.miR.148b.3p,mmu.miR.148b.5p,mmu.miR.149.5p,mmu.miR.150.5p,mmu.miR.151.3p,mmu.miR.151.5p,mmu.miR.152.3p,mmu.miR.152.5p,mmu.miR.153.3p,mmu.miR.153.5p,mmu.miR.154.3p,mmu.miR.154.5p,mmu.miR.155.5p,mmu.miR.15a.5p,mmu.miR.15b.5p,mmu.miR.16.1.3p,mmu.miR.16.5p,mmu.miR.17.3p,mmu.miR.17.5p,mmu.miR.181a.1.3p,mmu.miR.181a.2.3p,mmu.miR.181a.5p,mmu.miR.181b.1.3p,mmu.miR.181b.5p,mmu.miR.181c.3p,mmu.miR.181c.5p,mmu.miR.181d.5p,mmu.miR.182.5p,mmu.miR.183.5p,mmu.miR.1839.3p,mmu.miR.1839.5p,mmu.miR.1843a.3p,mmu.miR.1843a.5p,mmu.miR.1843b.3p,mmu.miR.1843b.5p,mmu.miR.184.3p,mmu.miR.185.3p,mmu.miR.185.5p,mmu.miR.186.3p,mmu.miR.186.5p,mmu.miR.187.3p,mmu.miR.187.5p,mmu.miR.188.5p,mmu.miR.1895,mmu.miR.18a.5p,mmu.miR.190a.5p,mmu.miR.190b.5p,mmu.miR.191.3p,mmu.miR.191.5p,mmu.miR.192.5p,mmu.miR.193a.3p,mmu.miR.193b.3p,mmu.miR.1943.5p,mmu.miR.194.5p,mmu.miR.195a.3p,mmu.miR.195a.5p,mmu.miR.1964.3p,mmu.miR.1981.3p,mmu.miR.1981.5p,mmu.miR.1982.3p,mmu.miR.1983,mmu.miR.199a.3p,mmu.miR.199a.5p,mmu.miR.199b.3p,mmu.miR.19a.3p,mmu.miR.19b.3p,mmu.miR.1a.3p,mmu.miR.200a.3p,mmu.miR.200b.3p,mmu.miR.203.3p,mmu.miR.204.5p,mmu.miR.205.5p,mmu.miR.20a.5p,mmu.miR.210.3p,mmu.miR.210.5p,mmu.miR.211.5p,mmu.miR.212.3p,mmu.miR.212.5p,mmu.miR.215.5p,mmu.miR.218.1.3p,mmu.miR.218.2.3p,mmu.miR.218.5p,mmu.miR.219a.1.3p,mmu.miR.219a.2.3p,mmu.miR.219a.5p,mmu.miR.21a.3p,mmu.miR.21a.5p,mmu.miR.221.3p,mmu.miR.221.5p,mmu.miR.222.3p,mmu.miR.222.5p,mmu.miR.223.3p,mmu.miR.22.3p,mmu.miR.22.5p,mmu.miR.23a.3p,mmu.miR.23b.3p,mmu.miR.24.1.5p,mmu.miR.24.2.5p,mmu.miR.24.3p,mmu.miR.25.3p,mmu.miR.26a.2.3p,mmu.miR.26a.5p,mmu.miR.26b.3p,mmu.miR.26b.5p,mmu.miR.27a.3p,mmu.miR.27b.3p,mmu.miR.27b.5p,mmu.miR.28a.3p,mmu.miR.28a.5p,mmu.miR.28c,mmu.miR.298.5p,mmu.miR.299a.3p,mmu.miR.299a.5p,mmu.miR.299b.5p,mmu.miR.29a.3p,mmu.miR.29a.5p,mmu.miR.29b.1.5p,mmu.miR.29b.2.5p,mmu.miR.29b.3p,mmu.miR.29c.3p,mmu.miR.29c.5p,mmu.miR.300.3p,mmu.miR.300.5p,mmu.miR.301a.3p,mmu.miR.301a.5p,mmu.miR.301b.3p,mmu.miR.3057.5p,mmu.miR.3059.5p,mmu.miR.3060.3p,mmu.miR.3061.3p,mmu.miR.3061.5p,mmu.miR.3068.3p,mmu.miR.3068.5p,mmu.miR.3069.3p,mmu.miR.3069.5p,mmu.miR.3072.3p,mmu.miR.3076.3p,mmu.miR.3078.5p,mmu.miR.3082.3p,mmu.miR.3083.3p,mmu.miR.3083.5p,mmu.miR.3084.3p,mmu.miR.3084.5p,mmu.miR.3085.3p,mmu.miR.3086.5p,mmu.miR.3087.3p,mmu.miR.3093.5p,mmu.miR.3099.3p,mmu.miR.30a.3p,mmu.miR.30a.5p,mmu.miR.30b.3p,mmu.miR.30b.5p,mmu.miR.30c.1.3p,mmu.miR.30c.2.3p,mmu.miR.30c.5p,mmu.miR.30d.3p,mmu.miR.30d.5p,mmu.miR.30e.3p,mmu.miR.30e.5p,mmu.miR.3102.3p,mmu.miR.3102.3p.2.3p,mmu.miR.3103.3p,mmu.miR.31.3p,mmu.miR.31.5p,mmu.miR.320.3p,mmu.miR.322.3p,mmu.miR.322.5p,mmu.miR.323.3p,mmu.miR.323.5p,mmu.miR.324.3p,mmu.miR.324.5p,mmu.miR.325.3p,mmu.miR.325.5p,mmu.miR.326.3p,mmu.miR.328.3p,mmu.miR.329.3p,mmu.miR.329.5p,mmu.miR.330.3p,mmu.miR.330.5p,mmu.miR.331.3p,mmu.miR.331.5p,mmu.miR.33.3p,mmu.miR.335.3p,mmu.miR.335.5p,mmu.miR.337.3p,mmu.miR.337.5p,mmu.miR.338.3p,mmu.miR.338.5p,mmu.miR.339.3p,mmu.miR.339.5p,mmu.miR.340.3p,mmu.miR.340.5p,mmu.miR.341.3p,mmu.miR.342.3p,mmu.miR.342.5p,mmu.miR.344.3p,mmu.miR.344b.3p,mmu.miR.344c.3p,mmu.miR.344d.3.5p,mmu.miR.344d.3p,mmu.miR.345.3p,mmu.miR.345.5p,mmu.miR.346.5p,mmu.miR.3470b,mmu.miR.3475.3p,mmu.miR.34a.5p,mmu.miR.34b.3p,mmu.miR.34b.5p,mmu.miR.34c.3p,mmu.miR.34c.5p,mmu.miR.350.3p,mmu.miR.350.5p,mmu.miR.351.5p,mmu.miR.3535,mmu.miR.3572.3p,mmu.miR.361.3p,mmu.miR.361.5p,mmu.miR.362.3p,mmu.miR.362.5p,mmu.miR.365.3p,mmu.miR.369.3p,mmu.miR.369.5p,mmu.miR.370.3p,mmu.miR.370.5p,mmu.miR.374b.5p,mmu.miR.374c.5p,mmu.miR.375.3p,mmu.miR.376a.3p,mmu.miR.376a.5p,mmu.miR.376b.3p,mmu.miR.376b.5p,mmu.miR.376c.3p,mmu.miR.376c.5p,mmu.miR.377.3p,mmu.miR.377.5p,mmu.miR.378a.3p,mmu.miR.378a.5p,mmu.miR.378b,mmu.miR.378c,mmu.miR.378d,mmu.miR.379.3p,mmu.miR.379.5p,mmu.miR.380.3p,mmu.miR.380.5p,mmu.miR.381.3p,mmu.miR.381.5p,mmu.miR.382.3p,mmu.miR.382.5p,mmu.miR.383.5p,mmu.miR.384.3p,mmu.miR.384.5p,mmu.miR.3962,mmu.miR.3964,mmu.miR.3966,mmu.miR.3968,mmu.miR.3969,mmu.miR.409.3p,mmu.miR.409.5p,mmu.miR.410.3p,mmu.miR.411.3p,mmu.miR.411.5p,mmu.miR.412.3p,mmu.miR.412.5p,mmu.miR.421.3p,mmu.miR.423.3p,mmu.miR.423.5p,mmu.miR.425.3p,mmu.miR.425.5p,mmu.miR.429.3p,mmu.miR.431.3p,mmu.miR.431.5p,mmu.miR.433.3p,mmu.miR.433.5p,mmu.miR.434.3p,mmu.miR.434.5p,mmu.miR.448.3p,mmu.miR.450a.5p,mmu.miR.450b.5p,mmu.miR.451a,mmu.miR.455.3p,mmu.miR.455.5p,mmu.miR.466a.3p,mmu.miR.466b.3p,mmu.miR.466c.3p,mmu.miR.466d.3p,mmu.miR.466e.3p,mmu.miR.466p.3p,mmu.miR.467a.3p,mmu.miR.467a.5p,mmu.miR.467b.5p,mmu.miR.467c.5p,mmu.miR.467d.3p,mmu.miR.467d.5p,mmu.miR.467e.5p,mmu.miR.484,mmu.miR.485.3p,mmu.miR.485.5p,mmu.miR.486a.5p,mmu.miR.486b.5p,mmu.miR.487b.3p,mmu.miR.488.3p,mmu.miR.488.5p,mmu.miR.490.3p,mmu.miR.491.3p,mmu.miR.491.5p,mmu.miR.493.5p,mmu.miR.494.3p,mmu.miR.495.3p,mmu.miR.495.5p,mmu.miR.496a.3p,mmu.miR.497a.5p,mmu.miR.500.3p,mmu.miR.501.3p,mmu.miR.504.5p,mmu.miR.505.3p,mmu.miR.505.5p,mmu.miR.5099,mmu.miR.5129.3p,mmu.miR.532.3p,mmu.miR.532.5p,mmu.miR.539.5p,mmu.miR.540.3p,mmu.miR.540.5p,mmu.miR.541.5p,mmu.miR.542.3p,mmu.miR.543.3p,mmu.miR.543.5p,mmu.miR.544.3p,mmu.miR.551b.3p,mmu.miR.574.3p,mmu.miR.574.5p,mmu.miR.582.3p,mmu.miR.582.5p,mmu.miR.592.5p,mmu.miR.598.3p,mmu.miR.6236,mmu.miR.6240,mmu.miR.6418.3p,mmu.miR.6516.5p,mmu.miR.652.3p,mmu.miR.653.5p,mmu.miR.6540.5p,mmu.miR.664.3p,mmu.miR.664.5p,mmu.miR.665.3p,mmu.miR.666.3p,mmu.miR.666.5p,mmu.miR.667.3p,mmu.miR.667.5p,mmu.miR.668.3p,mmu.miR.669a.3p,mmu.miR.669a.5p,mmu.miR.669c.5p,mmu.miR.669n,mmu.miR.669o.3p,mmu.miR.669p.5p,mmu.miR.670.3p,mmu.miR.671.3p,mmu.miR.671.5p,mmu.miR.672.5p,mmu.miR.673.3p,mmu.miR.673.5p,mmu.miR.674.3p,mmu.miR.674.5p,mmu.miR.676.3p,mmu.miR.676.5p,mmu.miR.677.5p,mmu.miR.679.5p,mmu.miR.6896.5p,mmu.miR.690,mmu.miR.6944.3p,mmu.miR.700.5p,mmu.miR.7046.3p,mmu.miR.7047.3p,mmu.miR.7080.3p,mmu.miR.708.3p,mmu.miR.708.5p,mmu.miR.7220.5p,mmu.miR.7224.3p,mmu.miR.744.3p,mmu.miR.744.5p,mmu.miR.758.3p,mmu.miR.760.3p,mmu.miR.764.3p,mmu.miR.764.5p,mmu.miR.7688.5p,mmu.miR.7689.3p,mmu.miR.770.3p,mmu.miR.770.5p,mmu.miR.7a.1.3p,mmu.miR.7a.2.3p,mmu.miR.7a.5p,mmu.miR.7b.3p,mmu.miR.7b.5p,mmu.miR.802.5p,mmu.miR.8103,mmu.miR.8111,mmu.miR.8112,mmu.miR.8114,mmu.miR.872.3p,mmu.miR.872.5p,mmu.miR.873a.3p,mmu.miR.873a.5p,mmu.miR.874.3p,mmu.miR.874.5p,mmu.miR.877.3p,mmu.miR.877.5p,mmu.miR.879.3p,mmu.miR.879.5p,mmu.miR.92a.1.5p,mmu.miR.92a.3p,mmu.miR.92b.3p,mmu.miR.92b.5p,mmu.miR.93.3p,mmu.miR.935,mmu.miR.93.5p,mmu.miR.9.3p,mmu.miR.9.5p,mmu.miR.98.3p,mmu.miR.98.5p,mmu.miR.99a.3p,mmu.miR.99a.5p,mmu.miR.99b.3p,mmu.miR.99b.5p,mmu.miR.9b.5p,Samples
female_Q140_2m_1R,847,129,43928,992,9588,29,847,52163,3180,11804,271,9067,141,304,80909,58,31970,63,28411,5910,13,6851,7300,39,2441,3212,19511,50,106,4423,38,967,1759,13,15,377,192,4388,183,56,1725,26,82236,441,1644,48829,87,19,7225,2972,186127,1809,453,79,54555,793,3752,355,613,2410,29,869,149,121,29150,3232,1085,217,12,28,1410,317,25585,1772,2366,18,72,42,37548,30,4263,3906,212,73,341,24692,14,155,51,1524,1047,2299,11965,95,4247,216,4652,6680,9086,4708,88,78,7322,398,40,812,24,474,110,9,36757,11,168,3145,262,435882,23,22160,1733,31547,4720,1359,124,193,1847,86,3111,369,3092,82,17,508,23,19075,313,15,71,47,12,170,17,36,72950,1360,63,497,25,690,62,1065,16,269,163,16,85,186,38,182,9,268,54,61,170,341,24446,26,144,210,40,103,1655,2974,23,41,37,2910,13,1639,204,14,8834,9882,760,9977,50,23,302422,94,1201,5159,61,840,3215,1731,29,354487,49,15249,363,7911,112,88,199,15,2053,74,28,29,35637,243,33,84,2965,5334,216,18621,71,2764,16,86,76,463,21,78,7,374,89,14,28,26,12,116,71,33,43,65,8,231,72,9,52,318,2225,124137,33,16142,191,317,77434,342,70468,4309,67207,238,49,10,30,763,865,128,518,310,12,40,515,51,51,579,5740,291,998,976,5474,665,17,24,4693,3918,57,901,3823,131,124,63,567,9641,1098,5310,82,1899,707,71,62,1141,82,159,222,14,11,856,126,146,33,4459,120,21,1296,84,17,1116,1447,27,18,312,390,539,666,381,37,27,401,534,464,112,226,18,23,741,154,5952,71,10,720,156,335,121,43,22,22387,34,287,1009,2954,1575,1726,23,33,221,59,11,3022,326,350,222,24366,14,41,1519,1107,501,49,2187,40,886,40,2359,206,158380,5832,81,42,53,1489,41,38,26,27,27,16,27,27,26,39,39,8,26,14,26,1549,715,974,12246,12230,3516,3698,263,776,15,21,49,25,629,9,62,537,49,237,14,20,22,301,34,81,1395,76,412,17,29734,22,605,21,29,450,121,11,1620,482,693,2196,9,145,26,63,886,28,67,847,138,123,611,437,1848,17,1344,43,28,58,25,43,28,39,369,152,99,242,467,216,231,366,336,42,55,13,134,300,133,22,56,43,1295,1081,12,24,149,1836,891,80,136,17,18,99,71,162,254,74,698,18,282,24,7,21,22,28,1884,387,216,610,966,139,103,95,88,970,17,4411,24242,10,29,143,1033,5677,165072,136,3261,200,3747,84,11932,462,HD
female_Q140_2m_2R,810,132,42021,1111,9675,24,810,49967,3380,10838,294,8888,174,324,75581,66,32049,54,26729,5448,15,7577,6802,23,2116,3261,16392,50,87,4132,36,602,1483,5,17,386,231,4962,161,53,1708,21,87383,559,1701,54199,70,13,7168,3239,194113,1567,358,79,59525,869,4135,362,462,941,26,945,157,137,24842,3259,1140,206,17,44,1243,291,25991,1866,1922,15,90,32,32971,27,3847,4003,210,84,399,32490,27,139,61,1673,1308,3118,11393,103,4008,223,4696,6808,8623,5671,67,55,8138,287,44,859,24,551,113,19,38013,20,171,2999,280,447649,21,22846,1736,29422,4217,2094,262,196,1720,77,3075,369,3064,120,20,550,23,17877,433,23,99,42,20,155,11,44,74359,1297,83,456,21,703,62,1121,20,264,132,29,62,196,56,191,14,250,43,145,223,435,18189,35,113,186,43,119,1602,2820,14,42,46,3085,12,1838,247,7,7941,9070,685,8643,46,26,337545,102,1234,4636,80,962,3345,1867,35,390887,36,14603,407,8812,117,63,226,14,2099,66,35,32,41778,205,27,100,2879,5370,207,18349,64,2273,15,88,96,593,32,88,12,367,74,18,31,38,22,106,118,20,50,74,5,222,37,18,66,306,2230,100028,34,15607,233,299,71023,335,69962,3912,63753,248,43,11,18,724,857,129,583,300,12,51,431,54,40,686,6501,300,883,996,6096,615,9,22,5199,3709,58,836,4165,141,113,64,533,7999,940,5242,74,1615,627,68,71,1130,55,161,232,9,17,953,118,107,40,3455,97,23,1265,97,13,930,1705,26,22,295,335,518,657,370,38,31,412,522,427,133,186,10,17,650,134,5487,110,14,633,147,334,153,32,16,20509,32,324,978,3231,1578,1941,31,56,221,64,13,2631,299,361,164,23877,15,35,1380,1189,517,62,2036,113,773,34,2301,181,144285,6181,27,47,38,1355,59,31,23,24,24,14,24,24,25,40,40,15,25,9,29,1725,708,1028,11962,11928,3470,3391,218,881,14,39,41,27,623,6,49,605,41,282,10,31,9,232,43,80,1501,51,382,16,21195,21,573,34,29,432,109,7,2088,553,699,1777,14,127,15,55,735,36,93,760,119,129,587,350,1774,17,1429,50,24,47,22,50,24,50,347,130,97,236,463,206,240,329,340,43,41,14,147,295,103,18,58,50,1177,1079,14,32,173,1957,824,58,108,20,20,104,59,187,296,75,470,19,234,20,12,20,12,31,1863,356,285,651,1056,179,123,118,91,1159,18,5485,29464,10,38,153,1064,6292,140404,127,3041,145,4140,90,13642,348,HD
female_Q140_2m_3R,748,143,49612,1251,11243,29,748,58785,3043,13653,256,10761,153,322,82812,68,34345,50,27796,5774,12,5285,5510,25,2182,3013,20436,68,146,4874,36,857,2095,7,6,425,222,5038,224,32,1661,23,86560,531,1393,57138,29,11,7506,2927,195353,1521,482,99,58178,882,4532,402,508,1037,27,868,160,162,32486,3425,948,202,8,38,1158,292,24196,1734,2005,20,89,49,39379,29,4119,3470,208,55,385,21417,17,116,35,1831,1038,2110,9245,89,3922,235,4198,7265,10017,4889,78,73,5985,287,42,967,32,476,151,8,39815,17,174,3427,323,569793,20,24801,1750,36115,4526,93839,10733,217,2001,93,3193,353,3174,82,16,543,27,18748,364,23,68,25,16,97,13,54,82380,1248,57,573,23,580,61,1220,16,258,193,16,68,206,56,199,11,285,63,4241,4877,441,18481,33,123,167,33,188,1912,3258,12,30,42,2760,11,1591,179,10,7811,11432,617,9393,29,36,287604,107,1380,5894,88,956,3759,1986,32,380612,51,14534,471,8715,130,43,187,6,1641,52,26,27,38541,183,21,95,2974,5121,229,20072,67,2045,10,78,93,433,31,98,18,339,88,13,19,50,18,135,88,27,72,93,7,212,52,11,63,310,2029,125941,38,14965,166,279,68469,314,71665,3581,62873,317,47,7,27,877,1056,137,513,303,14,37,654,35,35,611,5968,310,879,950,5182,872,10,24,4490,3841,57,973,3363,124,81,66,575,8193,1028,5947,60,1566,602,62,76,1062,61,211,261,20,6,1028,75,91,32,2154,125,36,1447,91,13,1052,1536,33,16,326,328,499,554,384,19,13,420,522,401,123,215,17,26,557,132,6336,87,11,750,161,347,165,43,26,19980,27,333,878,2602,1479,1366,26,55,184,30,17,2999,67,375,181,24898,7,33,1387,861,453,42,2091,2927,728,45,2226,202,145172,5972,16,27,33,1503,69,51,19,23,23,12,23,23,16,44,44,18,16,14,32,1659,757,836,15057,15020,3629,3871,293,920,12,35,60,16,632,14,48,456,66,137,17,23,16,305,37,89,1280,58,334,18,28234,21,599,12,31,444,134,13,1169,512,670,2018,8,155,32,69,1001,11,89,915,123,101,594,429,1955,26,1290,37,17,58,31,37,17,57,369,165,105,254,433,231,276,319,315,26,37,17,147,296,141,23,39,43,1329,1192,21,17,191,1739,761,78,116,23,24,107,78,122,283,85,519,23,221,21,13,36,21,29,1799,311,291,555,1027,159,118,82,91,740,14,3886,28738,18,44,199,1305,5636,152720,112,3313,206,3939,111,9182,395,HD
female_Q140_2m_4R,713,122,47693,1039,10325,31,713,57956,3357,12585,294,10493,192,268,77118,57,31514,69,28057,5354,22,7228,6236,22,2107,2892,18908,63,99,4407,24,645,1310,8,15,373,231,4366,183,40,1506,23,85996,455,1498,49868,39,20,6920,2614,195407,1831,427,68,54525,811,4120,378,594,942,28,836,144,149,35237,3287,905,232,9,53,1089,218,22833,1687,1881,16,94,46,36772,30,3843,4395,210,61,351,22512,15,88,53,1415,902,1903,10513,109,3993,174,5419,7375,9602,4801,93,64,5445,269,39,850,20,435,110,8,35161,14,154,3528,292,494635,20,23858,2015,30430,4658,27935,3899,185,1838,107,3214,380,3206,134,20,578,23,17642,353,26,102,36,9,80,10,39,74187,1239,86,503,11,602,52,1064,16,232,167,28,58,141,41,140,8,235,40,1393,1440,376,17046,29,138,157,38,139,1835,2927,19,35,49,2580,15,1796,176,15,7313,10645,786,9401,34,23,307992,106,1217,5843,60,843,3430,1944,27,362541,44,14552,396,8180,135,89,193,15,2006,63,26,27,34894,154,36,99,2656,4623,219,18949,68,2012,17,81,85,484,24,89,11,305,67,16,23,34,21,106,98,17,63,66,11,238,64,7,54,321,2278,106204,35,14814,178,379,64086,288,63014,4051,52412,288,44,6,21,896,936,148,513,346,11,55,525,40,43,632,6083,325,974,991,5490,676,23,38,4766,3733,69,995,3209,152,120,59,500,8140,1139,5542,70,1973,714,68,71,1077,88,164,249,5,7,817,82,96,49,2612,107,16,1289,72,17,1025,1529,38,17,260,320,449,715,361,29,22,392,504,404,117,204,20,20,651,131,5638,107,14,613,119,341,133,30,35,25415,26,342,1048,3377,1433,1441,24,52,222,44,13,3170,319,440,196,24771,19,56,1378,1221,493,40,1954,801,896,36,2582,200,175042,6211,16,36,50,1154,54,46,26,29,29,17,29,29,21,43,43,10,21,8,29,1682,778,945,12390,12365,3495,3632,269,981,13,39,67,22,594,18,45,439,47,276,16,25,17,369,35,78,1631,60,429,20,27492,13,603,20,23,461,103,20,2404,510,632,1980,20,165,26,55,916,48,64,768,138,111,591,414,2028,18,1287,49,22,52,22,49,22,52,401,153,132,254,458,192,266,384,354,34,45,21,142,278,121,28,48,46,1121,1009,19,22,165,2137,788,78,152,28,25,109,80,199,253,96,563,21,259,17,22,17,18,41,1948,359,234,617,1046,160,99,93,75,788,16,5348,28422,14,32,169,1070,5782,143647,107,3220,184,3876,84,13897,379,HD
male_Q140_2m_1R,713,119,42063,1167,9820,43,713,51254,3638,11632,259,8995,163,313,70693,73,28692,65,26135,4863,16,7231,6492,30,2247,3241,17575,55,126,4592,25,565,1217,6,11,431,234,5100,202,35,1838,40,80293,550,1657,52599,47,21,7182,3097,202358,1827,451,90,57366,863,4289,392,507,718,28,889,184,124,29858,3706,996,181,12,42,1055,274,22410,1693,1950,19,81,41,36397,29,3830,4378,191,58,379,26267,9,96,69,1251,1113,1957,10071,104,3603,190,4850,6669,9546,5279,85,59,6275,299,48,894,26,535,141,13,41872,18,174,3307,305,484107,18,22725,2010,30293,4487,36302,5601,187,1717,83,3377,332,3365,122,16,513,15,17866,346,18,101,54,14,94,9,35,75632,1251,90,546,27,662,66,1266,13,237,177,19,63,172,39,171,6,227,35,2010,2040,385,15580,22,111,191,52,130,1730,2934,18,46,48,2792,16,1838,193,19,7290,9765,551,8332,55,24,333740,116,1234,4581,84,1012,3503,2129,18,372008,40,13177,441,8836,121,72,211,13,1706,78,25,26,41009,164,25,88,2575,5349,225,19494,64,1904,8,84,56,534,27,100,19,305,57,18,14,34,16,102,90,21,53,75,12,236,54,18,66,317,2470,95040,29,14904,217,335,59110,326,59115,4301,49545,296,31,9,25,889,864,138,471,318,10,82,539,47,40,738,6662,303,874,1007,5540,866,17,30,5036,3520,55,982,3653,188,103,55,501,8184,1097,4833,61,1676,676,68,76,1102,78,178,223,8,10,966,78,83,34,2475,112,26,1190,58,14,849,1609,30,22,307,334,511,787,378,30,25,460,518,409,111,200,19,18,530,156,5903,99,6,676,136,336,152,28,23,24724,24,282,983,3415,1378,1382,28,43,234,66,15,2964,271,381,209,24392,11,45,1335,1167,440,53,2058,1263,800,40,2463,148,154408,6462,14,47,26,1154,61,35,20,25,25,10,25,25,25,62,62,11,25,14,28,1828,763,946,12870,12839,3372,3685,227,990,13,29,58,22,574,4,52,572,62,296,17,29,16,231,46,82,1575,72,403,18,20273,18,521,18,25,459,134,15,2214,555,625,1723,29,177,21,41,919,29,73,742,123,127,532,407,1867,10,1129,42,18,47,25,42,18,37,415,127,133,253,441,223,248,376,360,29,39,17,143,319,118,30,54,43,1227,1220,17,21,191,1998,714,67,117,34,16,105,78,173,296,75,354,24,221,21,9,24,14,38,2020,324,286,614,989,176,115,94,95,906,20,5423,28808,15,33,175,1093,6562,131539,115,2733,165,3889,106,13595,341,HD
male_Q140_2m_2R,757,116,46048,1098,9488,38,758,52394,3724,11431,272,9571,172,298,80014,66,32967,58,28453,5203,17,7723,6481,38,2284,3126,16763,48,115,4223,15,488,787,13,11,435,230,4897,197,57,1751,32,78212,582,1538,52763,74,14,7096,3401,219014,1724,339,85,55024,777,4223,401,594,778,33,856,150,130,28245,3312,876,202,10,38,1367,287,24935,1900,2203,20,101,26,35563,28,3590,4045,192,74,400,23766,11,113,48,1105,1097,2253,11015,107,3847,169,4435,6256,9166,5481,88,45,7145,339,39,872,26,512,106,14,39594,28,169,2990,254,482651,14,22827,1792,29174,4395,612,122,181,1735,85,3233,352,3230,90,18,576,25,17729,449,31,61,36,14,133,11,39,76991,1269,63,513,20,669,48,1079,15,289,134,17,70,177,36,173,13,207,36,82,176,379,15496,17,118,188,45,133,1822,2805,22,41,49,2920,16,1875,176,18,8207,9809,654,8578,32,25,348141,126,1152,4920,73,1024,3311,1980,35,378004,66,14017,456,8815,131,66,184,11,2196,64,28,28,40966,188,17,99,2676,5175,188,19545,53,1906,19,74,93,591,26,96,17,339,69,16,17,34,13,102,108,15,60,89,6,210,58,24,64,350,2209,89179,31,14490,222,320,58122,334,59925,4267,51469,273,48,7,25,865,878,138,550,301,17,69,484,60,32,690,6530,324,901,971,5963,738,17,30,5708,3757,57,997,4278,148,110,68,450,8735,1187,4847,64,1662,675,75,83,1270,109,179,223,18,18,899,98,78,31,2663,107,27,1246,74,6,858,1599,34,18,320,330,464,746,327,24,20,453,578,408,128,185,22,13,599,140,5445,99,14,640,113,326,128,50,30,24776,30,346,1065,3357,1670,1761,22,43,244,68,19,3067,338,417,210,24773,11,43,1520,1213,499,56,2152,67,902,44,2513,158,147283,6866,15,56,42,1209,45,40,23,24,24,14,24,24,23,53,53,17,23,14,30,1690,728,951,11753,11715,3634,3545,202,916,13,34,42,24,673,14,52,516,58,262,20,24,19,225,39,66,1607,68,407,26,20613,18,550,24,27,516,118,7,1950,544,686,1773,14,160,25,56,889,47,106,810,142,113,578,456,1848,15,1234,60,15,50,23,60,15,45,409,116,96,238,499,243,276,376,300,33,33,10,147,295,99,23,48,44,1239,1113,13,24,186,2100,787,81,172,18,16,84,85,186,272,105,467,16,244,20,13,20,17,32,2002,367,282,625,1078,192,97,101,92,947,15,5227,31070,11,30,168,1081,6538,147730,128,3387,168,3868,92,13735,364,HD
male_Q140_2m_3R,791,130,43190,1048,9555,32,791,50906,2989,11293,292,8805,172,332,75656,64,31404,60,26742,5356,10,8929,6748,40,2161,3364,16540,57,98,4276,28,851,1096,7,13,459,225,5439,202,47,1713,32,96169,569,1790,59547,59,19,7380,3167,238151,1636,398,78,54287,808,4045,266,521,1494,32,945,182,115,25612,3338,1007,213,7,29,1209,272,24714,1921,2117,17,85,41,33680,30,3482,4077,207,61,441,24816,13,125,43,1092,1297,2880,10969,107,4374,217,4510,6379,9318,5941,86,56,7692,298,34,939,22,514,127,12,41626,29,141,3316,260,519159,17,25997,1959,33810,4861,782,118,210,1799,90,3097,336,3082,105,22,583,20,18033,240,12,83,41,13,136,15,29,78086,1658,92,471,30,739,49,1238,10,246,159,23,66,186,48,184,12,248,49,68,157,413,20541,21,126,190,58,115,1624,2734,18,42,43,3246,12,1993,244,23,8773,8975,742,8630,48,31,359295,115,1160,4736,61,1100,3409,1796,35,398521,35,14083,490,9589,127,60,217,19,1618,55,28,30,42552,211,21,89,2764,5635,197,19012,65,2239,11,76,77,509,22,82,20,362,54,17,23,36,24,125,113,27,50,77,6,223,42,16,60,310,2152,98323,42,14757,228,318,66972,312,65987,3734,62186,237,45,6,30,833,797,132,632,250,18,60,476,45,37,636,6750,327,938,1070,6509,620,14,28,4862,3693,44,819,4732,162,124,63,556,8032,1103,4499,65,1443,569,70,70,1111,56,169,234,9,12,926,131,136,40,3496,102,37,1409,82,10,964,1546,35,21,303,355,536,738,376,32,24,454,623,407,124,180,24,14,594,132,5384,83,11,573,140,346,160,31,23,22506,27,351,924,3187,1458,1628,17,42,248,76,21,2764,327,342,200,25256,12,49,1559,1193,554,48,1979,60,808,48,2234,163,141400,6796,40,41,52,1330,48,52,20,21,21,13,21,21,13,51,51,18,13,16,33,1811,643,969,11486,11440,3472,3601,241,872,5,44,40,25,517,11,53,549,57,252,16,24,12,236,37,89,1422,54,445,16,22267,23,468,13,21,481,113,11,1981,635,713,1799,21,204,19,63,864,14,61,792,130,131,610,380,1628,16,1357,30,16,42,21,30,16,50,363,145,94,241,442,209,268,343,310,30,47,18,148,263,124,26,48,56,1250,1312,17,19,185,2011,751,67,151,26,12,95,81,182,280,76,378,21,186,23,16,28,11,41,1772,390,300,594,1132,167,118,108,81,1216,25,5198,31644,17,34,150,1088,6155,142355,128,3004,162,4660,80,15079,362,HD
male_Q140_2m_4R,981,131,42204,866,9016,32,981,47473,3392,11026,258,8892,161,389,85030,59,35604,60,28198,5652,14,5845,7518,45,2392,3673,15834,51,117,3769,37,524,1168,11,24,441,208,4938,197,59,1494,20,92514,520,1481,60761,59,11,6777,3249,205482,1450,333,54,66824,807,4038,311,548,754,20,907,190,158,25896,3355,865,197,12,34,1410,303,28013,2014,2220,11,88,37,27633,21,3668,3626,214,82,526,25986,11,114,40,1637,1383,3135,11572,108,4354,240,5603,14321,8301,5643,72,52,10418,339,37,832,20,494,109,7,33987,14,178,3042,293,452535,27,24096,1850,30670,4629,14802,1853,184,1917,81,2993,470,2981,197,12,500,14,18441,365,17,71,40,14,193,12,37,69889,1408,60,447,15,708,65,1256,23,281,187,21,79,169,34,164,9,267,49,672,717,364,15796,22,131,153,55,107,1748,2740,16,32,39,3355,19,1755,189,21,8437,9590,686,9519,50,21,319499,112,1191,4550,69,1092,3136,1936,32,378923,52,12801,492,8932,130,63,196,10,1888,60,42,43,39136,213,15,102,3193,5857,164,17214,73,2280,16,84,68,497,30,86,5,338,61,13,23,28,14,116,86,13,62,62,12,193,68,13,42,349,1951,96809,30,18227,209,301,70384,324,62505,3372,63667,252,42,12,31,769,807,127,615,267,10,58,373,51,39,565,6404,326,887,954,5794,573,29,31,5062,4509,68,762,3475,147,108,65,562,8615,948,5724,59,1532,593,83,107,1263,75,155,215,11,5,846,80,68,32,2499,95,24,1321,87,11,993,1538,26,27,333,378,537,664,377,41,39,462,495,377,106,209,25,17,637,126,5553,73,23,682,116,316,170,44,24,22583,28,308,1013,3197,1949,1789,31,72,204,88,10,2909,56,358,167,24016,13,37,1493,1241,575,46,2094,473,745,29,2191,163,146189,5948,17,34,45,1157,46,34,29,32,32,12,32,32,14,48,48,14,14,17,29,2196,698,1023,11038,10983,3598,3446,245,792,9,32,67,25,607,9,51,488,46,109,14,26,9,345,31,83,1475,60,434,22,22994,31,551,21,27,394,119,9,2514,549,770,1660,27,312,22,62,769,31,83,870,140,131,499,357,1746,8,1445,40,22,55,26,40,22,42,418,160,102,221,472,237,260,377,337,37,37,14,159,397,115,26,55,62,1399,1194,16,30,176,1908,715,63,116,28,18,119,59,168,252,88,616,15,279,22,12,19,17,46,1812,365,228,546,961,141,113,79,77,1362,13,5513,29786,7,54,171,967,6559,152191,231,3271,167,4146,86,9130,380,HD
female_Q175_2m_1R,846,124,41701,1021,8755,32,846,49329,3012,11529,277,8747,155,345,77899,52,30384,43,26996,5219,16,7197,7339,40,2522,3392,18304,60,118,4637,28,733,1527,21,14,469,207,4052,193,40,1592,27,85606,487,1543,51302,49,20,7472,3242,204534,1779,382,88,58252,685,3838,376,722,1657,21,856,173,139,25871,3123,808,212,11,45,1452,272,25007,1880,2214,18,95,40,34826,36,3575,4305,224,51,417,21986,9,117,64,1278,996,1878,13662,120,4157,191,4742,6563,9966,4893,64,60,6514,368,40,828,34,488,116,16,36954,22,163,3292,300,465539,26,21802,1976,32575,5034,1271,148,203,1860,89,3725,399,3714,92,22,547,15,18638,363,18,90,28,12,152,18,21,74072,1200,65,484,22,675,51,1157,17,255,159,22,74,171,39,167,5,267,41,58,141,392,19701,25,125,164,41,100,1612,2907,15,40,35,2943,18,1514,154,12,8119,9915,652,9982,26,25,307694,106,1109,4397,72,978,2891,2080,22,372319,46,15866,406,8486,150,89,195,11,2337,75,22,22,38393,181,26,110,2550,5152,209,19660,53,2389,15,94,80,531,21,81,11,342,59,15,22,36,11,125,74,27,57,79,14,240,52,19,54,376,2397,109955,35,15341,207,321,67602,325,63577,4578,53667,199,46,15,23,807,780,156,547,351,20,65,503,50,45,590,5429,291,956,959,5570,672,12,25,5219,3922,50,983,3379,118,109,80,478,10120,1200,5233,61,1794,720,80,77,1259,67,139,200,14,14,700,102,133,48,3192,122,30,1225,70,9,995,1539,32,21,277,380,458,675,347,35,27,396,457,420,135,212,11,23,692,137,6177,88,10,685,136,311,124,42,27,25772,28,295,904,3071,1673,1572,28,56,191,59,20,3216,341,354,188,27233,14,31,1545,944,487,49,2116,36,935,57,2521,186,165430,6054,51,48,51,1150,51,38,25,30,30,14,29,30,18,51,51,19,18,19,27,1570,788,889,12522,12495,3301,3805,264,831,13,22,63,17,637,14,61,493,56,270,11,27,12,288,35,85,1718,41,419,13,25450,19,600,18,18,446,92,7,1732,495,707,2291,3,350,21,72,907,39,74,815,151,109,577,456,1964,15,1400,40,14,65,28,40,14,31,395,153,118,256,449,188,226,331,371,48,50,22,219,309,113,23,59,52,1261,1062,7,22,163,1703,937,60,175,38,19,97,62,176,226,101,641,10,282,16,6,17,9,28,1958,362,245,629,1017,177,116,96,91,789,14,4850,29227,12,43,133,1078,6105,168674,137,3216,192,3951,87,13125,415,HD
female_Q175_2m_2R,819,112,43151,1057,9188,43,819,50513,3413,11378,248,9007,163,333,74890,59,30825,65,27292,5370,16,8296,6813,27,2216,3337,16426,44,104,4245,36,739,1076,9,10,458,202,5403,193,52,1723,36,89669,592,1693,57370,47,23,7231,3399,215050,1694,369,90,56587,777,4277,342,536,701,28,881,163,156,26607,3272,931,197,18,38,1274,257,24583,1964,2192,17,92,38,34960,32,3774,3781,179,64,455,23973,14,119,48,1173,1307,2767,10872,91,4030,212,4596,6302,8747,5441,73,50,7932,282,48,890,18,525,128,9,39294,14,157,2999,253,435414,12,21217,1886,29052,4341,1204,172,197,1785,78,3046,372,3034,129,20,662,26,17710,404,17,73,45,8,141,10,50,77156,1171,78,538,22,703,63,1057,22,255,161,16,65,155,42,155,8,226,47,102,213,404,16070,18,126,163,63,109,1715,2983,24,46,56,3394,18,1500,170,14,7518,9346,729,9140,36,22,350812,121,1132,4522,67,1067,3133,1744,32,391786,41,13673,409,8405,154,76,226,16,2264,52,33,34,42948,181,25,89,2750,5617,212,19561,61,2089,12,69,66,582,36,99,11,393,59,18,15,37,20,108,97,19,54,76,8,233,55,17,70,321,2315,91328,48,14526,223,321,65369,374,64803,3953,58325,282,34,10,40,825,865,128,627,280,15,56,448,52,44,689,6601,304,918,1058,6382,656,24,31,5510,3802,52,850,3799,142,116,62,547,8225,1043,5083,68,1601,620,78,94,1226,55,143,226,10,14,911,58,85,24,2562,94,26,1386,82,11,918,1652,24,12,334,353,550,788,365,34,25,385,577,438,125,190,22,12,603,145,5019,81,20,538,107,330,138,25,23,21788,36,286,999,3357,1701,1738,27,55,256,79,17,2896,349,364,180,25063,19,29,1466,1272,536,62,2110,86,843,35,2512,191,139807,6822,22,57,39,1351,45,44,19,24,24,11,24,24,21,59,59,12,21,13,20,1667,687,1015,11990,11969,3434,3745,266,821,10,32,57,22,601,8,64,576,48,317,8,25,14,288,40,75,1534,49,425,17,21092,22,510,24,41,497,120,6,2240,593,663,1696,24,148,24,46,861,32,94,799,138,158,675,468,1881,14,1390,38,12,67,36,38,12,38,364,115,115,239,467,222,246,346,315,36,41,20,125,311,127,17,57,62,1182,1106,19,31,195,2227,870,76,147,27,22,98,94,219,248,85,493,13,261,31,14,24,24,25,1798,325,287,606,1145,166,135,108,91,1162,15,5058,32401,17,35,176,1014,6630,141891,141,3105,147,4352,85,15042,374,HD
female_Q175_2m_3R,972,110,40549,990,9113,39,971,48717,3323,10476,247,8593,166,319,72720,74,31512,65,26834,5218,11,7541,6418,42,2056,3079,16267,38,101,4192,28,634,1173,6,16,423,228,5082,214,58,1568,22,89056,544,1653,55632,68,24,7297,3391,204217,1524,394,93,58413,810,4269,352,489,760,22,912,160,128,26181,3553,1045,194,12,40,1249,292,25850,1935,2182,10,89,40,32987,39,3889,3877,179,67,421,26149,17,123,56,1299,1236,2966,11324,99,4035,201,4572,6872,8379,5439,86,62,8128,314,23,881,25,495,139,8,39799,23,176,2899,263,420686,15,20721,1791,27901,4445,801,79,221,1776,91,3174,382,3161,131,28,508,14,17749,348,16,65,34,15,144,13,41,79344,1241,63,460,27,717,58,1232,22,242,156,13,47,171,54,169,10,205,51,52,138,457,16602,26,105,170,53,146,1691,2918,16,40,46,3524,23,1495,185,19,7379,9258,764,9100,46,30,360991,102,1228,4581,70,1033,3213,1796,32,392354,41,13313,468,8856,133,62,241,15,2039,56,29,30,44638,204,23,99,2876,5646,198,18862,51,2144,5,74,89,551,26,89,13,340,59,20,16,36,17,131,85,25,61,79,6,224,63,15,80,285,2390,94685,46,14989,227,315,71184,369,67936,4090,60675,258,29,8,36,867,739,125,618,271,17,49,442,44,46,713,6843,274,922,1083,6341,687,10,25,5335,3790,49,861,3730,148,94,73,568,8040,954,5077,60,1575,614,65,92,1160,67,152,218,16,15,917,68,65,31,1951,95,21,1361,89,15,983,1605,37,26,285,315,576,702,384,37,31,385,590,392,140,204,20,21,632,148,5030,81,13,600,122,361,137,41,14,20903,26,321,909,3284,1668,1814,31,48,254,78,13,2789,298,352,188,24227,8,29,1614,1294,550,68,2147,47,783,47,2370,138,144320,6686,16,56,43,1143,46,37,21,22,22,17,22,22,26,61,61,16,26,23,30,1680,649,1016,11148,11138,3467,3655,227,897,8,26,46,16,615,14,63,575,50,253,19,22,14,237,30,85,1383,62,436,17,21708,27,532,23,25,533,113,13,1890,602,657,1705,15,223,31,52,794,26,88,847,142,117,553,380,1850,16,1342,54,19,55,28,54,19,48,394,145,105,206,510,193,244,380,334,27,25,25,153,342,114,29,41,57,1115,1160,25,32,205,2004,740,71,120,28,17,110,69,184,300,88,490,16,221,19,4,22,14,31,1792,346,296,563,1145,197,114,93,98,1231,20,5089,30825,7,51,163,1043,6601,139189,160,3051,156,4411,98,13818,337,HD
female_Q175_2m_4R,955,112,54166,720,10462,30,955,59422,2956,12668,246,10950,142,383,96963,59,40972,45,30233,6151,13,6160,8344,54,2611,4186,16350,45,136,3962,35,894,1355,11,18,392,235,5130,190,46,1356,21,93184,414,1575,67702,42,10,6512,3301,202630,1591,322,47,70222,812,4294,287,503,793,14,840,136,123,30947,3060,934,227,14,49,1495,314,28071,2096,2210,10,74,51,23236,32,4045,3586,206,83,511,27274,13,112,43,1810,1411,3330,12413,88,4358,215,4927,14056,7889,5159,67,64,10330,303,52,998,26,547,139,16,31199,11,188,3081,309,469662,19,24195,1829,35005,4789,4125,408,197,2170,96,2827,552,2814,143,18,511,21,17335,318,15,66,37,13,201,12,42,67256,1367,74,542,15,616,52,1130,14,257,179,24,59,196,42,192,14,300,41,216,273,390,17936,25,143,114,43,79,1682,2630,15,41,47,3601,15,1662,189,14,7790,10694,692,8678,54,25,285133,113,1306,6261,66,1120,3634,1690,27,395292,50,13184,469,8448,121,62,184,10,1761,46,38,37,38438,215,18,88,3445,5907,203,17451,59,2422,6,64,32,473,27,82,12,377,73,21,18,38,15,130,89,26,61,57,12,182,63,17,49,403,1880,97074,35,17541,186,311,62947,335,65580,3187,67987,212,34,7,32,775,839,94,583,241,9,45,466,48,34,537,5758,360,899,859,5350,484,10,27,4387,4145,44,734,3388,143,80,70,622,8358,923,5516,66,1628,577,73,87,1235,102,160,257,10,12,1002,93,100,42,2407,126,20,1421,113,9,908,1677,29,21,313,376,516,617,356,32,25,362,610,407,121,191,23,11,577,138,5025,81,9,674,138,306,184,28,23,19994,28,314,1090,3212,2058,1822,23,52,175,99,19,2984,37,429,152,22823,17,43,1522,1149,480,53,1899,153,749,32,2264,203,148469,6354,23,45,45,1135,44,41,29,31,31,15,31,31,19,50,50,11,19,20,34,1949,699,804,10097,10085,3597,3784,283,818,15,31,49,20,644,8,48,466,52,81,6,18,14,257,33,86,1519,44,343,17,21028,27,514,27,26,450,103,15,2057,495,728,1261,29,256,25,84,861,21,84,876,129,123,468,313,1628,20,1537,44,23,60,28,44,23,53,338,183,131,201,394,190,208,430,341,42,44,16,166,327,114,17,67,63,1336,1248,12,14,189,1709,777,88,113,20,8,130,84,155,269,87,733,23,314,32,11,24,7,25,1632,393,272,622,1038,133,88,67,72,1446,15,5351,28787,15,42,136,1003,6489,164471,185,3911,174,4483,110,8592,439,HD
male_Q175_2m_1R,713,118,40950,889,10249,31,713,50669,3007,11187,260,9403,146,252,66921,73,30603,100,27652,4989,11,7185,6482,48,2124,3188,19435,60,147,4785,36,623,1224,4,0,452,212,5862,225,35,1273,32,75081,619,1777,49042,93,20,7093,3071,230896,1899,490,100,51911,686,3905,413,546,2051,14,1049,150,115,29972,3260,1036,217,13,40,1292,292,22208,1866,2189,14,70,39,47410,40,4139,3831,224,81,371,30426,21,92,59,1591,1078,2913,11243,107,4196,204,4714,5967,8265,5179,101,70,8718,373,45,923,20,587,146,14,49015,26,178,2705,238,409644,11,20619,1667,26174,4147,803,126,177,1593,71,2796,271,2785,98,26,529,22,17086,419,25,77,35,11,177,14,51,81004,1173,67,556,17,655,54,1427,22,230,193,16,82,189,50,185,16,282,46,70,180,333,23355,17,132,227,42,204,1697,3202,14,37,53,3500,20,1608,237,19,7318,11223,791,10618,48,35,357318,116,1199,5342,85,1242,4117,1701,23,352748,42,11650,526,8474,139,68,213,13,1925,59,27,26,40773,201,27,106,3341,5540,202,19401,76,2426,8,79,98,511,20,70,15,327,76,14,17,33,14,115,98,25,42,82,13,188,53,10,53,327,2365,96854,44,15386,225,320,70408,344,65679,3848,65853,310,36,11,32,1051,958,135,658,278,20,68,565,48,39,627,6859,277,977,1162,6368,830,13,35,4817,3764,48,942,4239,142,148,59,535,7033,1054,5376,76,1668,583,87,69,982,87,187,273,8,12,1190,128,162,80,5516,92,25,1441,76,6,960,1631,32,14,229,305,542,807,379,29,23,443,601,435,136,201,15,15,652,160,5806,98,17,670,133,267,171,31,22,21707,24,276,1109,3411,1322,1602,96,32,213,50,9,2639,326,342,183,24401,12,32,1490,1224,522,66,2020,61,857,35,2342,156,115364,6576,59,55,42,1242,46,32,20,22,22,10,22,22,24,56,56,14,24,20,34,1631,667,1024,11274,11377,3102,3455,196,839,6,30,46,14,568,12,68,596,64,265,14,17,16,272,41,93,1443,55,482,18,22917,31,538,30,26,458,136,16,1647,523,602,1644,7,25,24,64,933,18,81,739,109,109,814,491,1811,16,1419,46,14,55,22,46,14,49,353,148,132,259,483,206,271,378,266,41,39,21,35,270,137,21,45,44,1296,1413,20,20,172,2109,697,66,161,30,16,113,108,219,260,76,488,25,229,28,8,17,14,29,1775,333,299,585,1136,157,95,90,100,1585,16,5243,27463,14,48,187,1209,6103,137949,109,2814,182,4150,101,13508,331,HD
male_Q175_2m_2R,773,132,41167,1100,9683,35,773,50107,3502,10868,300,8854,171,326,73851,75,30399,72,26691,5377,17,7521,6510,34,2262,3046,17345,44,126,4495,36,554,1181,14,9,458,221,5282,204,55,1815,33,85652,566,1584,52577,59,22,7039,3154,205826,1682,385,94,53726,810,4138,330,492,775,19,935,198,120,25789,3175,890,206,11,42,1294,319,23231,1761,2209,14,76,40,37658,34,3877,3884,194,55,388,26298,12,114,52,1322,1187,2822,11583,86,4224,191,4638,6279,8740,5303,92,49,7109,318,46,854,16,538,131,15,41772,13,170,2884,270,465527,15,22335,1788,29955,4486,59202,8936,223,1724,72,3071,334,3060,101,24,489,20,17326,408,25,77,33,15,140,15,59,78259,1216,50,498,17,659,57,1210,19,253,177,24,72,199,41,192,7,211,46,3164,3663,448,16433,28,126,188,42,111,1550,2795,18,39,53,3519,23,1543,161,19,7812,9594,763,8729,32,21,340265,121,1156,4496,76,995,3382,1805,26,379253,44,13374,370,8242,123,79,182,14,1874,56,20,20,41665,203,24,92,2740,5400,196,18851,55,2043,21,76,62,567,24,92,15,350,54,19,15,35,11,114,95,26,41,85,8,230,55,10,65,341,2288,94441,34,15446,190,318,68684,353,65910,4084,58565,311,44,10,37,803,848,133,573,292,14,64,495,45,44,684,6679,281,893,1029,6194,760,16,23,5383,3782,64,889,3820,149,116,62,495,8118,1097,5516,72,1683,596,85,66,1124,63,179,235,15,15,811,69,87,32,2653,97,28,1311,89,17,813,1572,34,25,284,333,538,804,372,46,39,525,500,414,118,176,15,12,623,140,5451,97,13,615,128,325,167,28,23,21836,35,322,1011,2692,1648,1787,22,48,235,58,21,2846,269,345,148,23542,21,38,1551,1232,468,53,2071,2150,910,44,2349,140,137188,6418,17,38,53,1151,46,49,19,20,20,10,20,20,16,60,60,15,16,18,31,1799,742,1016,12312,12279,3564,3455,236,953,7,34,44,21,613,15,52,579,64,264,11,28,22,273,32,90,1562,53,429,15,22129,18,564,22,29,515,108,13,1854,500,736,1718,20,130,24,63,913,10,79,817,102,128,669,450,1927,17,1206,45,23,65,30,45,23,46,356,161,113,244,517,176,282,367,324,29,34,23,104,315,145,27,54,53,1077,1259,14,30,177,2235,747,75,145,32,19,107,91,196,273,96,527,18,241,22,11,21,13,27,1945,381,292,551,1156,175,123,111,90,1045,16,5284,30341,17,41,154,1081,6268,151029,131,2969,170,4344,98,13565,336,HD
male_Q175_2m_3R,764,110,41371,1026,9269,37,764,50116,3058,11658,247,8818,161,307,74680,58,30218,60,27868,5229,18,8115,8219,42,2623,4026,18270,50,103,4588,33,1000,1312,7,11,430,209,4684,184,43,1630,28,86770,486,1656,49423,64,19,7988,3217,234940,1667,353,82,53777,666,3476,407,571,987,21,922,158,130,28907,3508,898,189,11,42,1212,257,27157,1878,2121,12,67,42,37502,29,3791,4689,217,83,396,27816,14,92,51,1236,919,1886,13857,125,4085,170,5085,6929,9685,5291,86,67,8391,342,40,912,28,466,119,9,39759,17,158,3521,275,535813,17,26388,2033,36796,5358,970,108,156,1879,86,3583,362,3569,102,22,543,24,18531,335,13,111,45,7,134,10,40,71415,1948,119,465,28,826,50,1006,16,230,133,27,52,195,34,194,16,256,53,66,184,386,15590,39,121,169,36,84,1803,2949,19,39,40,2845,13,1786,193,22,8999,9119,671,8549,40,30,326542,111,1133,4249,59,935,3235,1896,26,379790,48,16328,461,9440,151,82,253,14,2118,77,31,31,36075,192,22,81,2740,5356,186,19159,59,2404,5,111,96,515,22,78,13,310,67,18,24,27,15,96,85,31,58,78,8,268,66,9,65,334,2480,106346,45,15512,207,311,64269,305,60554,4618,55915,237,50,9,26,847,874,129,555,340,15,51,467,46,43,590,5950,331,940,970,5790,680,20,22,4911,4063,58,918,3753,157,109,57,517,9909,1232,4818,60,1687,696,70,68,1177,71,132,179,11,13,889,69,89,39,2471,110,19,1284,87,12,958,1513,34,20,268,362,498,636,373,34,28,342,465,438,121,209,22,15,717,127,6184,84,11,715,145,374,145,28,21,27143,28,310,984,3137,1389,1480,22,46,245,74,18,3000,361,405,195,28110,13,41,1500,1077,500,62,2019,53,839,42,2483,162,171162,6383,20,43,35,1113,46,50,22,24,24,20,24,24,25,49,49,12,25,15,24,1631,774,948,12175,12106,3436,3879,233,865,11,34,48,22,609,9,43,520,48,326,11,22,12,271,39,77,1661,62,461,15,26707,24,550,32,28,451,106,9,2603,601,722,2100,15,239,23,59,858,53,81,746,137,135,575,411,1712,17,1327,54,12,63,33,54,12,52,365,161,92,245,413,211,244,376,376,42,58,23,184,304,127,29,52,59,1467,1114,24,20,144,1971,856,70,145,17,27,91,65,189,242,77,619,19,275,34,12,25,14,24,2210,399,265,704,841,140,108,81,96,1191,12,5115,27793,14,35,121,1080,6031,153649,130,3108,172,3834,88,14559,362,HD
male_Q175_2m_4R,891,122,42446,853,9435,24,891,51414,2753,11992,256,8779,143,384,79396,51,32777,52,30510,6162,20,7905,8661,38,2606,4247,20568,39,112,4888,30,876,1935,10,18,408,252,4357,178,23,1406,24,89997,509,1509,51362,46,9,7788,3266,216414,1703,502,101,57198,737,3584,356,510,953,20,873,167,104,27303,3185,1023,196,10,49,1578,287,25176,1906,2368,18,82,37,34292,37,3876,4572,251,96,400,31694,15,150,53,1870,930,2068,15042,124,5092,216,4703,6683,9570,4816,92,77,6862,388,36,887,24,484,160,11,40196,18,190,3729,239,558852,23,25917,1934,35208,5275,7849,830,210,1993,81,3322,313,3303,91,19,614,27,20466,160,9,85,34,13,239,16,43,78479,1202,68,405,24,756,61,1142,16,242,196,21,76,242,61,239,15,318,56,364,432,361,15834,20,159,195,36,96,1670,2959,9,39,39,3137,15,1663,220,13,9873,10357,884,10084,47,19,296910,108,1330,4967,82,964,3580,1984,30,368577,43,14769,387,8899,161,73,223,19,1344,77,26,28,37317,242,23,126,3069,5320,232,18422,84,3165,16,105,99,517,25,81,10,350,89,11,23,31,13,117,91,29,55,66,11,197,76,7,45,277,2579,134177,32,16085,211,336,80713,321,71025,4520,71338,243,27,9,32,830,921,135,698,261,10,45,461,46,39,542,5081,271,990,963,5951,518,19,39,4479,4183,43,876,3981,192,117,67,534,9680,1103,5765,68,1643,618,66,71,977,65,127,219,18,11,928,62,125,27,2742,132,15,1467,97,6,1116,1475,27,25,264,372,480,504,400,34,25,296,509,415,127,183,16,19,833,142,6350,96,20,839,162,352,129,37,29,22669,23,292,873,2735,1516,1418,26,53,164,49,14,2791,395,339,203,23997,12,30,1447,1024,468,54,1823,227,820,40,2075,155,154801,6086,33,62,49,1687,39,39,20,21,21,11,21,21,14,42,42,22,14,7,29,1495,636,889,12938,12904,2943,3650,299,872,11,31,51,23,546,12,57,524,36,260,5,24,8,332,43,71,1631,48,424,15,30389,33,533,21,27,445,106,11,2582,608,764,2336,9,279,26,72,814,18,67,853,134,103,449,358,1531,20,1320,44,27,51,21,44,27,41,418,180,86,290,472,185,220,360,388,46,45,23,161,262,120,20,59,32,1267,1209,15,24,142,1612,701,64,111,25,18,94,69,162,239,56,596,14,243,32,13,16,5,35,1777,400,233,567,963,142,89,85,76,937,21,5083,24060,9,39,133,1285,6119,177217,122,3241,198,4499,76,13323,511,HD
female_Q20_2m_1R,892,116,45925,947,9777,42,892,53647,3276,11703,259,10334,182,348,80774,69,34158,61,28341,5186,16,6646,6878,33,2108,3526,17216,43,141,4308,32,566,1173,7,12,385,220,5090,199,59,1038,33,79718,467,1552,52368,53,22,6760,3315,185887,1643,313,78,54436,885,4138,340,511,1641,27,966,173,121,32389,3301,905,236,15,39,1301,288,27152,1959,2140,19,87,43,34026,30,3548,3822,180,79,467,26335,12,152,43,1484,1356,2946,9964,108,4293,216,4658,5900,8313,5145,91,51,7915,366,32,922,26,461,125,7,35450,22,155,2890,253,439863,15,20641,1794,30315,4323,35303,5408,179,1813,99,2918,302,2910,110,30,603,22,17735,370,16,92,28,16,165,8,41,69969,1302,68,517,19,707,53,1107,20,212,136,18,73,198,49,195,16,278,57,1853,2187,425,20202,25,135,177,54,217,1874,3183,17,38,45,3142,17,1779,230,18,8483,10433,791,8860,40,28,329334,94,1249,5699,65,1057,3592,1818,37,370107,41,14299,475,8511,120,80,197,20,2325,68,37,37,38741,194,17,65,2954,5008,218,17920,58,2407,14,71,90,511,30,68,9,382,54,13,16,38,17,97,79,18,47,66,14,170,57,13,67,325,2133,100084,37,15539,207,339,65366,357,67708,3676,65040,262,38,9,31,697,885,136,628,287,11,49,532,45,26,640,6220,294,900,880,6174,672,12,25,5476,4142,54,868,4084,160,89,85,517,9049,1010,5539,67,1712,631,77,84,1121,110,158,229,13,13,1038,105,121,43,3680,113,25,1303,82,6,945,1545,25,23,320,332,462,722,322,29,25,374,582,435,142,186,22,13,635,129,5371,103,19,644,119,303,153,40,17,21569,31,335,1050,3257,1679,1785,84,61,209,52,11,2851,217,388,186,23123,16,34,1518,1169,430,51,1997,1526,827,47,2244,166,141627,6635,46,47,42,1588,47,45,19,21,21,19,21,21,13,50,50,8,13,12,26,1662,626,950,12122,12221,3520,3474,203,937,16,26,36,19,665,16,58,503,68,225,15,33,27,225,36,71,1538,55,398,20,20988,33,551,30,30,420,118,10,1984,638,738,1992,20,112,24,60,833,43,71,856,124,101,637,386,1660,22,1338,47,20,35,22,47,20,53,372,123,91,218,453,217,251,376,352,28,34,16,92,240,103,28,47,43,1270,1066,13,20,191,2090,874,50,173,37,11,127,76,163,280,85,562,20,287,25,13,19,12,33,1826,380,249,579,1016,155,77,77,93,1142,16,4828,27602,8,37,155,966,6655,141129,115,3403,152,3558,85,12883,377,WT
female_Q20_2m_2R,789,103,45410,1023,10204,32,789,55405,3266,12838,266,9938,147,283,71641,70,30162,53,25861,4878,11,7668,5563,41,1939,2674,18417,46,124,4293,36,589,1150,9,10,353,231,4792,207,45,1414,27,105564,433,1468,61977,54,15,6978,2982,177805,1734,390,86,56487,822,4292,314,509,729,21,1070,178,134,33781,3060,847,201,6,51,1274,283,21026,1941,2150,20,59,37,41234,32,4013,3949,177,64,468,19333,18,75,43,2093,874,1700,9508,102,3736,199,6399,16367,8555,4842,76,68,5948,335,40,830,17,519,123,8,38291,24,182,2786,242,445603,19,22629,1594,27122,4303,26055,3631,233,1722,91,2830,344,2815,92,27,548,29,17567,429,32,99,55,13,128,8,42,69576,1170,142,567,16,528,42,1243,10,254,170,16,72,135,32,133,10,225,47,1251,1456,352,16990,18,125,178,34,105,1882,2950,11,51,44,2536,10,1710,156,12,6656,10686,804,9416,41,28,282338,115,1380,5909,80,1277,3454,1721,23,387978,60,13711,426,7978,138,83,188,11,2113,57,39,41,39662,208,35,101,2806,5959,220,17033,71,1873,9,86,80,517,21,81,12,322,60,11,27,46,16,128,80,23,55,73,6,235,65,24,56,368,2016,96721,33,19037,213,380,71225,251,59676,3671,51071,367,42,12,22,840,849,116,519,365,13,50,531,43,41,620,6123,289,875,1137,6231,727,12,34,4647,4821,57,966,3298,186,145,69,583,7451,1029,8000,77,1628,550,75,67,1082,102,148,315,15,13,853,88,69,53,2769,130,28,1305,81,15,954,1621,27,26,310,346,447,707,380,35,30,412,516,475,131,218,15,21,801,132,5219,83,12,559,131,338,160,43,29,21639,26,295,1034,2861,1763,1339,20,46,198,38,20,2797,224,379,206,22235,16,48,1583,1204,444,48,2031,941,835,37,2251,120,156457,6130,19,38,41,1148,56,39,20,24,24,13,24,24,19,49,49,11,19,15,26,2162,769,848,11477,11447,3648,3215,271,799,9,32,48,24,650,12,45,547,54,238,18,29,23,296,43,102,1407,65,379,22,25499,17,536,27,26,481,136,14,2042,546,539,1771,14,207,31,51,892,38,62,822,129,133,785,404,2423,16,1330,59,21,70,33,59,21,53,346,142,133,230,443,185,275,375,339,32,42,18,147,272,123,27,69,50,1061,1095,19,24,160,2057,813,77,143,32,20,118,87,210,263,82,598,20,279,30,16,16,11,35,2560,361,290,484,1187,175,98,95,71,839,15,4992,26140,15,54,177,1023,6522,137750,183,2957,178,3968,104,12485,363,WT
female_Q20_2m_3R,737,127,46990,1013,9901,47,738,53943,3003,14050,260,9475,157,313,87008,60,34110,50,28336,5414,16,7918,7318,34,2420,3775,17764,51,104,4701,29,956,1563,6,7,396,209,4717,185,49,1799,25,91845,506,1463,53494,48,19,7362,3045,200912,1806,443,97,53758,688,3642,372,648,982,33,823,154,139,25105,3322,883,172,20,47,1225,262,24948,1825,2050,18,102,26,32835,36,3229,4354,218,58,369,27950,18,118,57,1205,970,2022,11672,138,3735,214,4831,6385,9909,5316,98,77,6439,291,48,770,33,473,104,11,38400,12,169,3642,332,531187,21,25682,2110,34820,4414,53718,6392,191,1996,72,3331,382,3317,132,20,554,26,17264,338,18,67,35,9,126,10,49,71599,1235,79,457,35,634,56,1008,18,259,177,17,67,180,51,179,14,221,51,2625,3095,403,16879,28,145,195,43,183,1619,3148,20,40,40,2635,11,1836,173,18,8220,8797,667,8603,56,21,312893,121,1073,4180,64,1039,3132,1944,24,377492,43,14450,418,8697,136,71,208,18,2338,58,23,23,35527,175,22,94,2583,4808,190,18520,52,2024,13,89,73,520,33,83,11,317,52,10,15,37,19,112,85,29,50,88,12,228,65,14,61,333,2253,108532,40,14545,218,370,63486,341,64763,4333,55975,271,45,13,26,852,908,124,526,321,15,42,511,53,42,623,5706,248,896,925,5688,557,10,25,4464,3526,50,918,3364,141,135,51,544,9647,1175,5325,68,1732,719,75,85,1100,50,161,227,7,11,877,87,83,30,3031,101,20,1436,75,9,985,1477,28,24,309,306,552,723,362,27,25,3623,453,374,120,199,15,13,572,127,6118,92,14,773,151,293,178,30,24,25152,21,284,978,3086,1448,1502,16,40,228,70,19,3341,379,374,159,24640,16,39,1534,1197,581,49,2062,1883,884,40,2360,190,171311,6361,21,37,58,1129,45,40,23,26,26,7,26,26,21,32,32,12,21,6,23,1731,723,943,14405,14358,3538,3763,268,842,6,44,42,18,593,8,36,498,62,327,14,21,11,315,38,71,1560,53,495,14,25457,29,578,25,19,429,97,15,2250,441,747,1875,21,133,31,83,920,46,76,747,140,136,603,472,1824,12,1293,53,19,65,38,53,19,48,404,131,113,258,443,202,282,401,314,39,47,19,116,341,120,25,73,56,1266,992,28,20,173,2076,830,83,151,25,18,105,89,167,232,79,877,20,332,21,12,23,20,32,1905,373,312,581,1061,154,105,117,79,992,28,5496,33183,17,34,124,1137,5844,149545,125,3341,172,3868,111,14099,383,WT
female_Q20_2m_4R,665,119,45183,1063,9685,27,665,53083,3081,12534,255,9157,153,314,81630,48,32710,57,28113,5690,22,8654,7917,24,2714,3930,18466,76,110,4581,36,849,1270,10,15,418,176,4527,178,48,2152,29,96460,458,1643,53455,80,24,7591,3008,224276,1727,433,71,51377,699,3794,355,679,1199,9,798,144,111,25311,3146,899,210,8,36,1310,262,25300,1816,2059,16,96,32,34403,39,3944,4440,197,73,352,25384,15,88,53,1152,1004,1983,12543,118,4581,197,4923,6250,9892,5178,108,71,6809,311,61,892,15,505,100,9,38169,23,162,3574,306,591078,17,27320,2037,39794,5197,3788,389,145,1946,80,3661,433,3648,92,17,569,20,19037,423,27,83,45,8,133,19,30,72596,1294,78,508,20,652,57,983,10,250,155,16,80,202,42,203,9,217,49,177,240,324,16099,34,133,155,44,134,1534,2883,10,35,49,2822,12,1912,175,13,9113,9432,680,8463,44,25,299720,99,1094,4323,63,861,3001,1865,23,370369,41,14819,386,8747,143,87,183,9,2044,57,21,21,37640,182,20,101,2838,5029,184,19476,71,2438,7,100,75,545,36,86,7,352,75,17,17,29,13,108,104,20,48,70,6,271,52,16,50,391,2240,118204,34,15099,206,334,67820,304,65866,4260,61233,224,50,10,32,751,839,145,537,318,13,37,484,51,35,626,6105,311,964,913,5858,639,20,37,4652,3586,54,887,3831,148,122,49,539,9193,1344,5196,65,1764,743,66,76,1150,67,125,219,13,13,846,78,101,32,2801,102,19,1460,93,13,1007,1568,29,29,292,328,606,822,375,34,27,395,512,401,129,203,28,21,639,141,6155,99,13,735,141,330,155,42,34,28010,25,301,972,2735,1495,1588,27,41,175,70,20,3036,334,447,195,26722,20,27,1585,1080,572,57,2138,127,919,37,2390,194,176026,5999,22,51,42,1330,44,35,20,22,22,7,22,22,12,42,42,13,12,9,22,1676,662,987,13548,13501,3657,4012,289,814,14,28,52,21,615,8,66,458,52,289,19,17,9,367,48,74,1752,42,490,16,28620,17,585,27,22,382,107,9,2845,527,776,2329,7,285,21,65,956,34,67,767,146,114,511,452,1836,16,1437,66,25,70,31,66,25,50,363,165,112,280,396,198,231,413,364,50,51,16,175,355,118,27,58,48,1391,1103,13,17,158,1846,898,66,183,31,21,78,61,183,214,80,822,23,336,23,10,24,10,53,1802,399,255,598,939,161,129,105,78,968,13,5123,30809,21,24,131,1109,5609,158930,147,3338,200,4113,87,13941,464,WT
male_Q20_2m_1R,650,111,40300,663,9506,23,649,48714,2900,11265,278,9294,138,297,72543,57,29897,58,28192,5156,17,6343,6714,45,2367,3472,20047,66,120,5189,27,520,1135,9,4,490,215,5039,195,50,1315,40,71619,679,1530,44125,67,14,6814,2923,247229,1973,453,91,53947,614,3365,431,522,706,19,1004,155,102,26038,3401,788,216,9,49,1175,259,20883,1717,2125,18,78,39,47883,39,3739,4495,217,75,345,32700,17,95,47,1371,1063,2580,12580,104,3794,181,4577,5120,8832,4807,89,49,7203,315,44,866,18,486,145,15,44780,29,186,2919,268,438970,23,21727,1818,29516,4929,53946,8545,180,1744,67,3083,304,3077,135,18,588,27,16613,515,23,87,25,14,153,13,33,78097,1235,74,485,22,685,66,1092,21,223,204,13,71,164,46,159,10,263,43,2653,3072,417,13898,22,136,198,45,180,1560,2787,23,31,62,3078,25,1609,174,17,7456,10602,696,10966,42,22,322956,105,1117,4045,75,1120,3667,1914,25,357124,47,12159,487,8353,157,82,202,16,2584,51,36,37,37715,200,15,111,2589,4898,187,19621,65,2423,12,99,67,504,28,98,13,330,64,21,31,49,21,136,102,20,58,75,10,230,36,7,73,406,2399,98541,35,14236,204,286,62854,344,61256,4205,57225,272,41,13,37,999,910,118,591,288,19,66,574,41,34,615,5581,301,922,1089,6292,600,17,25,4505,3312,67,949,3632,112,135,71,453,7631,1295,4875,86,1843,637,80,76,1091,76,182,268,7,14,910,69,87,31,3296,108,31,1292,64,13,921,1458,31,22,266,319,509,730,384,32,25,472,515,393,138,180,14,15,614,178,6391,93,12,742,160,289,208,38,22,23764,26,279,980,3157,1381,1747,107,37,198,55,15,3008,282,349,165,25193,15,40,1399,1132,552,60,2082,2044,1017,46,2655,173,120114,6194,14,55,37,1121,62,47,21,27,27,10,27,27,22,61,61,16,22,19,31,1548,699,1044,12677,12821,3219,3517,216,859,13,30,50,15,611,9,57,599,55,274,7,22,13,274,49,92,1703,50,570,18,22302,26,482,29,24,461,125,9,1922,510,715,1648,6,50,22,46,975,26,85,722,120,106,851,592,1794,19,1429,51,22,60,30,51,22,49,373,124,111,259,493,168,258,416,297,35,52,13,26,298,142,22,44,58,1250,1292,25,32,146,2195,826,78,198,31,25,120,101,198,213,89,557,12,290,15,8,17,12,31,1762,348,265,621,1064,164,94,120,91,1063,21,5610,32566,18,31,179,1101,5344,144196,84,2867,165,3954,109,13110,386,WT
male_Q20_2m_2R,759,130,45133,784,10674,26,759,55050,3037,12768,303,10163,119,282,73606,67,32674,75,29378,5314,14,6519,6617,32,2274,3292,19557,55,112,4963,37,616,1011,10,2,456,192,5928,194,38,1066,28,68231,554,1650,46241,67,14,6592,2898,228478,1801,401,92,53145,736,3813,407,507,817,23,1054,181,126,33091,3251,795,282,18,41,1276,288,23270,1928,2022,9,91,32,47074,37,3779,3641,204,78,364,27191,26,120,55,1189,1136,2896,10599,83,4069,213,4263,5116,7989,5331,94,53,9518,390,38,983,27,586,165,17,46045,25,199,2747,241,431010,19,21342,1744,28067,4400,82872,12375,194,1680,75,2690,284,2685,116,32,553,30,16190,467,24,85,32,15,145,11,41,78027,1242,84,510,23,671,67,1286,19,224,193,17,58,175,50,169,16,260,37,4520,5089,412,16011,19,132,228,54,153,1799,2953,18,44,43,3192,10,1657,181,18,7478,11273,758,10262,32,21,342221,102,1156,5083,81,1261,3947,1730,27,377805,50,12281,513,8390,157,77,215,17,2566,45,21,22,39884,177,24,96,2789,5063,187,18838,59,2403,17,87,72,513,29,80,8,371,68,17,13,45,19,131,90,20,39,81,11,192,35,12,61,419,2378,92072,29,14628,196,335,61843,429,62286,3829,60921,266,39,9,21,1092,1012,120,563,276,15,53,565,40,42,582,5871,269,928,1104,6609,548,16,27,4628,3680,59,1003,3909,148,132,78,521,7804,1094,5290,77,1761,571,90,68,919,87,163,271,11,8,1068,103,105,71,3933,105,20,1317,78,9,888,1612,22,25,261,306,487,739,371,47,31,594,591,409,135,186,22,14,622,177,5743,68,12,698,123,273,172,37,15,20664,32,315,1105,3417,1528,1839,81,37,222,21,14,2955,288,386,158,23526,9,35,1525,1198,568,58,2003,3072,967,61,2588,152,118697,7231,23,38,41,1150,59,45,17,18,18,26,18,18,13,52,52,14,13,18,34,1558,692,1048,11852,11943,3378,3583,213,899,9,24,57,14,614,11,54,534,55,270,10,23,18,248,42,85,1511,56,496,21,21774,16,516,27,35,494,121,11,1525,466,643,1485,5,22,23,60,948,26,87,755,100,134,879,554,1556,28,1511,45,21,61,33,45,21,56,353,143,117,237,497,156,300,431,307,26,39,16,32,248,117,17,38,39,1201,1358,10,26,152,2259,848,91,177,22,18,99,91,219,247,90,632,13,257,17,12,20,16,31,1663,348,285,590,1082,178,66,93,85,1584,18,5178,30950,20,35,196,1057,5869,139821,120,3062,157,3909,122,12630,323,WT
male_Q20_2m_3R,798,119,45728,1039,9872,47,798,55700,3615,11572,267,10420,161,379,83416,61,31412,78,29517,5171,16,6637,8080,23,2576,3885,17953,59,103,4404,33,1013,1224,8,4,429,206,4304,196,52,1689,30,83273,471,1474,47603,71,19,7134,3296,189982,1824,415,86,57417,690,3763,392,609,780,22,908,149,161,32573,3405,852,213,11,31,1212,272,27349,2072,2210,20,82,43,35001,32,3899,4152,187,84,347,25329,18,111,48,1306,830,1650,12155,126,3768,184,5527,7179,8619,4560,81,52,7470,379,42,753,31,515,116,11,36648,12,156,3342,303,472800,29,22455,2001,32317,4759,70477,9295,163,1879,111,3478,381,3473,79,23,431,19,17348,399,21,92,24,17,150,14,42,66055,1171,88,451,21,579,59,1031,17,259,158,17,63,177,32,177,23,263,44,3192,3608,418,17136,21,138,158,49,169,1580,2683,17,32,53,2902,13,1474,189,19,7675,10018,661,9189,49,27,303141,88,1148,4672,68,817,2904,2101,38,339234,41,14120,447,7672,139,76,179,10,1819,61,32,32,38041,230,32,109,2943,5151,199,19032,57,2493,16,93,74,521,34,76,16,361,78,16,13,44,21,116,91,27,52,58,4,258,44,14,74,302,2444,101709,44,16186,199,339,67444,342,60360,4816,53654,243,46,11,31,823,820,109,479,378,13,52,451,38,27,621,6648,300,930,962,5457,704,10,32,5171,3489,58,952,3539,126,122,58,559,9550,1155,4976,64,1812,739,59,57,1144,87,166,246,8,16,808,58,60,33,1911,110,23,1132,69,14,983,1439,30,17,278,361,541,763,360,44,39,454,530,520,147,232,17,20,677,123,5729,91,12,653,153,311,127,38,22,23996,32,291,1037,3087,1461,1592,112,47,182,42,16,3057,324,447,182,25717,21,26,1460,1129,438,31,2123,2232,848,37,2496,189,192717,5911,16,68,37,1170,39,56,29,31,31,17,31,31,18,38,38,14,18,8,22,1729,799,952,11807,11911,3381,3958,260,874,17,18,59,18,623,7,51,448,57,287,9,23,6,328,28,87,1644,56,398,22,23449,19,525,16,27,489,106,11,1775,483,698,1931,10,138,22,47,862,21,76,731,127,112,561,402,2052,20,1342,49,30,52,28,49,30,47,375,119,108,251,469,186,238,397,430,32,51,20,150,321,127,33,59,54,1332,1038,21,16,168,1889,803,76,142,39,11,87,80,188,260,74,697,16,327,19,14,20,11,30,2063,351,270,618,993,160,110,101,90,949,12,5298,27434,12,39,170,1081,6037,163757,134,3308,166,3468,112,13237,434,WT
male_Q20_2m_4R,985,139,43077,897,9614,29,984,49832,3247,11215,290,8968,178,302,84136,58,34727,61,27750,5657,28,5067,6733,32,2145,3443,16343,50,118,3909,33,902,1393,10,16,423,202,4727,198,52,1680,35,87970,531,1551,56738,46,16,6564,3268,194524,1604,383,74,72922,872,4444,332,474,901,14,955,176,154,26964,3348,961,178,16,47,1318,318,24160,1804,1886,12,66,50,26131,33,3647,3919,210,64,459,27298,10,104,46,1774,1284,3170,11055,81,4038,196,5606,15242,8604,5380,60,52,8663,295,35,831,23,566,142,18,40150,13,180,2960,303,461187,16,23949,1750,30479,4555,85743,10449,206,1800,92,3017,542,2999,141,24,503,20,17525,358,21,78,32,8,181,9,48,71740,1338,85,460,16,668,68,1407,24,252,160,22,70,183,46,182,11,235,55,3987,4803,462,19726,21,142,153,46,134,1442,2460,24,50,37,3265,15,1702,171,21,8188,8669,699,9605,36,22,306970,90,1144,4279,67,1055,3295,1979,29,398320,55,13711,607,8892,164,56,205,13,1788,52,35,35,40107,190,15,107,2859,5928,191,17661,64,2288,17,86,77,536,30,89,9,291,70,21,25,26,15,102,76,23,55,71,9,203,49,23,57,342,2064,103607,26,18392,241,330,76876,358,68913,3463,62136,249,30,17,30,806,770,133,567,249,15,50,444,49,41,579,6713,318,875,862,6007,534,16,31,4910,4803,40,825,3504,150,100,65,592,8214,949,5958,77,1535,625,68,80,1106,56,122,212,15,9,887,97,109,34,3095,115,24,1334,91,15,1048,1647,34,28,299,320,519,573,328,32,26,624,541,397,121,231,26,23,578,133,5544,81,10,759,124,321,139,37,20,20385,12,333,932,3234,1922,1957,50,49,170,69,20,2588,46,391,173,22822,15,26,1522,1226,617,49,2108,2889,750,37,2141,137,157190,5529,26,41,32,1115,43,42,22,26,26,16,26,26,16,52,52,6,16,10,19,2194,637,1012,9326,9315,3552,3610,267,881,9,33,47,22,610,15,56,660,57,116,14,27,20,293,48,90,1545,39,409,14,23526,24,534,24,23,366,116,11,1818,536,725,1591,22,227,23,77,740,21,66,763,139,104,382,379,1678,15,1447,47,16,53,21,47,16,44,423,125,120,220,427,208,244,376,341,38,48,15,171,325,135,36,64,56,1094,1114,16,24,170,1824,767,59,117,19,26,128,66,166,270,91,593,15,278,35,12,19,16,41,1811,377,250,523,1086,149,102,74,92,985,18,6176,30597,9,39,178,1066,6404,139381,188,3117,153,3945,97,9155,346,WT
female_WT_2m_1R,868,133,42270,936,8839,47,868,48431,3299,10825,286,9351,204,415,81136,78,33354,72,26804,4824,10,5436,7741,36,2301,3851,15512,53,121,4198,27,619,1249,9,16,417,216,4664,209,43,1661,35,79167,522,1702,54178,64,21,7330,3582,196303,1569,355,89,60168,840,4105,314,512,1074,19,904,150,128,27019,3730,959,201,13,49,1357,308,30931,2016,2106,16,78,38,30726,30,3758,3820,216,94,393,26770,13,119,51,1319,1032,2512,10737,117,3788,203,4643,7556,8306,4976,84,49,8373,331,40,894,29,487,128,9,34787,14,155,3249,266,436380,17,21323,1861,31689,4565,547,46,215,1816,75,3371,387,3357,109,28,550,22,18085,376,18,89,30,10,168,16,54,68954,1231,57,488,27,721,52,1010,22,274,147,19,72,208,52,206,9,236,40,73,156,435,19501,20,133,158,54,197,1657,2817,17,46,40,3090,13,1701,191,13,8321,9362,699,8827,23,30,327905,94,1133,4228,63,944,2876,1862,47,376610,49,14929,490,8812,130,73,206,9,2165,66,44,44,39806,205,23,90,2875,5416,198,18993,58,2318,10,91,64,480,27,91,16,391,71,16,24,29,14,105,80,28,58,61,12,182,47,9,77,300,2179,98799,44,16608,229,299,70644,400,63710,4019,59278,241,43,6,24,761,742,145,612,311,13,58,445,52,24,780,6610,335,899,841,5619,624,22,21,5583,3895,57,840,3864,134,104,57,575,9053,1028,5104,65,1625,647,88,82,1188,61,155,185,11,13,944,87,117,36,2730,103,26,1193,84,7,1022,1603,36,26,316,338,521,732,360,26,19,388,536,458,146,193,30,14,664,136,5432,86,12,586,147,339,151,30,33,22628,18,330,1016,3373,1718,1686,111,36,201,86,21,2956,121,408,199,24129,15,43,1388,1132,446,49,1919,56,809,45,2457,158,167532,6720,23,50,58,1193,35,44,14,19,19,18,19,19,24,54,54,7,24,14,31,1790,755,1015,10988,11074,3680,3522,254,888,16,22,54,19,652,7,41,491,62,173,11,18,13,263,30,82,1439,54,449,16,20807,22,557,17,29,457,121,7,1707,586,731,1944,20,172,24,63,746,45,55,825,125,136,591,347,1746,18,1378,44,20,49,21,44,20,52,415,152,92,191,394,230,271,345,326,30,44,16,144,311,105,31,52,51,1247,1019,12,17,178,1819,872,54,120,17,10,96,64,195,257,94,632,27,305,28,10,17,6,48,1927,386,276,657,1010,158,109,106,82,1071,21,5028,28598,13,28,151,932,6455,146469,135,3207,167,3918,79,9724,451,WT
female_WT_2m_2R,691,119,45580,1058,10158,37,691,54490,3455,12352,267,9589,156,306,81808,58,32616,49,29055,5633,13,7610,7592,36,2474,3787,19100,44,109,4800,28,459,1171,7,15,435,246,5146,202,58,1568,32,90124,485,1553,54184,54,15,6850,3044,203447,1879,417,81,56884,794,4031,409,561,875,20,910,172,143,33614,3537,910,195,12,44,1132,259,24459,1697,2088,8,84,49,38243,28,3927,4165,221,61,332,25327,12,98,48,1313,902,2148,11109,98,4045,192,4905,7162,9100,4935,77,60,6351,283,31,918,25,527,133,16,38305,19,175,3404,292,521153,12,24611,1922,33924,4972,77884,10363,196,1975,84,3405,338,3389,115,17,568,25,17627,325,18,80,41,7,138,15,40,74303,1316,50,492,26,616,62,1003,18,223,152,22,71,186,42,184,7,268,37,3956,4282,421,17676,27,132,178,46,140,1676,2821,24,45,50,2922,20,1617,185,17,7548,10124,728,9314,51,18,312629,95,1216,5162,81,904,3280,2104,23,378041,48,14444,419,8453,157,84,197,14,1512,84,40,38,38797,163,18,111,2670,5064,222,19553,73,2230,15,86,86,503,25,93,12,355,57,20,9,39,18,105,93,25,41,101,21,247,67,16,70,331,2393,113823,31,15619,197,349,67532,335,65664,4218,59315,288,48,10,27,859,887,118,499,346,7,63,504,59,37,667,6101,283,981,974,5475,664,21,29,4763,3562,48,907,3475,150,115,72,504,8878,1109,5450,88,1855,717,79,70,1112,68,184,212,15,7,862,81,65,26,2359,111,19,1140,102,7,957,1581,27,28,282,316,512,675,382,26,20,451,522,408,144,217,23,19,672,156,6076,108,20,742,147,309,141,38,21,25018,24,288,1000,2968,1420,1516,29,41,203,42,10,3049,290,423,174,24741,18,28,1498,1259,454,46,2009,2589,869,44,2307,176,168180,6200,16,50,32,1243,48,54,20,23,23,13,23,23,9,38,38,14,9,10,15,1693,672,884,12783,12764,3621,3736,279,921,9,41,62,25,536,19,53,493,49,265,9,28,8,326,37,83,1661,57,481,9,24057,16,490,24,36,470,104,10,2443,487,730,1761,26,188,26,64,875,19,70,776,124,115,573,396,1871,10,1313,38,15,53,21,38,15,44,369,130,117,294,444,198,215,420,350,20,46,20,153,302,111,25,55,42,1315,1117,24,31,165,1908,651,76,123,17,21,88,81,192,255,80,508,19,252,27,10,24,8,45,1967,370,253,572,1028,170,97,96,90,831,24,5967,28514,14,43,174,1128,6061,158671,92,3179,169,3922,87,14793,397,WT
female_WT_2m_3R,657,132,43620,963,9344,35,656,50036,3041,12577,258,9308,175,269,74269,76,32527,78,26018,5158,17,8302,5900,28,1937,2932,17170,48,118,4342,36,771,999,4,15,457,219,5402,171,66,1344,38,98527,559,1612,61261,69,14,7104,3121,206068,1643,330,98,53984,752,4427,340,553,890,23,1078,168,126,24580,3577,880,209,15,44,1298,250,23756,1999,2123,23,91,31,39812,43,3379,3660,175,71,406,23950,30,102,61,1248,1396,3115,9564,118,4047,221,4481,6045,8549,6227,81,51,7065,322,32,861,20,519,116,4,38204,22,167,2910,277,463911,18,23017,1813,30032,4013,2283,309,206,1858,75,3051,351,3045,89,24,635,24,17879,342,17,70,50,11,109,7,35,80608,1247,73,452,28,624,60,1170,18,266,151,24,76,186,51,184,16,218,38,160,257,382,17071,29,147,155,46,131,1740,3458,13,37,49,3040,17,1822,222,15,6890,9372,840,9601,46,23,345262,109,1171,4434,65,1137,3368,1623,25,391985,40,12739,425,8242,145,61,202,12,3209,57,21,22,41093,155,17,81,2745,5220,174,18786,54,2152,12,68,93,596,38,87,15,407,49,16,18,32,22,129,118,29,46,72,10,198,40,22,74,363,1974,91043,35,14157,188,282,65705,307,67829,3416,62987,270,34,15,28,881,885,122,625,272,17,64,470,52,42,703,7040,309,907,1041,6641,572,16,24,4806,3866,51,879,4030,169,91,70,619,7927,1110,5788,53,1566,612,94,97,1180,59,176,220,10,19,1001,104,105,46,3564,83,34,1626,83,14,913,1629,31,22,274,319,532,910,366,31,24,505,567,381,137,166,15,16,587,136,5098,99,21,602,122,320,137,35,27,21150,36,320,1031,3403,1458,1626,23,39,275,76,10,3075,334,343,172,23014,8,55,1647,1368,626,37,2112,129,876,37,2333,161,138917,7828,17,35,39,1099,71,33,25,29,29,11,29,29,20,49,49,17,20,16,22,1815,681,1093,12135,12094,3969,3402,240,924,16,30,45,17,623,6,71,504,56,299,14,20,16,306,42,83,1367,62,443,22,23500,17,541,30,25,410,106,11,1765,493,652,1583,34,163,29,63,931,41,96,820,151,136,793,496,1874,15,1494,37,25,54,25,37,25,50,350,158,114,220,406,172,278,418,346,50,32,15,125,328,142,30,39,60,1169,1100,20,27,157,2376,1003,90,198,27,28,107,99,229,260,93,739,22,306,9,9,29,12,31,1738,326,341,574,1284,182,109,117,87,1063,16,5259,36002,15,41,173,1027,6288,131425,102,3065,163,4522,91,14975,329,WT
female_WT_2m_4R,964,123,49398,752,9847,26,964,54962,3202,12543,239,9938,146,376,94372,41,39457,48,29643,5772,19,5829,8143,47,2478,3977,14413,33,106,3793,28,1034,967,9,20,387,205,4732,144,63,1607,34,93036,448,1641,66640,78,24,7111,3362,212590,1376,288,48,72048,719,4589,264,594,897,18,783,174,176,27057,3166,854,208,15,44,1488,302,29419,2108,2121,17,59,41,22631,35,3754,3465,171,68,507,26045,11,117,47,1515,1275,2761,12243,103,3770,215,4963,14447,7813,5339,92,61,10406,291,35,841,22,472,142,10,31438,14,144,2695,287,446155,12,23276,1947,33030,4463,975,99,211,2104,95,3036,517,3029,124,8,552,17,17142,451,25,66,41,9,208,10,40,62740,1541,76,472,25,664,42,1265,12,261,149,29,69,190,29,186,15,254,64,63,133,407,19762,20,116,106,52,127,1664,2548,14,43,31,3578,4,1778,188,19,7499,9664,556,8417,51,15,309290,118,1167,4673,68,1090,3099,1816,19,392670,53,13298,485,8348,122,65,225,20,1964,52,40,43,40470,188,21,78,3123,5802,149,17502,78,2173,18,68,61,493,26,84,15,376,81,23,20,33,19,111,109,25,53,57,9,192,56,21,63,387,1633,81455,30,17936,207,312,58999,326,58228,3097,56899,261,39,9,23,711,899,128,580,286,12,51,417,42,42,594,6562,382,775,854,5446,593,23,31,4910,4146,62,742,3022,130,86,69,572,8691,927,5121,65,1645,690,92,105,1221,86,155,225,12,15,894,81,74,29,2018,109,25,1207,74,12,856,1743,35,26,307,367,594,636,335,35,31,358,583,439,148,252,26,24,532,149,5262,78,7,607,123,308,172,48,17,22189,21,376,1068,3246,2010,1658,36,50,206,92,12,2908,40,368,159,23539,8,30,1511,1252,483,56,2028,51,754,24,2291,204,167236,6548,25,45,43,976,40,35,25,31,31,20,31,31,29,48,48,20,29,13,43,2152,796,915,10309,10286,3949,3399,261,705,13,15,68,21,716,10,51,506,59,103,13,25,19,223,37,97,1593,55,407,17,19103,26,588,17,29,410,99,11,1857,456,718,1427,20,309,21,62,870,20,80,833,131,125,432,373,1657,18,1384,37,15,55,35,37,15,58,373,163,96,199,391,239,236,418,351,44,45,11,217,373,106,35,63,75,1265,1168,15,24,184,1694,753,79,141,26,12,99,64,176,256,120,657,18,345,26,13,14,15,39,1718,389,288,586,996,137,114,86,97,1300,24,5129,32311,15,47,172,926,6682,151972,253,3732,135,4236,74,8349,400,WT
male_WT_2m_1R,824,113,45678,895,10137,25,824,54468,3274,11745,247,10153,168,365,84161,60,34417,49,27124,5063,14,6770,7617,34,2301,3654,15626,63,95,3960,30,714,965,11,12,415,207,4983,220,56,1397,34,89219,519,1645,57419,48,22,7126,3654,185853,1593,346,80,62491,835,4299,325,455,692,14,928,150,138,28191,3529,959,192,13,51,1428,322,26380,2039,2040,22,90,30,31997,21,3743,3775,219,62,417,24714,12,131,43,1389,1192,2824,11148,111,4028,179,4614,7098,8042,4997,66,52,8149,313,48,824,21,528,123,19,35452,21,162,3128,276,484413,19,22931,1729,33661,4617,66660,9829,222,1856,105,3107,372,3099,118,17,603,28,17910,407,21,81,37,5,172,10,42,71250,1261,64,495,19,626,54,1023,16,236,143,24,73,170,43,164,10,245,39,3590,4099,457,18501,33,123,152,45,191,1463,2829,16,43,48,3103,10,1491,198,15,7236,9671,796,8991,58,23,323704,117,1222,4749,72,980,3031,1850,30,400557,39,15469,437,7811,130,80,200,21,2234,52,37,36,41550,209,24,92,3065,5488,200,18659,71,2211,15,103,64,587,28,80,10,360,50,20,21,51,13,116,75,24,58,82,11,197,58,16,68,366,2086,98794,44,17013,217,315,69801,437,69720,3846,62869,236,39,16,31,716,875,115,605,308,11,50,506,49,40,734,5789,330,871,914,5752,615,20,32,5207,3857,56,827,4011,155,81,63,527,8693,914,5231,63,1706,599,94,82,1146,74,163,197,11,10,845,102,96,30,2785,134,25,1235,95,13,941,1626,27,26,313,360,531,681,350,38,33,1677,581,449,155,214,19,17,668,141,5178,97,12,605,116,317,175,38,25,21500,26,412,997,3044,1749,2047,102,45,198,64,19,2870,190,399,160,23804,10,35,1458,1150,476,40,2044,2728,784,48,2292,202,155179,6892,16,49,44,1392,49,42,17,21,21,16,21,21,30,50,50,9,30,19,26,1673,766,864,11489,11621,3924,3556,242,1022,16,32,40,21,647,12,47,474,62,178,9,22,16,263,38,80,1427,62,390,21,20575,30,546,15,25,468,108,14,1999,520,774,1734,26,204,33,66,847,37,75,778,134,123,602,356,1676,11,1341,57,19,56,34,57,19,71,362,145,105,217,427,202,231,365,330,27,28,19,132,281,119,30,49,48,1180,1098,23,28,173,1646,1001,70,126,27,15,115,70,170,261,87,641,14,323,22,8,27,16,49,1921,346,287,619,1094,167,107,80,84,1067,13,5041,28265,13,28,150,928,6715,154927,139,3054,149,3989,85,11563,364,WT
male_WT_2m_2R,781,130,47304,922,10117,38,781,56205,3080,11910,310,10223,173,290,77558,67,32897,51,26050,5523,14,8228,5304,31,1880,2472,17453,39,114,4505,32,763,1429,15,8,451,225,5417,239,36,1549,24,97067,539,1501,61246,68,17,7304,3048,191669,1387,343,83,59773,945,4545,321,476,808,20,926,156,152,31316,3538,1110,262,14,40,1288,291,23699,1770,2079,15,97,39,36756,39,4089,3132,202,60,435,20879,21,117,64,1484,1197,2667,9105,90,4049,213,4015,6942,8105,5367,83,49,6847,297,37,944,26,484,133,16,37889,19,159,2951,232,436000,14,20578,1642,30669,4335,32665,4809,207,1871,81,2969,383,2959,89,13,570,32,17751,418,31,78,33,12,113,9,49,76142,1188,69,584,17,660,50,1184,19,271,178,14,82,175,49,172,13,245,53,1660,2043,430,17191,24,138,167,56,159,1885,3020,15,34,55,3241,13,1446,166,13,7151,10747,719,9107,31,22,313955,113,1441,5999,61,916,3390,1750,32,399091,40,14485,387,7955,109,56,196,17,2059,71,24,25,44400,216,19,91,2871,5531,220,20060,65,2201,13,96,70,391,30,98,16,377,65,17,15,33,19,108,91,22,51,63,13,186,55,15,83,375,1769,98831,38,15481,220,258,69844,341,69735,3250,61249,264,27,13,29,760,831,140,600,323,16,42,545,41,42,604,6275,322,824,1034,5232,689,7,30,5184,3941,53,946,3912,137,68,99,531,7448,843,5845,75,1450,508,71,75,1058,48,172,253,4,11,999,65,65,43,2040,115,22,1223,81,11,1015,1748,21,23,344,303,504,606,366,31,23,395,590,408,124,199,23,31,617,132,4863,94,15,524,113,324,151,36,26,17628,34,332,956,2601,1600,1764,19,53,195,36,17,2762,337,338,175,24283,18,40,1541,890,468,58,1954,1158,675,39,2295,163,125779,6434,20,57,52,1265,42,41,31,35,35,16,35,35,19,38,38,7,19,10,28,1683,793,897,10762,10713,3664,3723,318,904,16,36,53,19,630,13,57,508,50,278,14,30,22,253,46,96,1168,60,307,13,21295,20,511,24,20,522,117,13,1111,618,691,1657,1,162,25,62,873,23,86,824,130,123,622,361,1748,13,1368,51,15,57,20,51,15,54,358,151,118,185,472,209,267,298,341,30,39,17,136,295,143,35,67,42,1167,1114,13,20,166,1816,946,82,170,25,24,100,78,182,300,88,435,26,224,22,14,20,13,36,1779,358,292,596,1122,188,105,112,72,865,26,3825,28958,8,42,169,1036,6527,138526,103,3135,161,4150,91,14256,373,WT
male_WT_2m_3R,727,113,42067,1015,8753,30,727,49344,3408,12112,267,8618,163,344,70416,70,29498,57,26409,5305,8,6836,6850,21,2285,3427,18822,55,111,4699,32,894,1580,18,15,383,213,3969,181,57,1053,28,86842,462,1508,47497,65,18,7518,3151,200567,1770,347,75,56513,727,4056,396,637,913,27,866,162,148,31332,3040,921,217,21,42,1413,266,23184,1776,2159,16,74,45,36433,33,3548,4569,184,74,386,28630,20,96,67,1563,1100,2049,12178,114,3936,197,4821,7145,9449,4776,76,59,5909,347,45,771,32,396,94,10,36283,16,148,3399,304,461913,15,21217,1966,30806,4616,16267,1986,203,1706,92,3313,359,3302,102,20,621,30,18801,367,22,96,29,17,145,17,32,73747,1277,108,498,38,681,59,892,18,234,143,23,60,198,51,194,7,232,49,763,878,385,16802,34,125,155,46,139,1875,3257,11,33,41,2549,18,1660,137,11,8043,9985,801,9622,35,24,300831,94,1110,4906,90,816,3118,1977,26,364920,46,15504,385,8362,144,88,194,10,2309,76,38,39,36476,216,28,89,2421,5107,201,18667,67,2237,9,98,81,530,37,91,10,360,71,22,14,41,19,116,95,36,52,67,11,213,54,13,64,325,2316,109891,28,15118,206,347,68894,346,65362,4303,55462,248,42,10,14,764,846,132,533,397,17,39,470,37,50,629,5385,294,986,1016,5503,632,16,28,5194,3836,51,976,3379,107,117,65,471,8996,1158,6041,70,1860,750,73,78,1197,81,157,223,12,12,753,76,68,35,2208,105,19,1268,91,6,1011,1488,33,20,286,369,427,725,357,23,17,405,489,431,134,197,14,19,689,155,6251,96,22,765,153,344,133,37,31,26092,37,324,984,3087,1433,1613,25,54,226,78,20,3213,343,388,221,25228,8,46,1514,1107,515,48,2292,473,882,32,2335,187,162238,6291,16,47,43,1151,59,44,23,24,24,15,24,24,22,36,36,21,22,19,17,1703,774,892,12967,12915,3506,3304,247,831,15,37,42,29,629,11,47,500,53,309,15,28,18,325,34,83,1676,51,453,14,27778,23,584,27,28,426,104,14,2441,505,711,2036,13,275,28,47,902,32,68,875,140,128,530,431,2096,14,1473,45,16,63,27,45,16,37,372,118,118,237,399,202,231,368,411,55,42,22,183,310,125,30,50,45,1204,882,12,32,125,1903,896,70,158,34,11,75,67,185,216,87,781,15,316,16,13,19,17,29,2151,373,249,592,985,176,89,98,75,746,17,5282,28442,13,34,167,1028,5818,156971,134,3121,201,3401,103,14204,409,WT
male_WT_2m_4R,995,137,45245,933,9362,30,995,49366,3196,11829,267,9041,154,360,92088,46,39207,65,27980,5690,15,6419,8191,51,2407,4209,15415,46,110,4095,31,627,1346,5,16,408,215,4815,172,47,1665,24,91082,528,1698,64162,46,14,6972,3539,213825,1672,407,54,80510,863,4701,313,472,720,25,837,148,158,26745,3706,1023,193,12,38,1357,287,29567,2110,2040,16,92,40,24322,38,3662,3751,236,109,480,27015,17,115,46,1549,1405,3407,12484,115,4436,216,5400,15905,8738,5782,88,82,10648,343,45,874,22,529,138,12,37308,19,166,3178,291,451479,17,23760,1840,32200,4511,1121,146,199,1972,95,3173,518,3165,135,27,527,23,18042,252,15,77,27,11,204,7,35,69982,1393,97,412,24,698,64,1040,16,281,170,25,71,169,50,166,10,286,52,87,146,463,16695,20,139,141,55,99,1580,2547,13,50,51,3581,11,1902,232,14,8587,8589,651,8991,38,14,339096,75,1225,4370,71,1175,3471,1877,36,405942,51,13581,621,9312,154,75,209,8,1588,51,45,45,42041,216,10,94,3225,6331,174,18520,74,2346,14,76,36,568,41,74,8,384,62,15,23,28,16,155,95,29,48,53,12,206,58,16,68,299,2230,101984,38,19608,211,346,74606,375,67607,3750,65698,196,45,10,25,847,745,128,625,269,12,52,447,47,31,618,6074,318,881,870,5944,415,15,27,4361,4460,56,865,3641,153,104,54,675,8598,956,5646,58,1437,583,65,95,1194,60,131,195,10,7,966,71,82,33,2533,135,20,1319,78,15,944,1696,27,25,357,324,535,522,359,20,16,393,589,443,159,230,15,19,632,135,5242,73,12,651,135,338,193,33,23,21508,25,323,958,3274,2024,2100,61,36,211,94,19,2961,64,364,204,25138,8,30,1466,1192,612,49,2151,72,734,38,2410,219,162470,5910,19,50,29,1188,56,42,14,20,20,14,20,20,13,44,44,11,13,10,23,2115,655,989,9667,9653,3831,3692,238,792,12,26,65,22,672,23,46,582,44,123,7,27,14,364,46,82,1558,43,390,22,22460,21,610,26,38,441,104,9,2409,466,720,1334,16,239,17,54,753,36,74,884,142,105,389,361,1781,16,1425,39,13,47,24,39,13,57,357,157,104,247,451,218,252,368,371,32,48,25,157,364,87,31,61,55,1389,1161,11,27,206,1853,771,53,115,22,24,109,80,137,236,67,533,16,313,25,12,19,7,49,1870,356,268,621,1125,146,109,77,96,1291,21,6275,31247,13,35,158,961,6788,156691,235,3326,169,4470,90,10406,374,WT
