"","logFC","AveExpr","t","P.Value","adj.P.Val","B"
"hsa-miR-191-5p",3315.70993078267,22011.3913361806,2.79735850610171,0.00559686068458543,0.46271402589903,-4.59260986751075
"hsa-miR-374b-5p",-51.2062673886775,321.731264311322,-2.73445981647401,0.00674397197966894,0.46271402589903,-4.59273428042599
"hsa-miR-34c-5p",-68.1859940647862,481.42777470793,-2.44431660998177,0.0152790633353225,0.46271402589903,-4.59327584166917
"hsa-miR-204-5p",-11.3997083844945,29.8788828957533,-2.41875071151284,0.0163660673102065,0.46271402589903,-4.59332096668156
"hsa-miR-542-5p",-7.08689650485096,33.0460510067137,-2.41146279414846,0.0166882088034957,0.46271402589903,-4.59333375209108
"hsa-miR-516a-5p",-7.66075442327193,42.2627410399604,-2.37301490379059,0.0184821682978807,0.46271402589903,-4.59340062693622
"hsa-miR-29c-3p",-14.416572101923,77.7201218783304,-2.30949287652072,0.0218196782937448,0.46271402589903,-4.59350898512756
"hsa-miR-15a-5p",-331.137791670651,1874.36689397533,-2.22923401845656,0.0267830356615978,0.46271402589903,-4.59364207004497
"hsa-miR-423-5p",376.748240705982,1906.17611423216,2.16571942117531,0.0313801052674944,0.46271402589903,-4.59374433802999
"hsa-miR-548g-3p",-14.120806647958,149.373021796344,-2.14973259712944,0.0326393120996591,0.46271402589903,-4.59376965173425
"hsa-miR-19a-3p",-45.9554810287989,230.914489784489,-2.12367257126871,0.0347853315119338,0.46271402589903,-4.59381054538883
"hsa-miR-660-5p",-44.2032108271164,176.722759334031,-2.09525100068072,0.0372630277807127,0.46271402589903,-4.59385462042212
"hsa-miR-181a-5p",116.583254475299,683.863325153568,2.06919386628121,0.0396659830381573,0.46271402589903,-4.59389454657128
"hsa-miR-409-3p",22.3497143607916,75.241881720978,2.01210198478157,0.045396987508133,0.46271402589903,-4.59398040651396
"hsa-miR-2278",-13.7585712415866,44.519916129304,-1.97247861181079,0.0497751480582395,0.46271402589903,-4.5940386825924
"hsa-miR-28-5p",-49.5108599115229,284.727167737092,-1.96871334382078,0.050209143243482,0.46271402589903,-4.59404416417622
"hsa-miR-374a-5p",-67.2310119338017,349.757485641057,-1.96177736117154,0.051016963050293,0.46271402589903,-4.59405423620418
"hsa-miR-371a-5p",-5.72795353654241,6.67256420771806,-1.94546124541827,0.0529605558359683,0.46271402589903,-4.59407779867933
"hsa-miR-1180",32.2284654338842,222.637426476586,1.93691240743665,0.0540035279625011,0.46271402589903,-4.59409007086428
"hsa-miR-454-3p",-21.3783292829921,94.6173854245198,-1.93552633783083,0.0541742459699231,0.46271402589903,-4.59409205586186
"hsa-miR-194-5p",-80.7716775282891,536.10534890652,-1.90983765064442,0.0574212055979849,0.46271402589903,-4.59412860412461
"hsa-miR-16-5p",-5748.99274233472,29109.6251437811,-1.90196759536661,0.0584479723948813,0.46271402589903,-4.59413970965894
"hsa-let-7e-5p",-6.96972475337575,31.6047101505595,-1.90029727464235,0.0586678543013114,0.46271402589903,-4.5941420611427
"hsa-miR-942",74.6988036581428,606.357428655991,1.86184448908518,0.0639240999181158,0.46271402589903,-4.59419565913743
"hsa-miR-98",-30.7449816276106,174.574581112885,-1.85583046754911,0.0647805594836721,0.46271402589903,-4.59420394882425
"hsa-miR-30d-5p",152.160660911056,1592.64306584185,1.85455921224261,0.0649628145182767,0.46271402589903,-4.59420569788661
"hsa-miR-130a-3p",-97.5383532594217,395.051105246626,-1.85422509622336,0.0650107860616078,0.46271402589903,-4.59420615739468
"hsa-miR-378d",-24.3531606507552,157.826059095396,-1.82160023495958,0.0698386417982122,0.46271402589903,-4.59425065096964
"hsa-miR-3184-5p",-11.4927643053955,59.1168149277269,-1.7884960705507,0.0750364716440664,0.46271402589903,-4.59429503725509
"hsa-miR-524-5p",-6.10099532932337,43.4679842221057,-1.78793967485145,0.0751264801044476,0.46271402589903,-4.59429577671024
"hsa-miR-3151",-5.81947033336635,15.9849931005727,-1.78376485065455,0.0758046785590722,0.46271402589903,-4.59430131815983
"hsa-miR-1302",-16.7656522425209,59.8027942572731,-1.77671005805933,0.076962150971137,0.46271402589903,-4.59431065452305
"hsa-let-7d-5p",-451.222248090271,2413.88238132335,-1.76670803011037,0.0786279875879041,0.46271402589903,-4.59432383134989
"hsa-miR-484",320.372713420008,1746.60915712026,1.75849458531775,0.0800179192908028,0.46271402589903,-4.59433459927205
"hsa-miR-770-5p",-6.18778229650768,7.95742305597797,-1.75802047758816,0.0800987605698414,0.46271402589903,-4.59433521938396
"hsa-miR-203",-5.53778765681258,17.6048369629912,-1.75053156052561,0.0813845990961484,0.46271402589903,-4.59434499356745
"hsa-miR-648",-5.11214835241211,10.2935291749075,-1.73361393159647,0.0843514589352321,0.46271402589903,-4.59436692823039
"hsa-let-7f-5p",-84.4228262317357,343.764462066652,-1.72519149541731,0.0858610325189821,0.46271402589903,-4.59437777314485
"hsa-miR-320a",19.6481021133026,88.1854761635903,1.70792589069016,0.0890242894746815,0.46271402589903,-4.59439984813261
"hsa-miR-874",-13.7519183436402,153.198938772181,-1.689330965447,0.0925361243543425,0.46271402589903,-4.59442338698236
"hsa-miR-127-5p",-6.47071013018352,19.6875683702952,-1.67635125738239,0.0950532011033134,0.46271402589903,-4.59443967256502
"hsa-miR-202-3p",-4.82065520016448,14.2489637205595,-1.67467386803351,0.0953824784275445,0.46271402589903,-4.59444176846449
"hsa-miR-323a-3p",8.96477134138257,65.3200377902555,1.6714024649868,0.0960273114430839,0.46271402589903,-4.59444585034456
"hsa-miR-627",-8.72266791695998,23.3599756240749,-1.67019756929931,0.0962656941419066,0.46271402589903,-4.59444735183539
"hsa-miR-27b-3p",-5.08958739894576,12.7356521842423,-1.65627991711356,0.0990539264765095,0.46271402589903,-4.59446462074478
"hsa-miR-24-3p",-16.7395341382669,52.8875947707753,-1.65413194025916,0.0994899707135751,0.46271402589903,-4.59446727368458
"hsa-miR-190b",-5.1189937938665,21.9649761280352,-1.62118937615651,0.10637241438507,0.46271402589903,-4.59450754961473
"hsa-miR-3190-5p",-14.9330538324365,16.9731698739559,-1.61266147408824,0.10821464973632,0.46271402589903,-4.59451785000914
"hsa-miR-199a-3p+hsa-miR-199b-3p",-24.641051481045,61.3457936711233,-1.61037817295569,0.108712188682651,0.46271402589903,-4.59452059908612
"hsa-miR-192-5p",-29.9840455127816,384.217253285463,-1.61013745577079,0.108764747740827,0.46271402589903,-4.59452088869109
"hsa-miR-933",-47.3118248756569,71.3906009785242,-1.60790184259239,0.109253846769924,0.46271402589903,-4.59452357636562
"hsa-miR-126-3p",-262.731077990558,1196.85737321366,-1.59568155572371,0.111958367243082,0.46271402589903,-4.59453820467683
"hsa-miR-190a",-5.67906662298359,11.9567030424273,-1.59358575064935,0.112427494014392,0.46271402589903,-4.59454070275303
"hsa-miR-1263",-4.8858163330247,11.2047488327225,-1.58220348450769,0.115002613862967,0.46271402589903,-4.59455421494215
"hsa-miR-331-3p",66.8288644511265,517.165546344758,1.57894678230374,0.115747939697038,0.46271402589903,-4.59455806402088
"hsa-miR-582-5p",-31.861907694777,84.8568282729119,-1.55354216489701,0.121693962985366,0.46271402589903,-4.59458782907837
"hsa-miR-1289",-6.53810378130504,14.7460434903216,-1.53395668947889,0.126440073389131,0.46271402589903,-4.59461046049904
"hsa-miR-186-5p",144.031605046332,1390.19716102555,1.50440497508642,0.133874403656383,0.46271402589903,-4.59464408678809
"hsa-miR-511",-4.88468009267248,13.0316873558502,-1.50403711783699,0.133969045663777,0.46271402589903,-4.59464450140856
"hsa-miR-19b-3p",-123.080527935796,1359.21603039648,-1.49371149489936,0.136646923695574,0.46271402589903,-4.59465609992018
"hsa-miR-563",-15.8786818481234,48.3477767699515,-1.4840739260443,0.139183702515814,0.46271402589903,-4.59466685627789
"hsa-miR-1243",-4.26075909336114,7.09556212888987,-1.47516283764132,0.141561595221521,0.46271402589903,-4.59467674225613
"hsa-miR-1269b",-4.23991386857443,12.2295514125639,-1.47266866748675,0.142232752727622,0.46271402589903,-4.59467949903625
"hsa-miR-631",-5.18418228863596,11.0422176594185,-1.46751462437804,0.143627447016998,0.46271402589903,-4.59468518152647
"hsa-miR-222-3p",-120.856600905555,1269.47670182996,-1.46225761372123,0.145060857778224,0.46271402589903,-4.59469095779201
"hsa-miR-299-3p",-7.9877759208341,16.1250432391806,-1.44779019720503,0.149062594914062,0.46271402589903,-4.59470675117092
"hsa-miR-508-3p",-4.20057168674475,9.2189523594141,-1.44633299191816,0.14947032002771,0.46271402589903,-4.59470833354774
"hsa-miR-548ac",-4.19420211557242,16.5542166589383,-1.44431233585086,0.150037115154421,0.46271402589903,-4.59471052523473
"hsa-miR-1255a",-6.60458389384855,16.8827995755154,-1.44253535816466,0.150536920715006,0.46271402589903,-4.59471245017857
"hsa-miR-885-5p",-5.85370942135485,16.5991783783612,-1.4373055866588,0.152015298452236,0.46271402589903,-4.59471810217521
"hsa-miR-941",-9.48073158484297,31.6663411862731,-1.42775700174264,0.154743210676999,0.46271402589903,-4.59472837061866
"hsa-miR-199b-5p",-4.42206502019129,19.0483053397048,-1.4270474096756,0.154947416956298,0.46271402589903,-4.594729131072
"hsa-miR-3928",-4.03732223314506,5.31945998596476,-1.41659129249996,0.157980409276562,0.46271402589903,-4.59474029437817
"hsa-miR-609",-4.87319725065182,11.2092130297401,-1.41466401566903,0.158544359828126,0.46271402589903,-4.59474234336024
"hsa-miR-26b-5p",-153.966021044133,785.981714352423,-1.41238261080684,0.159213915078765,0.46271402589903,-4.59474476535418
"hsa-miR-29a-3p",-11.101662128188,158.46575268793,-1.41102842127573,0.159612365028809,0.46271402589903,-4.59474620121005
"hsa-miR-936",-7.19982063493169,15.5709594227885,-1.40475065639988,0.16146942663481,0.46271402589903,-4.59475284019811
"hsa-miR-516b-5p",-9.76017993617124,19.0941806973612,-1.3996567560896,0.162988315994561,0.46271402589903,-4.59475820619877
"hsa-miR-548b-3p",-10.1790841445007,18.5552684541013,-1.39399274937268,0.164689906811027,0.46271402589903,-4.59476415065638
"hsa-miR-3175",-4.17680091402291,5.03301026985022,-1.3902892854512,0.165809767380215,0.46271402589903,-4.59476802490705
"hsa-miR-643",-4.26679210750745,11.9002717852203,-1.38765039512506,0.166611231928255,0.46271402589903,-4.59477077941575
"hsa-miR-148a-3p",-21.5344425652796,205.640307759053,-1.38507433913694,0.167396437348868,0.46271402589903,-4.59477346345983
"hsa-miR-21-5p",-67.514935809687,290.088026736863,-1.38208094095915,0.168312364087438,0.46271402589903,-4.59477657628701
"hsa-miR-875-5p",-4.43303900857567,9.6917313323304,-1.3817216768723,0.168422546566419,0.46271402589903,-4.59477694944737
"hsa-miR-506-3p",-3.94527619213069,12.4208048696035,-1.38098521554307,0.168648581784735,0.46271402589903,-4.5947777141018
"hsa-miR-1266",-13.372045355225,40.8185985852423,-1.37706330858906,0.169856157243198,0.46271402589903,-4.59478177950977
"hsa-miR-877-5p",-4.63411942241499,22.549324816207,-1.37264982811703,0.171222880957726,0.46271402589903,-4.59478634111081
"hsa-miR-650",-3.98957319681988,7.68164255188546,-1.36848684188946,0.172519615284006,0.46271402589903,-4.59479063083391
"hsa-miR-590-5p",-3.96604872625532,8.4798797708326,-1.36822378301924,0.172601803554554,0.46271402589903,-4.594790901478
"hsa-miR-362-3p",-4.09282686889766,13.8261917481762,-1.3675427276333,0.172814724671678,0.46271402589903,-4.59479160193761
"hsa-miR-140-5p",-9.70290141489555,27.4973851299692,-1.35486087828609,0.176815700374421,0.46271402589903,-4.59480458347515
"hsa-miR-346",-17.2534413714511,50.1224086457401,-1.35424972349733,0.177010252997756,0.46271402589903,-4.5948052061165
"hsa-miR-146b-5p",-16.9981063207942,31.9014613372731,-1.34759148823271,0.179140221692957,0.46271402589903,-4.59481197187425
"hsa-miR-3161",-4.03537023890318,6.57876423601322,-1.34701332615546,0.179326077156175,0.46271402589903,-4.59481255784973
"hsa-miR-634",-11.8764513149601,23.9724059279515,-1.34642182109294,0.179516371157809,0.46271402589903,-4.59481315709657
"hsa-miR-4485",-3.79478462511289,4.29606493051542,-1.34449487569916,0.180137339708754,0.46271402589903,-4.59481510749509
"hsa-miR-520f",-3.9362247333533,6.01046107179295,-1.3435091619246,0.180455611737505,0.46271402589903,-4.59481610416049
"hsa-miR-758",-3.93178075625742,7.55917302106608,-1.33830272024483,0.182143671237617,0.46271402589903,-4.59482135670378
"hsa-miR-875-3p",-3.79433497815563,7.16582948587665,-1.33661829838269,0.182692319661494,0.46271402589903,-4.59482305181181
"hsa-miR-548b-5p",-3.86086840730062,14.4202156401894,-1.33547667640061,0.183064868362493,0.46271402589903,-4.59482419950068
"hsa-miR-744-5p",-11.9258073526208,47.6208325968458,-1.33177295991345,0.18427741448823,0.46271402589903,-4.59482791635909
"hsa-miR-1238",-3.79538197161585,4.40106907033921,-1.3305294566269,0.184685859666547,0.46271402589903,-4.59482916203223
"hsa-miR-219-5p",-36.7210805197669,184.559942371057,-1.33039794243381,0.184729096656041,0.46271402589903,-4.59482929371001
"hsa-miR-324-5p",9.80381350732696,85.6196845137841,1.32919753441446,0.185124094872919,0.46271402589903,-4.594830495028
"hsa-miR-323b-5p",-3.76408529753706,4.92340977547137,-1.32268802640901,0.187277028428415,0.46271402589903,-4.59483699116956
"hsa-miR-1184",-3.74024166882789,5.7999832525859,-1.31800186247049,0.188838398126723,0.46271402589903,-4.59484164857396
"hsa-miR-4792",-4.05584021373737,21.3133891350441,-1.31600244728618,0.189507510691771,0.46271402589903,-4.59484363084117
"hsa-miR-504",-3.75122407449192,4.17341364303524,-1.31476453420078,0.189922664088193,0.46271402589903,-4.59484485667476
"hsa-miR-639",-4.31932848498523,6.73912587392952,-1.3133104670496,0.190411169044556,0.46271402589903,-4.59484629512456
"hsa-miR-1299",-3.77473769436915,4.06598474138767,-1.30827114460766,0.19211137534492,0.46271402589903,-4.59485126837711
"hsa-miR-614",-3.7279436810909,4.77161385868722,-1.30381618738827,0.193623759089457,0.46271402589903,-4.59485564948173
"hsa-miR-1306-3p",-3.75219244453372,5.09557392032599,-1.30378856173119,0.193633164918622,0.46271402589903,-4.59485567660418
"hsa-miR-3144-5p",-3.68663081338546,4.05714693329075,-1.29810406677156,0.195575782208079,0.46271402589903,-4.59486124569561
"hsa-miR-421",-4.34554083440823,19.892874602978,-1.29610759933795,0.19626145565765,0.46271402589903,-4.59486319602893
"hsa-miR-7-5p",-52.6532262955743,99.2971949677709,-1.28508059748007,0.200080565614707,0.46271402589903,-4.59487391572602
"hsa-miR-670",-3.91893237400815,7.20332635669163,-1.28412551863063,0.200413902178156,0.46271402589903,-4.59487484000392
"hsa-miR-4451",-41.6098239059678,80.7258681643612,-1.28264715544953,0.200930677096096,0.46271402589903,-4.59487626937459
"hsa-miR-603",-3.63012604176425,4.52539141909251,-1.28162886920131,0.201287196866286,0.46271402589903,-4.59487725298519
"hsa-miR-3141",-6.46690976858686,11.2171157930044,-1.27892575076181,0.202235858424601,0.46271402589903,-4.59487986037437
"hsa-miR-548c-3p",-3.65231773369277,4.07130503456828,-1.2789187839949,0.202238307647666,0.46271402589903,-4.59487986708749
"hsa-miR-208a",-3.89946800620722,5.68676597831718,-1.27626276143377,0.203173640109367,0.46271402589903,-4.59488242382705
"hsa-miR-1249",-3.60142398482727,5.01975876477093,-1.27023798058978,0.205307045520613,0.46271402589903,-4.59488820425869
"hsa-miR-200a-3p",-9.31979576592096,13.1402170600308,-1.26626711095823,0.20672208408412,0.46271402589903,-4.59489199954971
"hsa-miR-379-5p",-8.88046076845033,8.94136002538326,-1.26458828467248,0.207322480800516,0.46271402589903,-4.59489360067068
"hsa-miR-943",-10.0098705421525,16.679943440185,-1.26274282039796,0.207983940504396,0.46271402589903,-4.59489535833464
"hsa-miR-600",-3.65495219636045,9.13924890421145,-1.26238679856616,0.208111724537523,0.46271402589903,-4.5948956971312
"hsa-miR-548c-5p",-3.6672612036937,5.22293884351542,-1.26189408069067,0.208288666291038,0.46271402589903,-4.5948961658569
"hsa-miR-1233",-3.61968470313846,5.78744988646256,-1.26059108054172,0.208757120544991,0.46271402589903,-4.59489740455227
"hsa-miR-619",-3.62500781425998,5.6723323352467,-1.25740792063423,0.209904760476522,0.46271402589903,-4.59490042538731
"hsa-miR-125a-3p",-3.57385722803752,5.04382913006608,-1.25372508494422,0.211238279786599,0.46271402589903,-4.59490391115161
"hsa-miR-518e-3p",-3.55259610283651,3.74056111972687,-1.25249948037588,0.211683424049994,0.46271402589903,-4.59490506896836
"hsa-miR-1229",-8.91112019650426,10.41468945237,-1.2505586064787,0.212389752478617,0.46271402589903,-4.5949069002404
"hsa-miR-513b",-3.8568810494986,8.74577157848458,-1.24862371347314,0.213095608619874,0.46271402589903,-4.59490872312013
"hsa-miR-1258",-3.52982508906884,3.45731063299119,-1.24768795452027,0.213437587887985,0.46271402589903,-4.59490960372199
"hsa-miR-556-5p",-4.50886267390737,14.1544352762863,-1.24658880464519,0.213839788437974,0.46271402589903,-4.59491063726387
"hsa-miR-1256",-5.19058579384195,23.4055775546564,-1.24515622630298,0.214364822817373,0.46271402589903,-4.59491198300193
"hsa-miR-1294",-3.53444858497723,4.83072026240969,-1.24469188741995,0.214535201848334,0.46271402589903,-4.59491241887043
"hsa-miR-23a-3p",124.686803099409,1973.62799345066,1.24285534929269,0.215210042576718,0.46271402589903,-4.59491414125371
"hsa-miR-551b-3p",-3.50820616280497,5.97465419460352,-1.2390266551891,0.216621854351385,0.46271402589903,-4.59491772400925
"hsa-miR-542-3p",-4.01965505254086,4.35373561120264,-1.23595986541027,0.21775754810125,0.46271402589903,-4.59492058604372
"hsa-miR-2110",9.52423707745856,73.9119596108502,1.23330803938682,0.21874304120631,0.46271402589903,-4.59492305525499
"hsa-miR-199a-5p",-23.8157962018694,179.925662762687,-1.23325184506314,0.218763959434183,0.46271402589903,-4.59492310752372
"hsa-miR-592",-3.497442614462,5.06521522455066,-1.23249828034522,0.219044612200362,0.46271402589903,-4.59492380822225
"hsa-miR-1914-5p",-3.67546433634848,7.23676826854185,-1.22651618517723,0.221281782840465,0.46271402589903,-4.59492935585413
"hsa-miR-1297",-3.61122814147085,5.83592971193833,-1.22640619081855,0.221323072063916,0.46271402589903,-4.59492945761388
"hsa-miR-129-2-3p",-3.48080753161701,4.48847011362555,-1.22596580903027,0.221488436415297,0.46271402589903,-4.59492986493798
"hsa-miR-802",-4.87296126486798,12.2100917875066,-1.22287483902528,0.222651611086228,0.46271402589903,-4.59493271987316
"hsa-miR-1261",-5.21551147833512,10.3528937627885,-1.22124756537846,0.223265742358524,0.46271402589903,-4.59493422006404
"hsa-miR-552",-3.44507408928609,3.46024072270485,-1.22025537099283,0.223640793608156,0.46271402589903,-4.59493513381791
"hsa-miR-1321",-3.49371668448717,4.94549471036123,-1.21924397657349,0.224023569134004,0.46271402589903,-4.59493606450953
"hsa-miR-1273f",-3.49053202154654,3.84750389312775,-1.21882974536624,0.224180476414577,0.46271402589903,-4.59493644547082
"hsa-miR-1278",-3.46349761220909,4.08250200754185,-1.2184740780463,0.224315263280665,0.46271402589903,-4.5949367724713
"hsa-miR-363-3p",-115.682211784495,1343.28333719782,-1.21751335731233,0.224679638052056,0.46271402589903,-4.5949376552932
"hsa-miR-510",-5.20488827695345,6.62966624209692,-1.21734061590827,0.224745199215142,0.46271402589903,-4.59493781395617
"hsa-miR-200c-3p",-21.9202419400147,54.0071572741762,-1.21585852042064,0.225308269758806,0.46271402589903,-4.59493917435953
"hsa-miR-106b-5p",-69.3432933420822,809.958899396916,-1.21331733912662,0.226276061861797,0.46271402589903,-4.59494150313244
"hsa-miR-610",-3.41698782883527,3.70234632803524,-1.21119887736168,0.227085143343329,0.46271402589903,-4.59494344089189
"hsa-miR-1273g-5p",-3.41954723706503,4.49924800623348,-1.20791625539507,0.228342938249343,0.46271402589903,-4.5949464369934
"hsa-miR-450a-5p",-3.44061977170939,5.89344342861674,-1.20595392072775,0.229097222948568,0.46271402589903,-4.59494822426401
"hsa-miR-548o-3p",-32.0254633165504,53.4807460222379,-1.20414604268362,0.22979371587259,0.46271402589903,-4.59494986835135
"hsa-miR-520e",-11.7716231316994,18.9718969200837,-1.20276445831127,0.230326998420621,0.46271402589903,-4.59495112314619
"hsa-miR-876-5p",-3.44028473629976,7.73801420064758,-1.20143048161599,0.230842744643097,0.46271402589903,-4.59495233337025
"hsa-miR-520c-3p",-3.42763879749455,3.93676212431278,-1.2014103119624,0.230850549032373,0.46271402589903,-4.59495235165872
"hsa-miR-380-3p",-8.51618196867411,59.0287213102026,-1.19968646845001,0.231518265802213,0.46271402589903,-4.59495391361751
"hsa-miR-181b-5p+hsa-miR-181d",-18.357393757408,40.7949310061762,-1.19876997618967,0.231873823302412,0.46271402589903,-4.59495474315269
"hsa-miR-890",-3.39906226713232,3.66470595673568,-1.19870764198976,0.231898020316524,0.46271402589903,-4.59495479955017
"hsa-miR-2277-5p",-3.39613514304514,4.04269966404846,-1.19704951535514,0.232542337816537,0.46271402589903,-4.59495629870686
"hsa-miR-1273a",-3.3779981627268,4.00515472781498,-1.19546494234049,0.233159267670318,0.46271402589903,-4.59495772947149
"hsa-miR-520a-3p",-3.37793495387179,4.18990689353744,-1.1931495372628,0.234062835735361,0.46271402589903,-4.59495981680676
"hsa-miR-335-5p",-3.38544551217436,5.74142610502643,-1.19224486113457,0.234416556017378,0.46271402589903,-4.59496063129946
"hsa-let-7g-5p",-467.751919377775,4022.42394191189,-1.19221664481339,0.234427594473371,0.46271402589903,-4.5949606566933
"hsa-miR-663a",-3.96842163359082,18.2701666215242,-1.19174569752545,0.234611887633744,0.46271402589903,-4.59496108044564
"hsa-miR-641",-3.86097528185454,5.62000908103965,-1.18899923865238,0.235688701790408,0.46271402589903,-4.59496354842196
"hsa-miR-1193",-3.36015624832734,4.08401535922026,-1.18815263545754,0.236021341328028,0.46271402589903,-4.5949643080626
"hsa-miR-498",-3.62825816582734,6.70728706096476,-1.18713987020346,0.236419706717845,0.46271402589903,-4.59496521610407
"hsa-miR-4286",-21.5270007713787,35.7243376739736,-1.1861253577383,0.236819238978426,0.46271402589903,-4.59496612495502
"hsa-miR-1181",-3.38678785370217,10.5395693159031,-1.1860825142195,0.236836122051266,0.46271402589903,-4.5949661633197
"hsa-miR-646",-4.45014648045485,9.02032635920705,-1.18584239397249,0.236930760560003,0.46271402589903,-4.59496637831292
"hsa-miR-1287",-6.17109214648631,16.8599767766035,-1.18538827464693,0.2371098160053,0.46271402589903,-4.59496678479558
"hsa-miR-548aj-3p",-3.36917556560994,6.05508775322467,-1.18452073001124,0.237452149148077,0.46271402589903,-4.59496756091349
"hsa-miR-1273c",-3.38476363318896,6.80042684674449,-1.18289737987115,0.238093667071029,0.46271402589903,-4.59496901169709
"hsa-miR-1303",-3.35178150573372,5.40358074786784,-1.18045731407174,0.239060251695963,0.46271402589903,-4.5949711887264
"hsa-miR-337-5p",-3.34256824303364,4.84412904965639,-1.17861270288444,0.23979280579544,0.46271402589903,-4.5949728315799
"hsa-miR-892a",-3.34056528970341,3.62715441877093,-1.17778420977408,0.240122344821897,0.46271402589903,-4.5949735686394
"hsa-miR-3180-5p",-12.1425058990058,48.2781417735022,-1.17635207469097,0.24069274420863,0.46271402589903,-4.59497484152968
"hsa-miR-142-5p",-3.32469650599246,4.03176251604846,-1.17634868223446,0.240694096516339,0.46271402589903,-4.59497484454312
"hsa-miR-485-5p",-3.69855321446565,6.64504704523789,-1.1758107621531,0.240908591440328,0.46271402589903,-4.59497532225803
"hsa-miR-599",-14.8252448557896,13.072761977696,-1.1740474993192,0.241612640207344,0.46271402589903,-4.59497688667789
"hsa-miR-3690",-3.53287746521437,7.97941872056828,-1.1720669011339,0.242405205229858,0.46271402589903,-4.59497864119239
"hsa-miR-515-3p",-3.3113512111289,3.46705994864758,-1.16864524489942,0.243778763879954,0.46271402589903,-4.59498166545825
"hsa-miR-1185-5p",-3.29326896674281,3.7989185300837,-1.16629601802858,0.244724997097459,0.46271402589903,-4.59498373685025
"hsa-miR-493-3p",-3.54732381424685,18.6200280743877,-1.16615250035029,0.244782887849851,0.46271402589903,-4.59498386326274
"hsa-miR-29b-3p",-12.5611050030942,63.1607761820132,-1.16109336710827,0.246829775819466,0.46271402589903,-4.59498830971889
"hsa-miR-147b",-27.6487631812516,33.0689651454273,-1.16091065710344,0.246903924098793,0.46271402589903,-4.59498846994904
"hsa-miR-1257",-4.20668352768407,5.34189655921145,-1.15505949255503,0.249286782234075,0.46271402589903,-4.59499358819221
"hsa-miR-635",-3.27888271760699,3.96668820793833,-1.15364226621867,0.249866367014968,0.46271402589903,-4.59499482409651
"hsa-miR-494",-7.30943652404645,15.0707132783216,-1.15232891256773,0.250404317742994,0.46271402589903,-4.59499596809489
"hsa-miR-559",-3.25538011089036,3.71516182902643,-1.15223100719724,0.25044445244411,0.46271402589903,-4.5949960533245
"hsa-miR-371a-3p",-3.68228297982937,14.021234795141,-1.15145349202605,0.250763342575314,0.46271402589903,-4.59499672992416
"hsa-miR-146b-3p",-3.26451951822198,9.01585775178855,-1.15092590131823,0.250979891092721,0.46271402589903,-4.59499718878363
"hsa-miR-892b",-3.24777292268826,3.29443232991189,-1.14983042219613,0.251429947756535,0.46271402589903,-4.5949981408945
"hsa-miR-1293",-11.3427278893709,11.2579432665683,-1.14963149831192,0.251511732596622,0.46271402589903,-4.59499831368969
"hsa-miR-195-5p",-59.8898520052794,44.3258771668282,-1.14908845913014,0.251735090843945,0.46271402589903,-4.5949987852519
"hsa-miR-187-3p",-3.25042698132851,4.84755869025551,-1.14845652759668,0.251995186809564,0.46271402589903,-4.59499933373209
"hsa-miR-1234",-8.04898110460597,9.91294950550661,-1.14746540312348,0.252403502394666,0.46271402589903,-4.59500019337752
"hsa-miR-1910",-3.23882319226798,3.17968323467841,-1.14623266791419,0.252912002299424,0.46271402589903,-4.59500126157075
"hsa-miR-887",-3.23437280072898,3.52210435581057,-1.14530076582335,0.253296885919852,0.46271402589903,-4.59500206834079
"hsa-miR-1225-3p",-3.25638821142338,3.83172955626872,-1.14323356611386,0.254152122493892,0.46271402589903,-4.59500385567704
"hsa-miR-523-3p",-3.22826681376355,4.9895067643304,-1.14164533282874,0.254810574979781,0.46271402589903,-4.59500522674775
"hsa-miR-1245b-5p",-3.21825203539751,3.25736428727753,-1.13995140073851,0.255514163436636,0.46271402589903,-4.59500668701241
"hsa-miR-219-1-3p",-23.721446185526,57.5442169733392,-1.13909380428519,0.255870890907334,0.46271402589903,-4.5950074255009
"hsa-miR-637",-3.2084420826439,3.24202279355066,-1.13716348278329,0.25667510517534,0.46271402589903,-4.59500908574121
"hsa-miR-548d-5p",-3.36763520648888,5.26251962850661,-1.13695956795563,0.256760163620607,0.46271402589903,-4.59500926096456
"hsa-miR-557",-3.20945869966519,3.26872616025551,-1.13620986168157,0.257073055929291,0.46271402589903,-4.59500990492079
"hsa-miR-605",-3.22140247135998,3.9649436986652,-1.13570630142244,0.25728336791381,0.46271402589903,-4.59501033721813
"hsa-miR-607",-3.20866382512121,3.26333138263877,-1.135205875471,0.25749248989243,0.46271402589903,-4.59501076663921
"hsa-miR-2277-3p",-3.21187861710854,3.43329682701322,-1.13484417811261,0.257643712752527,0.46271402589903,-4.59501107690059
"hsa-miR-548k",-3.20359516899339,3.63634775365198,-1.13376855706995,0.258093787967926,0.46271402589903,-4.59501199898951
"hsa-miR-576-3p",-3.19585214663419,3.2222006169207,-1.13293338810757,0.258443628408778,0.46271402589903,-4.59501271435869
"hsa-miR-548q",-4.87758126156426,21.4178323049383,-1.13228987864251,0.258713411010592,0.46271402589903,-4.59501326520925
"hsa-miR-566",-20.4369353963512,51.5870436451277,-1.12997012525708,0.259687566449697,0.46271402589903,-4.59501524840235
"hsa-miR-499a-5p",-14.6483655345534,21.5875187134273,-1.12845833714798,0.260323799925646,0.46271402589903,-4.59501653871363
"hsa-miR-519b-3p",-3.18256585409378,3.29211551560352,-1.12813366755377,0.260460578093383,0.46271402589903,-4.59501681559886
"hsa-miR-554",-3.18210087358088,3.29873656359031,-1.12653668213681,0.261134091398974,0.46271402589903,-4.59501817640871
"hsa-miR-593-3p",-3.28572428681056,17.2558572851322,-1.12603214283349,0.261347127801182,0.46271402589903,-4.59501860594077
"hsa-miR-371b-3p",-14.1774607441611,17.8243521154714,-1.12588087937955,0.261411020760574,0.46271402589903,-4.59501873467998
"hsa-miR-520a-5p",-17.5852558970026,16.8964729821894,-1.12525969865386,0.261673518502356,0.46271402589903,-4.59501926318515
"hsa-miR-548ag",-3.19465013182649,4.74179446309251,-1.12496265255666,0.261799108649136,0.46271402589903,-4.59501951581338
"hsa-miR-587",-3.56279229022517,9.58569480787665,-1.12438198320965,0.262044734892246,0.46271402589903,-4.59502000946581
"hsa-miR-628-5p",-3.17077267956448,3.40902777853745,-1.12374643719601,0.262313757923658,0.46271402589903,-4.59502054948562
"hsa-miR-524-3p",-7.90656250891886,6.77587914615419,-1.12262568835774,0.262788632360221,0.46271402589903,-4.59502150105214
"hsa-miR-1280",-11.0361460404884,8.83840953088546,-1.12244271989116,0.262866214946191,0.46271402589903,-4.59502165631248
"hsa-miR-101-3p",-29.7692394332417,45.9792314923612,-1.12227262127162,0.262938354715418,0.46271402589903,-4.59502180062976
"hsa-miR-345-5p",-29.9811763018755,29.4654893622775,-1.12166814889304,0.263194826119717,0.46271402589903,-4.595022313311
"hsa-miR-34a-5p",-23.5483397972266,20.140652363,-1.11890655234011,0.264368753679112,0.46271402589903,-4.5950246521141
"hsa-miR-320c",-10.996684358797,9.75830257462995,-1.11885348707635,0.264391346729894,0.46271402589903,-4.59502469699999
"hsa-miR-1267",-3.15606238655237,3.17974354938326,-1.11864042366054,0.264482074036919,0.46271402589903,-4.5950248772013
"hsa-miR-514b-3p",-3.15659497790582,3.19836970428194,-1.11835962578452,0.26460167723231,0.46271402589903,-4.59502511463869
"hsa-miR-1292",-3.1545593202453,3.28302119314978,-1.11818548278869,0.264675870643303,0.46271402589903,-4.59502526186143
"hsa-miR-608",-3.15648217865874,3.28641293882819,-1.1170312723182,0.265167985476413,0.46271402589903,-4.59502623707916
"hsa-miR-182-5p",88.095776494121,1024.51013437352,1.11700954294011,0.265177256202138,0.46271402589903,-4.59502625542934
"hsa-miR-4484",-3.1457020260836,3.19069953259471,-1.11459596534226,0.266208395810739,0.46271402589903,-4.59502829149151
"hsa-miR-513c-5p",-3.1397962795864,3.39847749972687,-1.11344988882112,0.266698999340771,0.46271402589903,-4.59502925679809
"hsa-miR-516a-3p",-3.16301098142991,4.69535257140088,-1.11180866919092,0.267402649671458,0.46271402589903,-4.59503063745755
"hsa-miR-512-5p",-3.13428554960769,3.21891175384581,-1.11072838133223,0.267866508816626,0.46271402589903,-4.59503154515155
"hsa-miR-1282",-3.13931805649067,3.50511085715859,-1.11057317213861,0.267933198984679,0.46271402589903,-4.59503167549257
"hsa-miR-1251",-3.13205031538943,3.23545249212775,-1.11002669062547,0.268168102153225,0.46271402589903,-4.5950321342731
"hsa-miR-342-5p",-32.514489128094,58.8515064147137,-1.10986750175373,0.268236555713149,0.46271402589903,-4.59503226787334
"hsa-miR-3192",-3.1270139847979,3.63582711992511,-1.1084931104968,0.268828066744478,0.46271402589903,-4.59503342055987
"hsa-miR-326",-23.3110324645794,23.2280894111366,-1.10839704737472,0.268869444110909,0.46271402589903,-4.59503350107468
"hsa-miR-129-5p",-3.52339344380007,8.51700550089868,-1.1070770847409,0.26943843874843,0.46271402589903,-4.59503460670324
"hsa-miR-620",-3.12529124537435,3.41014933676211,-1.10705030107054,0.269449992955538,0.46271402589903,-4.59503462912446
"hsa-miR-636",-3.36436058730683,14.3041603029207,-1.10680759810764,0.269554708185374,0.46271402589903,-4.59503483227249
"hsa-miR-502-3p",-3.12907312028772,4.44438999686784,-1.10653815768678,0.269670992325624,0.46271402589903,-4.59503505774932
"hsa-miR-891b",-3.12068503467925,3.20631636436123,-1.106313373328,0.269768030465576,0.46271402589903,-4.59503524581537
"hsa-miR-1205",-3.11994492157583,3.15660962004846,-1.10596828806325,0.269917048747902,0.46271402589903,-4.59503553445854
"hsa-miR-640",-3.12253049946122,3.16346594759471,-1.10592562469805,0.269935476029893,0.46271402589903,-4.59503557013777
"hsa-miR-1262",-3.12200208443372,3.26553651273128,-1.10583334803617,0.269975335399158,0.46271402589903,-4.59503564730384
"hsa-miR-10b-5p",-3.13611018748663,5.0307604584141,-1.10558713779418,0.270081707040292,0.46271402589903,-4.59503585316551
"hsa-miR-302e",-3.41283434529487,6.64075568298238,-1.10540368938107,0.270160982132299,0.46271402589903,-4.59503600652153
"hsa-miR-518d-3p",-3.12015570879914,3.20373320743172,-1.10509173491563,0.270295826495579,0.46271402589903,-4.59503626724662
"hsa-miR-2117",-17.5414932383989,17.0849308880485,-1.10462167732826,0.27049909969652,0.46271402589903,-4.59503665997504
"hsa-miR-1200",-3.11640719260372,3.22880378162555,-1.10457759734935,0.270518167191999,0.46271402589903,-4.59503669679504
"hsa-miR-429",-7.77344351186362,5.93996221202203,-1.10431894537702,0.270630069902699,0.46271402589903,-4.59503691281799
"hsa-miR-548e",-7.76023987646999,5.82579079756388,-1.10413158939403,0.270711147193738,0.46271402589903,-4.59503706926451
"hsa-miR-2113",-3.15135881950497,7.2908090035022,-1.10232868304628,0.271492201794256,0.46271402589903,-4.59503857340466
"hsa-miR-424-5p",-17.0298282432656,12.3748055606696,-1.10207848143982,0.271600716715792,0.46271402589903,-4.5950387819544
"hsa-miR-374c-5p",-10.8407214481448,10.0276519479648,-1.10182142302864,0.271712236639842,0.46271402589903,-4.59503899617119
"hsa-miR-647",-3.11004282627404,3.62513300570485,-1.10141879603165,0.271886972168823,0.46271402589903,-4.59503933159767
"hsa-miR-711",-3.11083364044086,3.26831178409692,-1.10081081928025,0.272150973896274,0.46271402589903,-4.59503983787263
"hsa-miR-9-5p",-23.1684958374323,19.054743739837,-1.1005686268373,0.272256190294916,0.46271402589903,-4.59504003947514
"hsa-miR-3131",-3.22496373890046,4.99076083037445,-1.09996359452768,0.272519158766823,0.46271402589903,-4.59504054291814
"hsa-miR-1245b-3p",-3.10382625363791,3.16477414534361,-1.099590345804,0.272681473113647,0.46271402589903,-4.59504085336058
"hsa-miR-4741",-17.0336259634535,10.5733395698458,-1.09888155248771,0.272989888685331,0.46271402589903,-4.5950414426019
"hsa-miR-658",-3.11344208073092,4.54247370770044,-1.0980797519786,0.273339063676809,0.46271402589903,-4.59504210871471
"hsa-miR-4425",-19.9750738535676,23.7772280387797,-1.09686335442668,0.273869377676694,0.46271402589903,-4.59504311835412
"hsa-miR-1469",-7.71359028038157,5.51941802374449,-1.09672905057638,0.273927973615195,0.46271402589903,-4.59504322976242
"hsa-miR-497-5p",-3.09195797651297,3.60866891201762,-1.09568195060559,0.274385112586587,0.46271402589903,-4.59504409789938
"hsa-miR-452-5p",-3.16134027557972,15.786518420326,-1.09557179958166,0.27443323238362,0.46271402589903,-4.59504418917698
"hsa-miR-507",-19.9424106399394,21.6997917799251,-1.09517878777433,0.274604968025002,0.46271402589903,-4.59504451477638
"hsa-miR-517a-3p",-3.08955332664809,3.39011052502203,-1.09471691625377,0.274806887935417,0.46271402589903,-4.595044897278
"hsa-miR-613",-3.08399906627023,3.3470441234141,-1.09293965014242,0.275584820738028,0.46271402589903,-4.59504636765818
"hsa-miR-548f",-3.08269677223986,3.7468545649163,-1.09253780354278,0.275760923754548,0.46271402589903,-4.59504669979249
"hsa-miR-1912",-3.08071400444211,3.13711009093392,-1.0919652409906,0.276011973856662,0.46271402589903,-4.59504717282045
"hsa-miR-514a-3p",-3.08200507004545,3.55257503606167,-1.09053327891329,0.276640529597465,0.46271402589903,-4.59504835478666
"hsa-miR-645",-3.07406086079798,3.31370212635683,-1.08930018106036,0.277182580941268,0.46271402589903,-4.59504937139005
"hsa-miR-1179",-3.07749178198624,3.25377240081498,-1.08896177255615,0.277331467550365,0.46271402589903,-4.59504965018739
"hsa-miR-1247-5p",-3.08868424978492,4.21631431188987,-1.088746022326,0.277426417901156,0.46271402589903,-4.59504982788863
"hsa-miR-96-5p",-50.6351512059155,59.1942351196608,-1.08857991785013,0.277499534645551,0.46271402589903,-4.59504996467599
"hsa-miR-372",-44.4645163366392,24.4669883100044,-1.08791779331113,0.277791123414583,0.46271402589903,-4.5950505097337
"hsa-miR-4421",-3.06953802093177,3.40964761294273,-1.0877221252178,0.277877332615924,0.46271402589903,-4.59505067074458
"hsa-miR-3187-3p",-3.06530058880482,3.12379221302643,-1.08646578571957,0.278431298764102,0.46271402589903,-4.59505170388247
"hsa-miR-562",-3.08214366559953,3.53200120946696,-1.08605034012931,0.278614650293154,0.46271402589903,-4.59505204526268
"hsa-miR-940",-3.06445837758818,3.36621966950661,-1.08509096644832,0.27903837336896,0.46271402589903,-4.59505283311123
"hsa-miR-301a-3p",-16.7557126302072,16.837664531837,-1.08385003567001,0.279587104856365,0.46271402589903,-4.59505385116635
"hsa-miR-518f-3p",-3.06848373606993,3.74259524017621,-1.08353936525062,0.279724596783033,0.46271402589903,-4.5950541058607
"hsa-miR-589-5p",-35.000412096046,24.5289843500352,-1.0833829072281,0.279793857177357,0.46271402589903,-4.59505423410128
"hsa-miR-3168",-3.05944810138764,3.25866809035242,-1.08318848407053,0.279879940217689,0.46271402589903,-4.59505439343466
"hsa-miR-1225-5p",-3.05304711130209,3.1704687505022,-1.08202907218688,0.280393659043323,0.46271402589903,-4.59505534301283
"hsa-miR-496",-10.6642856005551,23.6656692192643,-1.08192831295038,0.280438334452149,0.46271402589903,-4.59505542548934
"hsa-miR-604",-10.7495939228325,15.066196422207,-1.08138180151435,0.280680735705558,0.46271402589903,-4.59505587270536
"hsa-miR-655",-7.60236423794373,10.4134022286256,-1.08135844672352,0.28069109774687,0.46271402589903,-4.59505589181189
"hsa-miR-4461",-34.9787304129528,28.1934741999604,-1.081282601558,0.280724750493595,0.46271402589903,-4.59505595385799
"hsa-miR-1304-5p",-7.60146718812144,12.6741222835286,-1.08104688193661,0.280829357661889,0.46271402589903,-4.59505614666418
"hsa-miR-591",-13.6584391827384,9.99292011320705,-1.08010227321091,0.281248821468503,0.46271402589903,-4.59505691889112
"hsa-miR-1305",-3.04727544747389,3.12591378812775,-1.07996268874687,0.281310841755204,0.46271402589903,-4.59505703294674
"hsa-miR-4431",-3.04995211589588,3.26899631318062,-1.07990487426473,0.281336532670968,0.46271402589903,-4.5950570801832
"hsa-miR-934",-3.04756525815244,3.35997360296916,-1.078940479772,0.281765315268513,0.46271402589903,-4.59505786776203
"hsa-miR-661",-3.1091207145686,7.57297506734802,-1.07823304162561,0.282080135282405,0.46271402589903,-4.5950584450576
"hsa-miR-371b-5p",-19.6530359904116,17.3575123128238,-1.07648175844561,0.282860513911289,0.46271402589903,-4.59505987257358
"hsa-miR-3614-5p",-3.03617276634288,3.21193679478855,-1.07543865045982,0.283326026154153,0.46271402589903,-4.59506072175759
"hsa-miR-338-5p",-3.04863137026907,4.40818601872247,-1.07462957559586,0.283687454996796,0.46271402589903,-4.59506137986213
"hsa-miR-548v",-3.05415363189347,7.16267879734361,-1.07456796875761,0.283714988792735,0.46271402589903,-4.59506142995348
"hsa-miR-196a-5p",-3.0927963922592,5.3243985855022,-1.07412439117592,0.283913289629531,0.46271402589903,-4.59506179053498
"hsa-miR-495",-26.4442719466207,49.7850488059515,-1.07404112754601,0.283950523064741,0.46271402589903,-4.59506185820322
"hsa-miR-621",-3.03817047833838,3.55308610684581,-1.07376238953873,0.284075192021287,0.46271402589903,-4.59506208469578
"hsa-miR-219-2-3p",-25.6025893633287,20.8646611100529,-1.07263095419498,0.284581623152275,0.46271402589903,-4.59506300346851
"hsa-miR-323a-5p",-4.53148639566114,4.61644996753304,-1.07253560499139,0.284624329589262,0.46271402589903,-4.5950630808527
"hsa-miR-122-5p",-31.6504534436051,19.5617660864626,-1.07170367216024,0.284997133378288,0.46271402589903,-4.59506375575263
"hsa-miR-373-3p",-13.579874171979,10.5693920145419,-1.07128932209637,0.285182934928338,0.46271402589903,-4.59506409169993
"hsa-miR-548j",-4.72858993010015,16.1703240349427,-1.0710166559776,0.285305247984786,0.46271402589903,-4.59506431270309
"hsa-miR-200b-3p",-31.5642549881792,25.7609079871322,-1.07049951843076,0.285537324539155,0.46271402589903,-4.59506473170546
"hsa-miR-492",-3.01955304572836,3.18351444059471,-1.07037894504144,0.285591452893476,0.46271402589903,-4.59506482936961
"hsa-miR-708-5p",-16.5718510159028,16.5719480661762,-1.06927702913545,0.286086453471199,0.46271402589903,-4.59506572141933
"hsa-miR-509-3p",-3.01942572993993,3.51283299104405,-1.0692613040934,0.286093521665388,0.46271402589903,-4.59506573414292
"hsa-miR-1288",-3.03275191938516,3.6166202211674,-1.06924006830774,0.286103067052964,0.46271402589903,-4.59506575132513
"hsa-miR-1324",-3.01794139808749,3.1443336157533,-1.06921696376604,0.286113452683782,0.46271402589903,-4.59506577001903
"hsa-miR-718",-22.5484970562453,13.629377250022,-1.06918811810891,0.286126419340499,0.46271402589903,-4.59506579335748
"hsa-miR-549",-3.015789449985,3.06689946419383,-1.06885158663693,0.286277725996191,0.46271402589903,-4.59506606559295
"hsa-miR-595",-10.5162511511102,7.27413735503524,-1.06874432783464,0.28632596165712,0.46271402589903,-4.59506615234178
"hsa-miR-33b-5p",-25.5169403618816,17.7880935496211,-1.06834844506817,0.286504043061956,0.46271402589903,-4.59506647245023
"hsa-miR-548h-5p",-3.05348520518228,6.3740261406652,-1.06792218484279,0.286695873445337,0.46271402589903,-4.59506681699177
"hsa-miR-339-3p",-3.01717990273442,3.52953527507489,-1.06784929279302,0.286728685878528,0.46271402589903,-4.59506687589613
"hsa-miR-449b-5p",-3.01515369285283,3.27473826197357,-1.06746582910734,0.286901344497577,0.46271402589903,-4.59506718570984
"hsa-miR-3676-3p",-3.01164142874949,3.07357909614978,-1.06739467102923,0.286933391953085,0.46271402589903,-4.59506724318892
"hsa-miR-606",-3.0113813232369,3.07538239806167,-1.06729169088255,0.286979775417841,0.46271402589903,-4.59506732636617
"hsa-miR-449c-5p",-3.15802312857622,5.83795638149339,-1.06656569462873,0.287306917217997,0.46271402589903,-4.5950679125315
"hsa-miR-577",-3.00930123675446,3.26316980605727,-1.06653872485623,0.287319074969204,0.46271402589903,-4.59506793429921
"hsa-miR-196b-5p",-43.4214705352629,32.6841649453877,-1.06594074949352,0.287588727119979,0.46271402589903,-4.59506841679568
"hsa-miR-1827",-3.00792183159976,3.22381481069604,-1.06586323650667,0.287623693554213,0.46271402589903,-4.59506847932021
"hsa-miR-488-3p",-28.4477938168875,19.1061675411938,-1.06552309085277,0.287777168823465,0.46271402589903,-4.59506875364026
"hsa-miR-548ab",-10.4919034723249,11.1737533276123,-1.06544534896407,0.287812254124075,0.46271402589903,-4.59506881632536
"hsa-miR-519d",-4.49645871668477,10.0990022864758,-1.06535565937628,0.287852735089007,0.46271402589903,-4.59506888863856
"hsa-miR-590-3p",-3.15476805270186,5.31691929692511,-1.06500855868157,0.2880094337523,0.46271402589903,-4.59506916843614
"hsa-miR-483-3p",-4.82686337306091,20.8984307459383,-1.06500107869447,0.288012811230983,0.46271402589903,-4.59506917446478
"hsa-miR-1273d",-3.00277291248104,3.1907096447489,-1.0643256639079,0.288317895730757,0.46271402589903,-4.5950697186562
"hsa-miR-490-3p",-3.00256662593877,3.2167679975859,-1.06422679947231,0.288362571139683,0.46271402589903,-4.59506979828435
"hsa-miR-302f",-3.00425251345672,3.64215072176652,-1.0638270647443,0.288543253382839,0.46271402589903,-4.59507012016768
"hsa-miR-1298",-3.01466270971911,3.79749189810132,-1.06349983536368,0.288691219992402,0.46271402589903,-4.59507038357843
"hsa-miR-103a-3p",-19.4282831535642,13.1282182551938,-1.06345223967809,0.288712746101418,0.46271402589903,-4.59507042188503
"hsa-miR-628-3p",-3.1157366917233,7.29189763661233,-1.06334798797692,0.288759899841326,0.46271402589903,-4.59507050578445
"hsa-miR-1271-5p",-25.3808181868548,20.4622668685991,-1.06312726528985,0.288859751425672,0.46271402589903,-4.59507068339051
"hsa-miR-548ae",-22.3509374878253,23.4763702287092,-1.06297777645874,0.288927391199885,0.46271402589903,-4.5950708036572
"hsa-miR-1272",-3.00114620141002,3.25624718425991,-1.06297264457469,0.288929713433511,0.46271402589903,-4.59507080778563
"hsa-miR-1203",-4.48713477363162,3.81320608949339,-1.0628508489721,0.288984830990823,0.46271402589903,-4.59507090575986
"hsa-miR-617",-16.4321198026464,11.4859637068238,-1.06260634184607,0.289095502126132,0.46271402589903,-4.59507110241191
"hsa-let-7a-5p",-1039.12331280085,12226.2999271123,-1.0624958174708,0.289145538149824,0.46271402589903,-4.59507119128982
"hsa-miR-873-5p",-2.99997399496356,3.81612452825991,-1.0618155723011,0.289453624534192,0.46271402589903,-4.5950717381079
"hsa-miR-147a",-28.3735836609605,16.7653180279736,-1.06180074214786,0.289460343661581,0.46271402589903,-4.59507175002537
"hsa-miR-3605-5p",-3.02052648019635,4.00368250199559,-1.06179442470331,0.289463205951016,0.46271402589903,-4.595071755102
"hsa-miR-633",-22.3691058736283,16.5416305106476,-1.06137772489495,0.289652045467526,0.46271402589903,-4.59507208989193
"hsa-miR-657",-19.3858475820952,14.2100844374714,-1.0613729508454,0.289654209449288,0.46271402589903,-4.5950720937268
"hsa-miR-133a",-25.3436181572189,17.8177733929559,-1.06086838919592,0.289882979000992,0.46271402589903,-4.59507249893353
"hsa-miR-1825",-2.99415646652167,3.17731505495595,-1.06086828581074,0.289883025888646,0.46271402589903,-4.59507249901653
"hsa-miR-720",265.733284725135,1968.96867302115,1.06077827485489,0.28992384995959,0.46271402589903,-4.59507257128327
"hsa-miR-545-3p",-2.99293886180847,3.32484905588987,-1.0606420758321,0.289985629831717,0.46271402589903,-4.59507268062143
"hsa-miR-100-5p",38.3970464950702,247.623173750749,1.06012931130331,0.290218299815542,0.46271402589903,-4.5950730921362
"hsa-miR-651",-2.99012927516977,3.35034613100881,-1.05952863429524,0.290491021435465,0.46271402589903,-4.59507357395631
"hsa-miR-602",-19.367522788218,11.7742333621938,-1.05948844227801,0.290509275759216,0.46271402589903,-4.5950736061859
"hsa-miR-221-3p",-5.82739507817785,47.0757843400352,-1.05893235759563,0.290761916839559,0.46271402589903,-4.59507405198205
"hsa-miR-526b-5p",-19.3527149161048,12.5237099049956,-1.05889701426493,0.290777979092118,0.46271402589903,-4.59507408030796
"hsa-miR-512-3p",-7.44412840913325,5.58528093838767,-1.0587181382969,0.290859280899816,0.46271402589903,-4.59507422365391
"hsa-miR-4435",-2.99623549916457,4.48060251881057,-1.05833105013673,0.291035270956522,0.46271402589903,-4.59507453377373
"hsa-miR-1913",-2.99326700255687,3.5886761085859,-1.05739911470813,0.291459272070895,0.46271402589903,-4.59507527994777
"hsa-miR-767-3p",-2.98336680644538,3.17923795997357,-1.05738757750021,0.291464523753359,0.46271402589903,-4.59507528918124
"hsa-miR-381",-3.04748453600932,4.67087572269163,-1.05736235759216,0.291476003959169,0.46271402589903,-4.59507530936493
"hsa-miR-568",-3.00957007327396,3.73778572799559,-1.05735492969188,0.29147938522824,0.46271402589903,-4.59507531530946
"hsa-miR-18a-5p",-37.1428442025408,28.8666423533348,-1.05731069889601,0.291499520165268,0.46271402589903,-4.59507535070633
"hsa-miR-1237",-16.3509928188408,9.99001511726872,-1.05708494485476,0.291602303571701,0.46271402589903,-4.59507553134935
"hsa-miR-378c",-28.1999444880595,21.5595682710485,-1.05676424751688,0.291748355802546,0.46271402589903,-4.59507578789876
"hsa-miR-659-3p",-2.98375062656247,3.2126147720837,-1.05603972035474,0.292078502698044,0.46271402589903,-4.59507636722039
"hsa-miR-490-5p",-7.4228003382501,5.38552111411894,-1.05581443263632,0.292181211528666,0.46271402589903,-4.59507654727787
"hsa-miR-1286",-2.98639380651118,3.41267534023348,-1.05571631063255,0.29222595305422,0.46271402589903,-4.59507662568846
"hsa-miR-2114-5p",-2.97849178383449,3.16676091304405,-1.05557907851578,0.292288535721414,0.46271402589903,-4.5950767353405
"hsa-miR-1538",-4.4688125460808,7.19456632551101,-1.0555109526729,0.292319606865359,0.46271402589903,-4.59507678976965
"hsa-miR-653",-2.97633429875594,3.17804000074449,-1.05479616863088,0.292645743458422,0.46271402589903,-4.59507736063866
"hsa-miR-1295a",-10.3797670130152,7.08515003319383,-1.05469061334381,0.292693926310247,0.46271402589903,-4.59507744490925
"hsa-miR-296-3p",-13.3413527629629,8.27712853036564,-1.05415088636441,0.292940379438333,0.46271402589903,-4.59507787567378
"hsa-miR-616-3p",-10.3668925564515,8.57007749117621,-1.05414522290132,0.292942966263502,0.46271402589903,-4.59507788019271
"hsa-miR-649",-2.98978536067055,3.69239523213216,-1.05408213877902,0.292971781407733,0.46271402589903,-4.59507793052675
"hsa-miR-431-5p",-69.3626664628269,76.3677474294846,-1.05361295573756,0.293186151798359,0.46271402589903,-4.59507830478952
"hsa-miR-668",-2.98278811916876,3.68969795919383,-1.05353249034968,0.293222927189946,0.46271402589903,-4.59507836895954
"hsa-miR-135b-5p",-22.2236004585245,12.9459763605991,-1.05342206820846,0.293273398898811,0.46271402589903,-4.59507845701187
"hsa-miR-548p",-2.97641344188585,3.93675414351101,-1.05329543623118,0.293331287017053,0.46271402589903,-4.59507855797902
"hsa-miR-581",-2.98177942446619,3.46294838650661,-1.05315385236496,0.293396019330448,0.46271402589903,-4.59507867085365
"hsa-miR-1228-3p",-34.0564196089543,21.6571772905771,-1.05303432237202,0.293450676097564,0.46271402589903,-4.59507876613472
"hsa-miR-548u",-2.96716882595283,3.15478816329956,-1.0516158373352,0.294099823346904,0.46271402589903,-4.59507989604363
"hsa-miR-548d-3p",-7.80527350076666,26.4640374950529,-1.05063029828785,0.294551409968866,0.46271402589903,-4.59508068020571
"hsa-miR-888-5p",-3.41592948546487,7.77414567259912,-1.05029603458453,0.294704680075897,0.46271402589903,-4.59508094600498
"hsa-miR-205-5p",-19.1962257513586,11.578157441,-1.05003673812474,0.294823612464429,0.46271402589903,-4.59508115213478
"hsa-miR-548w",-2.99593848543224,5.64322884222907,-1.04989805846356,0.294887234422424,0.46271402589903,-4.59508126235883
"hsa-miR-642b-3p",-10.3327076137371,6.89962106849339,-1.04967583725897,0.294989201975239,0.46271402589903,-4.59508143895279
"hsa-miR-514b-5p",-13.7714091948066,20.5824706790749,-1.04905435787615,0.295274497808843,0.46271402589903,-4.59508193263321
"hsa-miR-663b",-57.5626130131019,33.5556637959075,-1.04876546185411,0.295407181508352,0.46271402589903,-4.59508216202398
"hsa-miR-1976",-2.96576574758407,3.59193352168722,-1.04851773530358,0.295520988965945,0.46271402589903,-4.59508235867582
"hsa-miR-1202",-2.96828902132253,3.8165325259163,-1.04828304675401,0.295628833926735,0.46271402589903,-4.59508254493573
"hsa-miR-1281",-7.36757435720185,6.42510848588987,-1.04794162386627,0.295785773211177,0.46271402589903,-4.59508281583202
"hsa-miR-1248",-2.95619956294125,3.19551112807489,-1.04740726670256,0.296031509824326,0.46271402589903,-4.59508323963511
"hsa-miR-1204",-2.96358840466643,3.40761682660352,-1.04732839940107,0.296067790439408,0.46271402589903,-4.59508330216746
"hsa-miR-3154",-2.95510274777482,3.17507639912335,-1.04720811134733,0.296123131239159,0.46271402589903,-4.59508339753265
"hsa-miR-301b",-13.3672679305709,11.9778602180837,-1.0458350620078,0.296755322397088,0.46271402589903,-4.59508448533425
"hsa-miR-520h",-13.6500491239624,15.1721807793348,-1.04568804000819,0.296823069349207,0.46271402589903,-4.5950846017298
"hsa-miR-193a-3p",-24.9715361634878,18.2579414344978,-1.04508527759386,0.297100927898804,0.46271402589903,-4.59508507876187
"hsa-miR-622",-19.1020387576972,11.0612636745727,-1.04464714889471,0.297303004222708,0.46271402589903,-4.59508542533188
"hsa-miR-325",-33.77752191849,18.8923070104185,-1.0440145017027,0.297594960692756,0.46271402589903,-4.59508592551908
"hsa-miR-1468",-3.00017698883675,9.03370345277093,-1.04399900506835,0.297602114558821,0.46271402589903,-4.59508593776739
"hsa-miR-4284",-21.9395591988308,27.2497816349251,-1.04388260221589,0.297655854468395,0.46271402589903,-4.59508602976478
"hsa-miR-1539",-30.8207709609676,17.1893434463128,-1.04332059308201,0.297915410057849,0.46271402589903,-4.59508647379939
"hsa-miR-3178",-13.184965926531,11.1569939965727,-1.04295207803065,0.298085685879137,0.46271402589903,-4.59508676483004
"hsa-miR-3136-5p",-2.94244363751957,3.17242276636123,-1.04250025385719,0.298294544750178,0.46271402589903,-4.59508712151553
"hsa-miR-137",-57.1807014756641,30.7395603656167,-1.04212145184946,0.298469724418871,0.46271402589903,-4.595087420438
"hsa-miR-2115-5p",-27.8475699851587,15.654657791348,-1.04191039331539,0.298567359925054,0.46271402589903,-4.59508758694352
"hsa-miR-1250",-19.0402761073748,12.3973150020485,-1.04178175562152,0.298626878145629,0.46271402589903,-4.59508768841046
"hsa-miR-767-5p",-19.0474184290483,10.9578147617093,-1.04161995561437,0.298701751261521,0.46271402589903,-4.59508781601773
"hsa-miR-1224-3p",-2.96358051921755,4.03944812526432,-1.04148777062351,0.298762929361702,0.46271402589903,-4.59508792025401
"hsa-miR-4532",-2.95553615930691,3.949420303837,-1.04113842441929,0.298924654944554,0.46271402589903,-4.59508819567328
"hsa-miR-526a+hsa-miR-520c-5p+hsa-miR-518d-5p",-2.94204789104025,3.43805161726432,-1.04102646584827,0.298976497249452,0.46271402589903,-4.59508828392055
"hsa-miR-2276",-16.0758254717434,14.1762790645374,-1.04100384199358,0.298986973936484,0.46271402589903,-4.59508830175185
"hsa-miR-623",-27.8089668132454,17.7861308945595,-1.0409926362798,0.298992163185806,0.46271402589903,-4.59508831058365
"hsa-miR-522-3p",-2.95101592312688,5.35882655718943,-1.04040509290484,0.299264333167663,0.46271402589903,-4.59508877352596
"hsa-miR-1301",-2.93665902310979,3.24178392409251,-1.04022554306957,0.299347539917383,0.46271402589903,-4.59508891494729
"hsa-miR-486-3p",-42.4405833310286,22.6678122348238,-1.04014016102258,0.299387113004597,0.46271402589903,-4.59508898218954
"hsa-miR-2052",-2.93831612666985,3.23969377947577,-1.04000434404318,0.299450069041208,0.46271402589903,-4.59508908914044
"hsa-miR-513a-3p",-10.2366995059858,6.88541186531718,-1.03985922867477,0.299517345038081,0.46271402589903,-4.59508920339833
"hsa-miR-377-3p",-7.30981108040574,5.6296665773348,-1.03970804446317,0.299587445366655,0.46271402589903,-4.59508932241795
"hsa-miR-588",-2.93233942918951,3.11636820533921,-1.03904961946987,0.299892868986959,0.46271402589903,-4.59508984056444
"hsa-miR-509-5p",-10.2456741313587,12.4498210554405,-1.039048728526,0.299893282410678,0.46271402589903,-4.59508984126535
"hsa-miR-515-5p",-45.3112829673061,24.6553351482291,-1.03891715612826,0.299954340007595,0.46271402589903,-4.59508994476733
"hsa-miR-920",-36.5428397910386,19.3710358403172,-1.03884265679381,0.299988915930801,0.46271402589903,-4.59509000336685
"hsa-miR-885-3p",-39.4566844504568,22.1878360062996,-1.03866239160665,0.300072589964297,0.46271402589903,-4.5950901451424
"hsa-miR-567",-2.93575269489634,3.49058157414097,-1.03861240392297,0.300095795615973,0.46271402589903,-4.59509018445259
"hsa-miR-519e-3p",-21.8244619869354,24.5583546223789,-1.03814129003491,0.300314558749754,0.46271402589903,-4.5950905548443
"hsa-miR-525-3p",-7.31040279432129,8.58801414448018,-1.03803633355657,0.300363310174112,0.46271402589903,-4.59509063733904
"hsa-miR-1236",-39.4271252072554,20.9006461536476,-1.03780482957354,0.300470860650518,0.46271402589903,-4.59509081926999
"hsa-miR-370",-7.3212069362947,7.03272640593392,-1.03774402553633,0.300499112841987,0.46271402589903,-4.59509086704716
"hsa-miR-184",-18.9621615926509,12.2428496021278,-1.0373458478063,0.300684167523551,0.46271402589903,-4.59509117985012
"hsa-miR-455-5p",-2.92864923994708,3.25892587724229,-1.03689588741956,0.300893380382351,0.46271402589903,-4.59509153319105
"hsa-miR-654-5p",-36.4572506675747,20.3461106449559,-1.0366069072725,0.301027795597211,0.46271402589903,-4.59509176003955
"hsa-miR-517b-3p",-18.9548139154401,10.9927959891013,-1.03654634379216,0.301055970985285,0.46271402589903,-4.59509180757381
"hsa-miR-1264",-30.6221931091502,16.9606269431762,-1.03649706043886,0.301078899929035,0.46271402589903,-4.59509184625269
"hsa-miR-1277-3p",-18.9169864442609,14.6248687109295,-1.03578416301675,0.301410704455492,0.46271402589903,-4.5950924055514
"hsa-miR-550a-5p",-2.92525547825936,3.67659333659912,-1.03561360929063,0.301490121759342,0.46271402589903,-4.59509253930218
"hsa-miR-299-5p",-39.3051901949397,24.4454341620705,-1.03526779995964,0.301651188812494,0.46271402589903,-4.59509281042468
"hsa-miR-671-5p",-2.92788483786254,3.17661355109251,-1.0347159481505,0.301908343355781,0.46271402589903,-4.59509324290527
"hsa-miR-298",-21.8227790459593,13.160257095696,-1.03442130915211,0.30204570077016,0.46271402589903,-4.59509347371818
"hsa-miR-384",-39.2896412345754,21.1862289644141,-1.03422630883262,0.302136630762127,0.46271402589903,-4.59509362644113
"hsa-miR-1",-15.9937641059304,11.116300229348,-1.03415718426422,0.302168868426019,0.46271402589903,-4.59509368057223
"hsa-miR-378b",-18.8963053043602,12.0509392900264,-1.03357604306418,0.302439986681026,0.46271402589903,-4.59509413552079
"hsa-miR-300",-39.2260662724931,21.53090836563,-1.03260778897725,0.302892065376326,0.46271402589903,-4.59509489296478
"hsa-miR-455-3p",-3.04640592880761,5.011663421,-1.03246982574794,0.30295651732817,0.46271402589903,-4.59509500083372
"hsa-miR-520d-3p",-10.1700487430604,9.45039556610573,-1.03161217140245,0.303357391548221,0.46271402589903,-4.59509567108829
"hsa-miR-3180-3p",-15.9481041729983,9.5415020985815,-1.03073570676992,0.303767424333051,0.46271402589903,-4.59509635547835
"hsa-miR-3164",-53.6589115248205,29.0733793766255,-1.03071307300207,0.30377801790124,0.46271402589903,-4.59509637314445
"hsa-miR-215",-56.4727293230916,41.595267949815,-1.03064603460338,0.303809396179185,0.46271402589903,-4.59509642546695
"hsa-miR-1268b",-50.7426661544683,27.1162971277225,-1.03030501309675,0.303969049713119,0.46271402589903,-4.59509669157765
"hsa-miR-302c-3p",-2.90702329741662,3.43294772814097,-1.0302642003966,0.303988160453189,0.46271402589903,-4.5950967234194
"hsa-miR-580",-2.90822804734405,3.21719352081057,-1.03011829981168,0.304056485662233,0.46271402589903,-4.59509683723978
"hsa-miR-411-5p",-24.7458754842438,19.2977787004361,-1.02918983246085,0.304491527260994,0.46271402589903,-4.59509756118773
"hsa-miR-517c-3p+hsa-miR-519a-3p",-24.5984594698002,18.1274006861013,-1.02874813366486,0.304698635097904,0.46271402589903,-4.59509790536585
"hsa-miR-654-3p",-2.90253527493659,3.47132218465639,-1.02762494324243,0.305225710978821,0.46271402589903,-4.59509877991903
"hsa-miR-513a-5p",-10.100284991136,9.79249453932159,-1.02758537694299,0.305244289222362,0.46271402589903,-4.59509881070959
"hsa-miR-198",-10.1156056560387,7.48620678811013,-1.02754236079837,0.305264488187732,0.46271402589903,-4.59509884418346
"hsa-miR-1182",-21.6802623077401,12.7868003477841,-1.02750295247905,0.30528299382057,0.46271402589903,-4.59509887484865
"hsa-miR-320d",-4.38328880915252,8.59151408352863,-1.02718621693244,0.305431755910734,0.46271402589903,-4.59509912127121
"hsa-miR-499b-3p",-24.558236675716,14.2058165801189,-1.02687991345133,0.305575664373482,0.46271402589903,-4.59509935950666
"hsa-miR-1231",-30.341082323214,17.0894862706255,-1.02684239003768,0.305593296853355,0.46271402589903,-4.59509938868665
"hsa-miR-760",-59.2273243333966,33.0784784123833,-1.02673815205699,0.305642282477591,0.46271402589903,-4.59509946974163
"hsa-miR-520b",-21.6654126261417,13.2026398372863,-1.02653480852547,0.305737856876936,0.46271402589903,-4.59509962783737
"hsa-miR-369-5p",-2.90040935261802,3.43888954117181,-1.0261769949609,0.305906082857668,0.46271402589903,-4.595099905956
"hsa-miR-561-3p",-4.33570851200978,4.4209287989163,-1.02527761890376,0.306329197086356,0.46271402589903,-4.59510060459608
"hsa-miR-487b",-38.8987595070881,24.6883838613612,-1.02460277589057,0.306646935323763,0.46271402589903,-4.59510112842288
"hsa-miR-1245a",-2.89598406582478,3.52817601188987,-1.02443322243181,0.306726801194398,0.46271402589903,-4.59510125998048
"hsa-miR-224-5p",-21.4775487007515,29.7381192580925,-1.02289321333912,0.307452836855164,0.46271402589903,-4.59510245390486
"hsa-miR-34b-3p",-93.520136793774,50.0100914770485,-1.02241702331465,0.307677567768828,0.46271402589903,-4.59510282272434
"hsa-miR-206",-21.561635734069,13.706712258489,-1.02200518132571,0.307872018807294,0.46271402589903,-4.59510314156892
"hsa-miR-889",-2.8832101551188,3.25864836801322,-1.0216605788795,0.30803478561445,0.46271402589903,-4.59510340826032
"hsa-miR-1291",-2.89107860528547,4.69598877671366,-1.02162226381679,0.308052886589487,0.46271402589903,-4.59510343790727
"hsa-miR-1208",-30.1865858519445,17.486127875652,-1.02161105559115,0.308058181764008,0.46271402589903,-4.59510344657965
"hsa-miR-2054",-56.033995239295,32.527486387978,-1.02108479143685,0.308306876388448,0.46271402589903,-4.59510385367116
"hsa-miR-412",-7.18238465904435,6.30447900081938,-1.02092395155716,0.308382910535996,0.46271402589903,-4.59510397804774
"hsa-miR-193b-3p",-2.89798668042408,3.94947245171806,-1.02078686491619,0.308447725623596,0.46271402589903,-4.59510408404088
"hsa-miR-924",-10.0314829351457,8.16421885955947,-1.01893603470945,0.309323693012189,0.46271402589903,-4.59510551370469
"hsa-miR-135a-5p",-24.3660797025622,14.1955736264097,-1.01882580777575,0.309375913760977,0.46271402589903,-4.59510559876853
"hsa-miR-944",-3.15014743732222,6.48676546623789,-1.01875358581204,0.309410132580163,0.46271402589903,-4.59510565449844
"hsa-miR-1470",-7.16608026081056,5.892160864,-1.01868577085697,0.309442265647076,0.46271402589903,-4.59510570682419
"hsa-miR-3123",-4.30506831171406,4.05136454725991,-1.01865025940663,0.309459093083661,0.46271402589903,-4.59510573422332
"hsa-miR-1197",-18.6006166011147,13.655306403326,-1.01806241457169,0.309737737344738,0.46271402589903,-4.595106187643
"hsa-miR-133b",-38.6463667579096,23.3413782639824,-1.01754175606076,0.309984673901947,0.46271402589903,-4.5951065890256
"hsa-miR-214-3p",-78.699577173418,42.9245535727137,-1.01671272436258,0.310378134916287,0.46271402589903,-4.59510722772118
"hsa-miR-450b-5p",-38.6215042837333,22.7492685252379,-1.01664963660089,0.31040809014612,0.46271402589903,-4.5951072763038
"hsa-miR-376b",-18.5907931654447,13.8751908231982,-1.01603610667705,0.31069950562523,0.46271402589903,-4.59510774861648
"hsa-miR-320b",-10.1251912847515,25.3897731269163,-1.01588713070972,0.310770293896595,0.46271402589903,-4.59510786326014
"hsa-miR-518a-3p",-24.2979621965792,14.3750077491718,-1.0157047436319,0.310856972567813,0.46271402589903,-4.59510800359266
"hsa-miR-450b-3p",-7.13900199778328,5.47685249874449,-1.01515090845232,0.311120278752758,0.46271402589903,-4.59510842957377
"hsa-miR-323b-3p",-18.5184660982648,18.1691985363965,-1.01494152867936,0.311219861356821,0.46271402589903,-4.59510859055832
"hsa-miR-1972",-13.2336258548098,20.2623747971674,-1.01474437311408,0.311313649379644,0.46271402589903,-4.59510874211433
"hsa-miR-3127-5p",-2.87057867795726,4.34437970135242,-1.01407491506644,0.311632254401553,0.46271402589903,-4.59510925651954
"hsa-miR-921",-4.12644676214576,12.8648293738722,-1.01386317010728,0.311733072005516,0.46271402589903,-4.59510941915295
"hsa-miR-376c",-55.6799813409839,38.6797099895771,-1.01364043056126,0.311839147793041,0.46271402589903,-4.59510959019494
"hsa-miR-548a-3p",-24.2410731883079,14.6772120402159,-1.01356530118141,0.311874932238931,0.46271402589903,-4.59510964787855
"hsa-miR-519c-3p",-7.1255913849999,5.83746897846255,-1.01266965589422,0.312301741790795,0.46271402589903,-4.5951103352231
"hsa-miR-330-5p",-9.95467063037356,10.2046210974449,-1.01239792073709,0.312431310648897,0.46271402589903,-4.59511054364272
"hsa-miR-935",-2.96624150472828,6.12140345963436,-1.01238559265512,0.312437189774776,0.46271402589903,-4.59511055309699
"hsa-miR-626",-2.85641817992206,3.40915554959471,-1.01192219592849,0.312658231756779,0.46271402589903,-4.59511090838914
"hsa-miR-18b-5p",-2.94192656661453,6.95076173514537,-1.010335266363,0.313415988511304,0.46271402589903,-4.59511212389808
"hsa-miR-505-3p",-12.685104892713,25.6390890438326,-1.00983576399759,0.313654751792407,0.46271402589903,-4.59511250610437
"hsa-miR-939",-2.86514973417366,3.83901921447137,-1.00798979012153,0.314538176720542,0.46271402589903,-4.59511391698528
"hsa-miR-662",-4.30699253025757,32.7886262826476,-1.00655483940466,0.315226035431836,0.46271402589903,-4.59511501196919
"hsa-miR-615-5p",-2.84032469948376,3.37313444342291,-1.00603919415385,0.315473458217533,0.46271402589903,-4.59511540507418
"hsa-miR-20a-5p+hsa-miR-20b-5p",-111.304575507582,787.282851506035,-1.00571734569637,0.315627956287597,0.46271402589903,-4.59511565033686
"hsa-miR-518c-3p",-32.3945775980495,40.9390436297533,-1.00526522917715,0.315845071879731,0.46271402589903,-4.59511599473931
"hsa-miR-1908",-2.84335812824879,3.56155077818502,-1.00464183704307,0.316144599384577,0.46271402589903,-4.59511646936256
"hsa-miR-31-5p",-9.87239726329307,10.0374886537313,-1.0038943391083,0.316504004648149,0.46271402589903,-4.59511703809323
"hsa-miR-1207-3p",-2.83303958344405,3.45129486135683,-1.00359140444855,0.316649735802572,0.46271402589903,-4.59511726846138
"hsa-miR-508-5p",-7.04385783088585,8.04608531474009,-1.00296523792106,0.316951102835246,0.46271402589903,-4.59511774441635
"hsa-miR-181c-5p",-29.4657769881088,43.2906817919427,-1.00272089890432,0.317068751856056,0.46271402589903,-4.59511793006156
"hsa-miR-891a",-15.513759649168,10.5780448233304,-1.00271391802777,0.31707211356552,0.46271402589903,-4.59511793536487
"hsa-miR-34c-3p",-15.5044499223275,10.5308779696035,-1.00168258257939,0.317569021785657,0.46271402589903,-4.59511871846351
"hsa-miR-3182",-2.83224570304297,3.6455196625859,-1.00096350175987,0.317915786342815,0.46271402589903,-4.59511926399713
"hsa-miR-27a-3p",-43.6135350999063,28.0633630884802,-1.00017290607115,0.31829732589721,0.46271402589903,-4.5951198633416
"hsa-miR-4647",-2.82638368889362,3.98009252935683,-1.00010858522422,0.318328380257586,0.46271402589903,-4.59511991208225
"hsa-miR-544b",-2.885904328916,5.98552050917181,-0.998279111834303,0.319212493770197,0.46271402589903,-4.59512129712043
"hsa-miR-521",-7.0121028479609,7.60441319973128,-0.997128745652124,0.31976924874484,0.46271402589903,-4.59512216675155
"hsa-miR-675-5p",-2.80938620241484,3.53684684623348,-0.994969873939447,0.320815825785349,0.46271402589903,-4.59512379611353
"hsa-miR-188-3p",-23.752660114226,21.2078120676608,-0.994695935482581,0.320948786476158,0.46271402589903,-4.59512400261463
"hsa-miR-1284",-2.81144358414257,3.78500066778855,-0.994602165208518,0.320994307798979,0.46271402589903,-4.59512407328797
"hsa-miR-601",-12.595644199628,8.76853751170485,-0.994397045744392,0.321093899033492,0.46271402589903,-4.59512422786081
"hsa-miR-375",-32.1309763974828,20.8061750248282,-0.992831606707875,0.321854632651324,0.46271402589903,-4.59512540650431
"hsa-miR-30e-5p",-33.2280218021064,167.090580488238,-0.991603343752604,0.322452342191259,0.46271402589903,-4.59512633000515
"hsa-miR-769-3p",-9.793318018625,9.62434041426432,-0.990517263448925,0.322981468261166,0.46271402589903,-4.59512714566647
"hsa-miR-331-5p",-32.0267870453255,19.5223923244626,-0.989034702655049,0.323704674573279,0.46271402589903,-4.59512825767221
"hsa-miR-302a-3p",-2.82095968394164,5.33396626681057,-0.989009074413762,0.323717185588686,0.46271402589903,-4.59512827688048
"hsa-miR-216a",-48.8705258236502,36.2066899062731,-0.98878040303007,0.32382883082324,0.46271402589903,-4.59512844824706
"hsa-miR-432-5p",-12.5141594283147,9.1555099782511,-0.988344389254958,0.324041777713747,0.46271402589903,-4.59512877488835
"hsa-miR-32-5p",-2.82169212746184,4.69879019127753,-0.988130487481151,0.324146279805383,0.46271402589903,-4.59512893508189
"hsa-miR-1915-3p",-2.78895529694732,3.36982985082819,-0.987848655010192,0.32428400329054,0.46271402589903,-4.59512914609745
"hsa-miR-762",-2.79013901572727,3.36299667330396,-0.987216754084963,0.324592934634939,0.46271402589903,-4.59512961900372
"hsa-miR-572",-2.78450448894646,3.33708497532159,-0.985108323751403,0.325625124365898,0.46271402589903,-4.59513119477322
"hsa-miR-541-3p",-2.78255020362199,3.37039167842731,-0.984949193117616,0.325703114458416,0.46271402589903,-4.59513131356767
"hsa-miR-99b-5p",-45.5566153402477,140.648559862907,-0.984277128367184,0.326032628962873,0.46271402589903,-4.59513181507047
"hsa-miR-571",-2.79774672525174,6.92505423396476,-0.982985810146455,0.326666376565118,0.46271402589903,-4.59513277772335
"hsa-miR-1537",-2.78603472888951,6.54624717853304,-0.982724251954491,0.326794841020026,0.46271402589903,-4.59513297255867
"hsa-miR-624-3p",-4.14442501682516,8.35353039770044,-0.981771665160906,0.327262983762717,0.46271402589903,-4.59513368171198
"hsa-miR-638",-2.77518604098423,3.81296588115859,-0.980694190847556,0.327793029695372,0.46271402589903,-4.59513448302295
"hsa-miR-539-5p",-2.78816112987109,3.39920089538767,-0.980500503086512,0.327888370665505,0.46271402589903,-4.59513462697562
"hsa-miR-143-3p",-20.0711370548545,17.3288728445374,-0.980237397919026,0.328017910708745,0.46271402589903,-4.59513482247597
"hsa-miR-367-3p",-23.4338254990692,17.0500453346916,-0.978841342705123,0.328705818732996,0.46271402589903,-4.595135858952
"hsa-miR-503",-12.3673154356153,11.5435263143348,-0.97693873158351,0.329644847701587,0.46271402589903,-4.59513726917304
"hsa-miR-1296",-2.76130635730233,3.78317492667841,-0.976913091753169,0.329657514108739,0.46271402589903,-4.59513728815892
"hsa-miR-509-3-5p",-2.75869218398407,3.4511550920837,-0.976828711453454,0.329699201306625,0.46271402589903,-4.59513735063779
"hsa-miR-618",-17.8053781844493,25.3677747971013,-0.976590222073093,0.329817043056334,0.46271402589903,-4.59513752719698
"hsa-miR-1471",-2.76000046180847,3.38019536412335,-0.975888709406238,0.330163831815465,0.46271402589903,-4.59513804629739
"hsa-miR-378f",-2.8599864507627,5.13705179911894,-0.975537812661463,0.330337384732858,0.46271402589903,-4.59513830581389
"hsa-miR-329",-17.8181824584471,15.7178781337665,-0.975240130789378,0.330484664263146,0.46271402589903,-4.59513852590175
"hsa-miR-491-3p",-4.10829703327513,4.24380741853304,-0.972506966895021,0.331838909312733,0.46271402589903,-4.5951405435497
"hsa-miR-422a",-25.9368330420412,19.6244480937093,-0.970445574917175,0.332862685637145,0.46271402589903,-4.59514206160564
"hsa-miR-296-5p",122.173208123186,1553.46194793833,0.970406547112767,0.332882088311145,0.46271402589903,-4.59514209031606
"hsa-miR-130b-3p",-47.5261197859571,74.9160362632731,-0.969612179020054,0.333277168164018,0.46271402589903,-4.59514267443816
"hsa-miR-564",-2.7429886779125,3.62325802818062,-0.969429665105261,0.333367984680737,0.46271402589903,-4.5951428085795
"hsa-miR-1227",-2.75517207384887,5.24546393943172,-0.966687269393188,0.334734499839772,0.46271402589903,-4.5951448211546
"hsa-miR-1265",-2.73538599163201,3.77478487081057,-0.966066493786486,0.335044331322819,0.46271402589903,-4.59514527594786
"hsa-miR-410",-3.12840707468811,14.0684925673568,-0.964403576418854,0.335875215812934,0.46271402589903,-4.59514649282023
"hsa-miR-586",-2.74359888415982,3.2669862535815,-0.964272477586609,0.335940776692534,0.46271402589903,-4.59514658866669
"hsa-miR-569",-15.0023818002548,11.9074600195859,-0.963086559288948,0.336534216255693,0.46271402589903,-4.59514745511005
"hsa-miR-139-3p",-3.20699499684429,12.7924381574097,-0.962941171421907,0.336607015768829,0.46271402589903,-4.59514756125964
"hsa-miR-151b",-2.80008352859285,8.07628449355947,-0.962176873009143,0.336989887685924,0.46271402589903,-4.5951481190248
"hsa-miR-769-5p",-6.80907637611725,17.6732304660837,-0.961102350146546,0.337528641679306,0.46271402589903,-4.5951489024469
"hsa-miR-2116-5p",-7.11046707966697,26.3999548141278,-0.960989060254853,0.337585476441496,0.46271402589903,-4.59514898499506
"hsa-miR-548l",-2.71495744544553,3.57960277794273,-0.959979626506075,0.338092157903856,0.46271402589903,-4.59514972009169
"hsa-miR-4448",-2.72720717364576,5.00748952429956,-0.958828960758136,0.338670329572777,0.46271402589903,-4.59515055711027
"hsa-miR-1322",-2.71350798316837,3.62201825870044,-0.958491581919884,0.338839972382978,0.46271402589903,-4.59515080233953
"hsa-miR-548s",-2.72417419453566,3.83990277829515,-0.95829129874792,0.338940705907693,0.46271402589903,-4.59515094787843
"hsa-miR-583",-2.7820493832362,5.71317713592952,-0.957316214370423,0.339431406280911,0.46271402589903,-4.59515165601127
"hsa-miR-611",-4.04962620796347,6.92201288822907,-0.956054202067606,0.340067180567081,0.46271402589903,-4.59515257146597
"hsa-miR-1246",14.8485368716604,46.3677212011101,0.95538352093368,0.340405367568762,0.46271402589903,-4.59515305748977
"hsa-miR-105-5p",-25.5470770486327,18.4374600752291,-0.955128831655788,0.34053384994347,0.46271402589903,-4.59515324196805
"hsa-miR-449a",-6.73568569751996,7.6073233871674,-0.954005669743321,0.341100821244362,0.46271402589903,-4.59515405492697
"hsa-miR-548ak",-2.74112204420388,5.43652408145815,-0.95190877028353,0.342160961861573,0.46271402589903,-4.59515557017064
"hsa-miR-1911-5p",-2.69022540127544,3.61576037840529,-0.950267971588437,0.342991987037137,0.46271402589903,-4.59515675354261
"hsa-miR-764",-12.055306231124,13.1604246098326,-0.950052812204319,0.343101056319381,0.46271402589903,-4.5951569085702
"hsa-miR-553",-20.0700070408904,13.9898664622423,-0.950029374576289,0.343112938743968,0.46271402589903,-4.5951569254555
"hsa-miR-558",-2.68938086749246,3.63903209037004,-0.949590749884758,0.343335361817196,0.46271402589903,-4.59515724138069
"hsa-miR-212-3p",-25.4200312448187,18.9115083156784,-0.94849862433276,0.343889572704434,0.46271402589903,-4.59515802737464
"hsa-miR-578",-4.01063922510877,4.90728554653744,-0.948491261255477,0.34389331112765,0.46271402589903,-4.59515803267074
"hsa-miR-550b-3p",-17.3913550624129,29.0552925029295,-0.947998502481603,0.344143556762404,0.46271402589903,-4.59515838701116
"hsa-miR-409-5p",-4.03124752659945,5.64279507942291,-0.94253039520932,0.346928364029416,0.465675656415323,-4.59516230693576
"hsa-miR-502-5p",-2.66226229927537,3.97396298098238,-0.941194053593903,0.347611127871165,0.465810556611277,-4.59516326152572
"hsa-miR-33a-5p",-11.949710393581,10.5257029200396,-0.939595772714793,0.348428850760481,0.465862418010606,-4.59516440147603
"hsa-miR-548al",-9.51083664043658,10.6206923692467,-0.938807555702994,0.34883257621553,0.465862418010606,-4.59516496295798
"hsa-miR-30a-5p",18.1917810682766,274.5964087837,0.937155376740302,0.349679793987001,0.465862418010606,-4.5951661383731
"hsa-miR-761",-9.28614793676277,8.5626664656652,-0.935450637077486,0.350555341113183,0.465862418010606,-4.59516734904495
"hsa-miR-92b-3p",-14.5071954017186,19.9046838070396,-0.935438714246116,0.350561469552981,0.465862418010606,-4.59516735750466
"hsa-miR-671-3p",-3.66146720563861,13.4778679592511,-0.931200472730474,0.352744295057263,0.467198589259553,-4.59517035797543
"hsa-miR-520g",-2.64137136277979,3.47748466132599,-0.930581598454183,0.353063757241761,0.467198589259553,-4.59517079498601
"hsa-miR-3180",-6.54973092826891,6.3818953183304,-0.930087518121986,0.353318933127537,0.467198589259553,-4.59517114366949
"hsa-miR-1273e",-2.6548958453613,5.56601612306167,-0.927846743107662,0.354477691074614,0.467957347953286,-4.59517272274528
"hsa-miR-597",-2.78292747881554,6.10984743147577,-0.925728689840715,0.355575205236654,0.468632889932987,-4.59517421189036
"hsa-miR-575",-16.8640035144941,25.4360427713921,-0.920447710040715,0.358321042077532,0.46977019517907,-4.59517791020417
"hsa-miR-615-3p",-2.83385434083481,6.02050656656828,-0.919964255920326,0.358573082371687,0.46977019517907,-4.59517824772979
"hsa-miR-548t-5p",-2.6009150156498,4.72679905899559,-0.917523672251539,0.359847150386742,0.46977019517907,-4.59517994896722
"hsa-miR-548an",-2.60240308635438,4.05855290631278,-0.91726230164609,0.35998376422591,0.46977019517907,-4.59518013089473
"hsa-miR-1253",-21.5074456343269,23.9415772354141,-0.917241506654158,0.359994634811848,0.46977019517907,-4.59518014536694
"hsa-miR-1255b-5p",-2.67233112912533,9.24166662884581,-0.916837167492894,0.36020604442433,0.46977019517907,-4.5951804267011
"hsa-miR-1973",-6.41702114559447,17.8170834024714,-0.916182271185189,0.360548624799936,0.46977019517907,-4.59518088211057
"hsa-miR-3147",-3.95972230004972,19.9563992495154,-0.915032110585524,0.361150779026271,0.469789631253686,-4.59518168114677
"hsa-miR-1254",-2.57616152343721,5.16861486089427,-0.908689415442806,0.364482823225517,0.473130934595603,-4.59518606976017
"hsa-miR-1269a",-2.55857615021701,3.66103434451101,-0.904775961696067,0.366548316702751,0.473130934595603,-4.59518876253594
"hsa-miR-1206",-2.61850630783465,15.5760677210441,-0.903712952048304,0.367110632317752,0.473130934595603,-4.59518949199519
"hsa-miR-340-5p",-6.9846146203233,42.9998929810485,-0.902968456729692,0.367504780865776,0.473130934595603,-4.59519000238007
"hsa-miR-525-5p",-2.59849703069907,5.02643417128634,-0.901722891261468,0.368164797658648,0.473130934595603,-4.59519085534392
"hsa-miR-876-3p",-2.62765839457389,5.79734093213216,-0.901256526253881,0.368412112365497,0.473130934595603,-4.59519117441229
"hsa-miR-188-5p",-3.88046199900729,9.16970022745375,-0.901244411120748,0.368418538442245,0.473130934595603,-4.59519118269882
"hsa-miR-548a-5p",-2.72312152151833,5.58153146572687,-0.901183749797503,0.368450715316325,0.473130934595603,-4.59519122418839
"hsa-miR-4458",-2.55649245385034,3.93380339747137,-0.899204144914967,0.369501732588802,0.473720169985644,-4.59519257663641
"hsa-miR-211-5p",-2.54929145666868,4.09859701861674,-0.895824705148258,0.371300284205426,0.473794201135079,-4.59519487866429
"hsa-miR-938",-8.90786446368817,8.22523543194714,-0.89572425811338,0.371353826069748,0.473794201135079,-4.59519494695665
"hsa-miR-141-3p",-2.63444151642471,5.88953166299119,-0.895054323280681,0.371711048626932,0.473794201135079,-4.59519540224182
"hsa-miR-155-5p",-25.5871160820961,81.9896634587445,-0.894646809647514,0.371928447891037,0.473794201135079,-4.59519567902228
"hsa-miR-548m",-2.53301045349254,4.50798451751542,-0.892645945556627,0.372997014464685,0.474400018397056,-4.59519703619232
"hsa-miR-369-3p",-2.6064110847275,4.14943691603084,-0.890255381712868,0.374276207896499,0.475271375106665,-4.59519865376444
"hsa-miR-365a-3p",4.19443113247598,57.7500095773656,0.887809157373963,0.375588009108806,0.475481901223474,-4.59520030457145
"hsa-miR-4521",-2.54478806824607,3.68797307126872,-0.887729633824784,0.375630701966544,0.475481901223474,-4.59520035816182
"hsa-miR-193a-5p",-18.6594677952631,31.6955900298943,-0.885553142572445,0.376800339830344,0.475880024899625,-4.59520182304735
"hsa-miR-136-5p",-2.93137513308725,17.0096123576828,-0.884106794566684,0.377578850851896,0.475880024899625,-4.59520279454934
"hsa-miR-124-3p",-6.26530855929983,9.29431352568282,-0.883826625742664,0.377729769764077,0.475880024899625,-4.59520298255572
"hsa-miR-10a-5p",-11.189025501058,32.0582292289648,-0.878008788855348,0.380872122310886,0.47883167545885,-4.59520687331512
"hsa-miR-548i",-2.49771950264708,3.93251445869604,-0.877274782419533,0.381269721584109,0.47883167545885,-4.5952073623916
"hsa-let-7i-5p",-302.839778608795,3443.9135037348,-0.873003553265181,0.383588461369423,0.480277330519895,-4.59521020035236
"hsa-miR-556-3p",-3.71989371198834,13.1156885347048,-0.872942777133604,0.383621517752766,0.480277330519895,-4.59521024063565
"hsa-miR-532-5p",-4.97159800074203,88.7349581444493,-0.870362959541304,0.385026309555936,0.480687376157704,-4.59521194802396
"hsa-miR-127-3p",-6.165487863939,16.3921870342291,-0.870134692964825,0.38515076014636,0.480687376157704,-4.59521209885643
"hsa-miR-483-5p",-2.47484367726534,4.92975167754185,-0.868722993916986,0.385920966051434,0.480898400064092,-4.59521303080244
"hsa-miR-501-3p",-3.00004557514669,28.3162775794273,-0.864520114005351,0.388219606655554,0.482471098609402,-4.59521579653201
"hsa-miR-500b",-2.47369442106643,7.91172219626872,-0.862433565860934,0.389363894536257,0.482471098609402,-4.59521716468038
"hsa-miR-297",-2.50209639181561,7.38170862328194,-0.862005801224876,0.389598740667769,0.482471098609402,-4.59521744476242
"hsa-miR-197-3p",20.4191635338574,199.601007286806,0.86138334590105,0.389940628395621,0.482471098609402,-4.59521785207464
"hsa-miR-153",-3.75639728480606,5.36743525925991,-0.860914073045228,0.390198501000354,0.482471098609402,-4.59521815895782
"hsa-miR-138-5p",-2.636939320739,4.58825409911454,-0.856679437542278,0.39253021428131,0.484605202816432,-4.59522092075264
"hsa-miR-1224-5p",-3.68930029348026,7.8809518865859,-0.855541915938486,0.393158012780561,0.484632373227193,-4.59522166034465
"hsa-miR-4508",-23.3463557701367,163.589729695066,-0.848321328212473,0.397157320040318,0.488809009280391,-4.5952263323921
"hsa-miR-3185",-2.39643350826021,5.81642960860793,-0.837088842755263,0.40342760320373,0.495763567685075,-4.59523352259744
"hsa-miR-339-5p",-13.0506258293222,50.6283394743436,-0.833183018347346,0.405621852204142,0.497578620979323,-4.59523600063837
"hsa-miR-3934",-2.39187264141538,3.9285936535022,-0.832247376107393,0.406148549374372,0.497578620979323,-4.59523659255481
"hsa-miR-107",-20.4023551577125,203.831149322115,-0.821149533434335,0.412427109830498,0.50449799367645,-4.59524356327944
"hsa-miR-548ah-5p",-6.77244923102337,12.2055027624934,-0.814807899326532,0.416040723709671,0.508141341935476,-4.59524750504217
"hsa-miR-217",-2.53247892238236,5.89371554735683,-0.812193067018745,0.41753617907277,0.508538002002077,-4.59524912154693
"hsa-miR-152",-2.53748764063279,9.00956828819824,-0.812017269504475,0.417636834144206,0.508538002002077,-4.59524923004177
"hsa-miR-544a",-15.0658653168669,14.8232347199119,-0.808223287885181,0.419812630891142,0.510410493484672,-4.595251565871
"hsa-miR-208b",-2.29177818102059,3.7765643753304,-0.803222235732852,0.422690889182207,0.51313006274016,-4.59525462833232
"hsa-miR-665",-2.57213601480054,29.0122782765991,-0.799611102750891,0.424776422114162,0.514770777031686,-4.59525682797427
"hsa-miR-656",-3.56315673022478,9.68605053589427,-0.79865544247894,0.42532935452243,0.514770777031686,-4.59525740845379
"hsa-miR-1226-3p",-2.79766272008928,23.760743308207,-0.795471273577341,0.427174723231894,0.516223230491714,-4.59525933760274
"hsa-miR-149-5p",-5.06085611970862,14.3031633711894,-0.789378534507789,0.430718799306153,0.519721024803805,-4.59526300768465
"hsa-miR-584-5p",-2.31023091486666,10.7237411663172,-0.78595906925422,0.432715364091529,0.521343812158469,-4.59526505524045
"hsa-miR-30c-5p",-76.8824986932479,1401.50717490793,-0.783203440566275,0.434328243261996,0.521607641829844,-4.59526669889725
"hsa-miR-139-5p",-2.36369478124017,18.058598793489,-0.782586224902181,0.434689980414151,0.521607641829844,-4.59526706626668
"hsa-miR-210",2.98802919023402,25.9068201277137,0.782244435424655,0.434890371375633,0.521607641829844,-4.59526726957802
"hsa-miR-1275",-2.2227385293268,4.81095758231718,-0.777358292232496,0.437760978314033,0.524264644687464,-4.59527016646371
"hsa-miR-487a",-2.36306429768461,8.08486831137886,-0.770656709683805,0.441715947094878,0.528210400113457,-4.5952741104756
"hsa-miR-570-3p",-15.0095015513697,30.1360289661938,-0.766340329134637,0.444274145008602,0.530476591055047,-4.59527663285872
"hsa-miR-23b-3p",-30.7402683251274,213.685881811828,-0.760612469138684,0.447681994675376,0.532558736517021,-4.59527995842637
"hsa-miR-489",-10.2869592231964,43.1844979362423,-0.760056041626443,0.448013842141407,0.532558736517021,-4.59528028016953
"hsa-miR-765",-2.15753747996068,5.8297528098326,-0.760054038405961,0.448015037094944,0.532558736517021,-4.59528028132743
"hsa-miR-383",-2.1669455259937,5.1965195592467,-0.755223708222601,0.450901704039438,0.534781730106887,-4.59528306456903
"hsa-miR-1307-3p",-2.19445504239424,8.2848881799163,-0.754688696180852,0.451222084777686,0.534781730106887,-4.59528337176306
"hsa-miR-519b-5p+hsa-miR-519c-5p",-3.23252515333869,6.43674330065198,-0.752420149339254,0.452581996157882,0.535599995453114,-4.59528467192636
"hsa-miR-582-3p",-2.3970160226808,7.05522878207048,-0.751289065510665,0.453260909597059,0.535611119169346,-4.59528531873229
"hsa-miR-576-5p",3.5019540743829,59.2607311454009,0.745867178065884,0.456523326646108,0.538058855481755,-4.59528840584015
"hsa-miR-1909-3p",-2.15329979073768,5.32581346553745,-0.745157646132472,0.456951241859463,0.538058855481755,-4.59528880819439
"hsa-miR-145-5p",30.9566493725011,563.967631996696,0.744496753099573,0.457350027159492,0.538058855481755,-4.59528918262592
"hsa-miR-937",-2.37015949336014,7.35460043954185,-0.73859050100022,0.460922603981096,0.541097153369101,-4.59529251422748
"hsa-miR-1268a",-2.74402828367544,9.40223454974449,-0.737992291119374,0.461285323247158,0.541097153369101,-4.59529285020042
"hsa-miR-759",-2.11009237955027,4.98359593327753,-0.732107982987169,0.46486176572099,0.543998916618699,-4.59529614063694
"hsa-miR-2682-5p",-3.6343425289916,14.9962245003612,-0.731514239664473,0.465223499174145,0.543998916618699,-4.59529647120215
"hsa-let-7c",-45.1848489016045,383.9380064637,-0.730220773628763,0.466012078295525,0.543998916618699,-4.59529719041656
"hsa-miR-2053",-2.07861403798881,4.36553699440969,-0.729455366250964,0.466479071000534,0.543998916618699,-4.59529761541723
"hsa-miR-1260b",-2.80304639766752,30.6154865034097,-0.722232015959665,0.470899057333471,0.548128729086641,-4.59530160451339
"hsa-miR-302d-3p",-48.9917396030386,105.892076100718,-0.721430874628325,0.471390707014511,0.548128729086641,-4.59530204452079
"hsa-miR-585",-2.08773437283675,9.81149662925551,-0.719876487807902,0.472345425670011,0.548441713404947,-4.59530289684982
"hsa-miR-3196",-2.31187868966752,7.37554937679736,-0.718704913636991,0.473065725288212,0.548482000334159,-4.59530353806433
"hsa-miR-612",-11.4817551532287,24.8498170433745,-0.716156509663903,0.474634617637959,0.548887568260363,-4.59530492925795
"hsa-miR-625-5p",2.62974672119099,25.2721643194449,0.7159080270406,0.474787746545214,0.548887568260363,-4.59530506464455
"hsa-miR-1252",-2.03037085986876,4.16549833715418,-0.713321044828737,0.476383610731973,0.549482952804652,-4.59530647140481
"hsa-miR-218-5p",-2.2590424648028,7.08665206779736,-0.712846837385882,0.476676461558035,0.549482952804652,-4.59530672872404
"hsa-miR-548z",-7.06898198917466,18.333715175533,-0.7094782715131,0.478759602030727,0.551090189387887,-4.59530855172801
"hsa-miR-499b-5p",-2.11403548594902,3.89959517251982,-0.703029789006522,0.482761305214759,0.554131043429351,-4.59531201765026
"hsa-miR-1290",-9.21933633742236,22.4832682870088,-0.702989006348189,0.482786671587822,0.554131043429351,-4.59531203947027
"hsa-miR-548y",-2.05178591481352,4.92941577240088,-0.70065347376067,0.484240563065962,0.55500351067732,-4.59531328695939
"hsa-miR-378g",-5.37968460929486,40.1105514728546,-0.690919917719884,0.490325447161969,0.561173616208262,-4.59531844166965
"hsa-miR-106a-5p+hsa-miR-17-5p",-60.9672160257885,806.718849820705,-0.686622846694341,0.493024852111041,0.56281265448432,-4.59532069456781
"hsa-miR-551a",-2.24241759536138,8.28329148244053,-0.686400752381282,0.493164588491886,0.56281265448432,-4.59532081063018
"hsa-miR-185-5p",226.648532586938,6054.49362476784,0.684893753300533,0.494113319777691,0.563092102310759,-4.59532159717623
"hsa-miR-532-3p",16.7769753847532,248.994879442709,0.675531770861576,0.500029111343715,0.569023170803658,-4.59532644505139
"hsa-miR-1270",-1.89638452785043,5.14726426055507,-0.667833880412451,0.504921569169855,0.57377451042029,-4.59533038163131
"hsa-miR-378h",-2.22275286285571,8.52257092110573,-0.658502204027971,0.510886272913687,0.579729104015532,-4.59533509368198
"hsa-miR-500a-5p+hsa-miR-501-5p",10.106971867045,227.444396902335,0.652912283715249,0.51447695882666,0.5829767238829,-4.59533788481223
"hsa-miR-3195",-2.90640185771041,20.4339019361454,-0.649275794792878,0.516819928407897,0.584109769698284,-4.59533968788661
"hsa-miR-1244",-1.95578497552315,4.74221497645815,-0.649094089096291,0.516937146182981,0.584109769698284,-4.59533977771926
"hsa-miR-376a-3p",-6.4345888072745,27.2438595601101,-0.638958687438747,0.52349734724513,0.59068812101002,-4.59534474898895
"hsa-miR-548am-3p",-1.84871514106845,5.28918905156388,-0.636985023815276,0.524779796611122,0.591301179280137,-4.59534570800803
"hsa-miR-92a-3p",952.817694365654,16994.3114356476,0.624120733249203,0.533178266775091,0.599919287510651,-4.59535188669084
"hsa-miR-1276",-1.76516148187824,5.32329176340088,-0.597764719538276,0.550595895503962,0.618647073599957,-4.59536415435028
"hsa-miR-448",-1.9005865814711,6.42331369031718,-0.595662150940361,0.551997447555025,0.619297845806408,-4.59536511036393
"hsa-miR-330-3p",-1.82633689248228,11.2696753392775,-0.594574244361867,0.552723327382219,0.619297845806408,-4.59536560370842
"hsa-miR-3200-3p",-7.63589348362481,69.1239776419912,-0.590025705023096,0.555763327460427,0.621833093662016,-4.5953676566751
"hsa-miR-4516",-6.05788249940069,45.4526062991938,-0.586538520235956,0.558099525669971,0.623574889016727,-4.59536921999215
"hsa-miR-596",-1.86350826779013,14.135015525837,-0.577936058192239,0.563883117840998,0.629158290478101,-4.5953730371168
"hsa-miR-451a",8177.4588745222,754199.592802203,0.571616220824727,0.568150497365597,0.633036765866961,-4.59537580566042
"hsa-miR-362-5p",4.0764771349495,92.2151277814317,0.56629760095396,0.571753827146978,0.635455004124527,-4.59537811214537
"hsa-miR-632",-1.86486861947482,6.09769461728194,-0.566068180564855,0.571909503712074,0.635455004124527,-4.59537821115402
"hsa-miR-630",-2.02792363354856,10.8063947576696,-0.56307424756439,0.57394293788651,0.636299271782169,-4.59537949955846
"hsa-miR-573",-1.73825521184693,7.69523758199119,-0.562607740298655,0.574260092783408,0.636299271782169,-4.59537969970268
"hsa-miR-151a-5p",-11.3915074139278,313.562904212247,-0.548136469463429,0.584139619812018,0.646350893291306,-4.59538582633056
"hsa-miR-361-3p",14.7727463592929,498.776099253745,0.544616808410332,0.586554477276151,0.648126494227791,-4.5953872924251
"hsa-miR-1285-3p",-2.04737911985322,19.3393649627225,-0.541774625038205,0.588507906797955,0.64834932838577,-4.59538846946383
"hsa-miR-1178",-2.17624102989401,20.5160273787401,-0.541323995269082,0.588817901771314,0.64834932838577,-4.59538865552128
"hsa-miR-491-5p",2.01055830476371,37.145238238696,0.539721122864161,0.58992115626354,0.64834932838577,-4.59538931607209
"hsa-miR-1279",-1.67306992780699,8.33647549707489,-0.53960969308697,0.589997888831051,0.64834932838577,-4.59538936192036
"hsa-miR-642a-5p",-1.73991366319627,19.3982458894626,-0.535707596694278,0.592687857353042,0.650411914790719,-4.59539096151492
"hsa-miR-4488",-1.7767566368885,13.9360571505727,-0.517540668188546,0.605285370619846,0.663326433555996,-4.5953982566335
"hsa-miR-142-3p",82.6806570857656,1830.18202535991,0.483795650015293,0.628999697836618,0.688371762338296,-4.59541114243257
"hsa-miR-433",1.55053209747474,13.8733796429339,0.481384452703444,0.630709406356063,0.688756675774125,-4.595412030063
"hsa-miR-543",-3.44453461469642,17.7197154934626,-0.480871611323482,0.631073304178042,0.688756675774125,-4.59541221828494
"hsa-miR-154-5p",-1.43434055119627,8.574993261163,-0.47481923156393,0.635374685579571,0.692506469296535,-4.59541442452184
"hsa-miR-1283",-77.5830622500547,307.996314560555,-0.457205437866255,0.647962907971959,0.705265750173561,-4.59542068678764
"hsa-miR-125a-5p",24.0173886947225,682.595099847489,0.454008971962913,0.650258398108259,0.706802606639411,-4.59542179795372
"hsa-miR-328",2.36721967863542,34.7905120783833,0.447701366167895,0.654797899252823,0.710771125376198,-4.59542396783721
"hsa-miR-4454",3488.60849527676,45729.7743673524,0.445399627235581,0.656457646507479,0.711607204886156,-4.5954247521266
"hsa-miR-922",-1.42724924877809,4.86352810221586,-0.441924650137765,0.658966631505662,0.713360358869458,-4.59542592855063
"hsa-miR-146a-5p",-9.65230894514454,194.189172550969,-0.428055811168082,0.669018436534233,0.723263174631603,-4.59543053226396
"hsa-let-7b-5p",410.571424305438,9836.78076017181,0.412856132973169,0.680103733555242,0.734255042974621,-4.59543540969694
"hsa-miR-548n",-1.54769677164732,9.13931292448458,-0.399315115093905,0.690038406937431,0.743976719070006,-4.59543960681317
"hsa-miR-499a-3p",-1.18814442399518,4.74402897807489,-0.389999842618539,0.696904248714507,0.750367966314408,-4.59544241310752
"hsa-miR-378e",38.1635075322758,256.981291305903,0.377154001629996,0.706413341773889,0.759584238466548,-4.59544617464498
"hsa-miR-342-3p",57.1409570977386,3311.68096268811,0.37548923735909,0.707649100083739,0.759891651096632,-4.59544665292653
"hsa-miR-548ai",12.3766813087261,62.652414005674,0.369380278823966,0.712190416912334,0.763743074436819,-4.59544838992825
"hsa-miR-15b-5p",-884.568935922372,40610.9932037974,-0.360464599044397,0.718836654386815,0.769243061629371,-4.59545087397147
"hsa-miR-28-3p",2.03270800428903,62.1311160004405,0.359921428031411,0.719242262623462,0.769243061629371,-4.59545102335035
"hsa-miR-485-3p",-12.8283874567545,98.5740781955462,-0.358632442392576,0.720205119881988,0.769244453812537,-4.59545137693819
"hsa-miR-518b",-1.28176580060816,7.52612370861234,-0.340952945000175,0.733456001043706,0.782353067779953,-4.59545609893933
"hsa-miR-338-3p",-5.30657563534153,33.1540959429163,-0.335532950253593,0.737534595609944,0.785448293959305,-4.59545749886142
"hsa-miR-555",-1.31825463812013,21.3712174883348,-0.334488522915424,0.738321396321747,0.785448293959305,-4.59545776605227
"hsa-miR-548ad",1.51660145698158,10.6563268761322,0.327862365709206,0.74331949188283,0.789715263620536,-4.5954594418218
"hsa-miR-302b-3p",-5.26214671968951,158.855509156749,-0.307252716302444,0.758934174581414,0.805235198494869,-4.59546444010699
"hsa-miR-520d-5p+hsa-miR-518a-5p+hsa-miR-527",-1.72851500469899,17.0633697114978,-0.286427362524805,0.774813417708632,0.820994349889941,-4.59546916173517
"hsa-miR-629-5p",-2.19373272435043,76.1474034119824,-0.281482484170474,0.778598117382686,0.82391335172771,-4.59547023426922
"hsa-miR-223-3p",-978.064817273039,83351.7725423877,-0.270273896050544,0.787196383568518,0.831911633890111,-4.59547259633303
"hsa-miR-216b",-0.928482761698601,10.5689543270352,-0.268342987340082,0.788680283835064,0.832380246791624,-4.59547299356932
"hsa-miR-99a-5p",-1.31827979425222,56.1355608150352,-0.255647427831326,0.798455792429887,0.840966863455268,-4.59547553452572
"hsa-miR-150-5p",425.67377191033,26862.5463338722,0.254046564964799,0.799690743903958,0.840966863455268,-4.59547584619931
"hsa-miR-4443",4.99151185699559,161.686006838705,0.253685008487825,0.799969728861823,0.840966863455268,-4.59547591632039
"hsa-miR-644a",-0.900667525402951,6.37963848723789,-0.247850411096359,0.804475362258914,0.844593556177338,-4.59547703410152
"hsa-miR-378a-3p+hsa-miR-378i",-4.89903249766666,177.844107723811,-0.243925103069639,0.807510283978329,0.846668711903883,-4.59547777148644
"hsa-miR-423-3p",-9.87164162944835,499.599645320705,-0.23574130848432,0.81384706704578,0.85219588172333,-4.59547927102933
"hsa-miR-183-5p",3.79157355560809,248.914115292286,0.226910778972048,0.820698393904461,0.858246686436037,-4.59548083173685
"hsa-miR-151a-3p",-16.3803143656248,442.467054223789,-0.21522437927683,0.829786630860066,0.866617891237667,-4.5954828056763
"hsa-miR-93-5p",-67.7783902062841,2803.05691227181,-0.210983357488798,0.83309051976644,0.868934049300068,-4.59548349623925
"hsa-miR-652-3p",-19.8112348685161,1650.16276752819,-0.193154977418405,0.847011205334001,0.882303338889584,-4.59548624901414
"hsa-miR-125b-5p",22.7309315206518,967.458423957863,0.19163938156816,0.848196891208366,0.882389483701811,-4.59548647183498
"hsa-miR-22-3p",-44.7691878070631,3369.58094713656,-0.190100626004741,0.849401049319026,0.882494596695092,-4.59548669626622
"hsa-miR-766-3p",-0.667200424787646,21.7268280201233,-0.184796287018249,0.853554671415521,0.885435058936019,-4.5954874560571
"hsa-miR-382-5p",0.655385095796655,14.6056190662687,0.183660201280087,0.854444831873258,0.885435058936019,-4.59548761599556
"hsa-miR-548x-3p",-0.530477750685083,7.79506133402643,-0.169017329839932,0.865934303323946,0.896180391538366,-4.59548958919205
"hsa-miR-664-3p",4.5761993111033,559.627638751982,0.163702658249202,0.870111638100583,0.899340194419207,-4.59549026486255
"hsa-miR-140-3p",-3.83510647972033,521.682827180617,-0.161217757341491,0.872066031405808,0.900197193709221,-4.59549057337352
"hsa-miR-337-3p",0.699228335309471,35.7160252151101,0.157959217900418,0.874630087287322,0.901680502358063,-4.59549097078706
"hsa-miR-1260a",-4.49200314715015,359.840517397515,-0.129632048163787,0.896972934590091,0.923524256978215,-4.59549408382677
"hsa-miR-324-3p",-2.02508772245765,64.8451847686256,-0.123074050894002,0.902157922379497,0.927572539382914,-4.59549471712982
"hsa-miR-128",1.81028437156329,192.643096271079,0.121726641864885,0.903223760224113,0.927572539382914,-4.59549484317917
"hsa-miR-4531",-0.564552792465803,25.659785330793,-0.110502766150661,0.912108798009812,0.935496203086987,-4.59549583925902
"hsa-miR-4455",0.867216352696115,25.8192820755286,0.0953473112218856,0.924123517398807,0.946605395542953,-4.5954970315029
"hsa-miR-320e",-0.613444174286719,74.3492616348678,-0.0935160457645959,0.925576517385953,0.946881347709414,-4.59549716367835
"hsa-miR-579",2.32047010552175,52.6731020413304,0.0896720071252866,0.928627340130989,0.948789108690666,-4.59549743279384
"hsa-miR-1323",0.300817570724322,7.19779691577533,0.0857054369495001,0.931776517052345,0.950792364339128,-4.59549769864914
"hsa-miR-23c",0.304419373728511,11.2197563717577,0.0807550954042879,0.935708241964598,0.953588017288762,-4.59549801357319
"hsa-miR-574-3p",1.02486707547009,205.393243312996,0.0788331055440405,0.937235180672266,0.953928937071008,-4.59549813079634
"hsa-miR-548aa",1.88707495047862,126.38205610252,0.0651569931964189,0.948106645131555,0.963767873068925,-4.59549888339118
"hsa-miR-425-5p",11.1699850607223,3864.43980668326,0.0550193810163206,0.956171667875984,0.970732657742116,-4.59549934900606
"hsa-miR-25-3p",-94.1724640843843,36324.5020125947,-0.0481040300408144,0.961675849765016,0.973973362932876,-4.59549962155674
"hsa-miR-148b-3p",-1.69784382122761,640.49236924978,-0.0479497160555392,0.961798695896215,0.973973362932876,-4.59549962722169
"hsa-miR-30b-5p",-13.5934045514454,4117.60327908899,-0.0460725438922642,0.963293145564783,0.974253497410652,-4.59549969467642
"hsa-miR-132-3p",0.315346626024074,146.303999867115,0.0432835533829809,0.965513747959865,0.974566402378843,-4.59549978992302
"hsa-miR-574-5p",-0.343432083323073,20.1228066904053,-0.0415141767358967,0.966922671512619,0.974566402378843,-4.59549984726648
"hsa-miR-1183",0.288779900190132,13.4916130451586,0.0410941405793787,0.967257154361001,0.974566402378843,-4.59549986052787
"hsa-miR-95",0.159330043844832,6.61653815229075,0.0394806816913859,0.968542036021996,0.974633495368047,-4.59549991021425
"hsa-miR-598",0.241931135377696,17.0434183844053,0.0358516845814605,0.971432291440634,0.976313860744356,-4.595500014698
"hsa-miR-26a-5p",2.11458703089347,844.570832563877,0.0316375638531021,0.974789030413597,0.978458248846773,-4.5955001233964
"hsa-miR-361-5p",-0.470870518135225,270.014093427357,-0.0249386035745665,0.980125958288701,0.982582414324512,-4.59550026824818
"hsa-miR-144-3p",0.690355133359945,354.145522223551,0.00683685669082262,0.994551055830578,0.995795800581305,-4.59550048808333
"hsa-miR-134",-0.00185132988220738,12.7298531900705,-0.0005560044903914,0.999556863466205,0.999556863466205,-4.59550050583001
