"","HD2.log2FoldChange","HD2.padj","WT2.log2FoldChange","WT2.padj","HD6.log2FoldChange","HD6.padj","WT6.log2FoldChange","WT6.padj","HD10.log2FoldChange","HD10.padj","WT10.log2FoldChange","WT10.padj"
"2310022B05Rik",0.00052365127232225,0.952617583986615,0.00172667819673735,0.921366581611471,0.00679466632768306,0.57851175234897,0.00215135765166191,0.976774218239455,0.0621098500007769,0.0438080566905294,0.0131274283683094,0.215015724615124
"AA986860",-0.00211925552862075,0.796192719874932,-0.000155622571333079,0.978094093782352,-0.0448724367795421,0.138960438822298,-0.0104297421916698,0.797674103700392,-0.111170013920854,0.0349551638248863,-0.000260895964775902,0.987039949704106
"Abcg2",-0.121635978807882,0.0182912789286449,-0.00340815414120344,0.90663791780776,-0.0500868623973168,0.104923282527416,-0.0513351810911649,0.181741062284576,-0.0993507970918031,0.0172082500952138,3.67317567927096e-05,0.997636213866355
"Acr",0.000108300875443131,0.999899773256004,-0.000140340633263779,0.967152402007976,-0.000843672289622772,0.997778888080173,-0.167377357043374,0.0453708123848027,-0.00747281795723241,0.623482790689136,0.000198771519313098,0.997636213866355
"Acss2",9.90921456050596e-05,0.999899773256004,-0.00046908537939597,0.968708640153809,0.0113047640713872,0.378585308887085,0.0188320653446589,0.672086827476202,0.0509563480807617,0.0475552319177667,0.000434365219091526,0.860652348706983
"Adal",-1.82133224202079e-05,0.999899773256004,0.00200067949518987,0.921366581611471,0.00019772476455774,0.997778888080173,0.093362109422792,0.0468610833755727,0.0102878994714629,0.642503728067927,3.22899063678854e-05,0.997636213866355
"Adgrg1",0.165929671739541,0.000638530016647315,0.0024613522422897,0.921366581611471,0.186018738347017,4.35679111100427e-06,0.134917830492226,0.0229695426015169,0.155537408336858,0.000351966393585624,0.000235560926973295,0.946994023566105
"Akap12",0.000258556702612587,0.999899773256004,0.00146890072902291,0.921366581611471,0.00838657948852271,0.541612587677066,0.0355776536176429,0.27656815990651,0.12713952238329,0.017382841303824,8.45084976003456e-06,0.997636213866355
"Aldh1a1",-0.127982764246967,0.0115522267234005,-0.00591930005670753,0.699357248258553,-0.0727655673185829,0.0549697492411313,-0.031862651607101,0.357889906634115,-0.161105288227493,0.000192718160210803,-0.000200902257843106,0.975701640489319
"Aldh1a3",-0.00039878982323633,0.999899773256004,0.000411800294970628,0.94095802845593,-0.00343635942989296,0.82981922886498,0.0043013984686128,0.927072706803559,-0.229749407968581,0.00443569000456614,-0.0643555039167725,0.193427512193593
"Amz1",2.72204545992614e-05,0.999899773256004,0.000616337801862392,0.93838613684583,-0.130479913626816,0.0213665181038431,-0.0571861877015904,0.157240435133681,-0.00590677819288112,0.784040827380095,-0.000117132744652629,0.997636213866355
"Angptl2",-0.0106016630734061,0.471005498899702,-0.00192720518002772,0.921366581611471,-0.116957664377556,0.0402762150001523,-0.0280492921660199,0.266742531304422,-0.0151704167309583,0.370553326987281,-1.30749197206516e-05,0.997636213866355
"Apcdd1",-0.134823862128806,0.0276407340940397,-0.002396953174021,0.921366581611471,-0.037126760795502,0.164021846029618,-0.0879847397464836,0.0802131393054271,-0.133998830205489,0.0143672447004718,8.57463321718062e-06,0.997636213866355
"Aqp9",0.0114384251631472,0.442740642060057,0.00129961467597851,0.921366581611471,0.111383593719672,0.0425717692055186,0.00518718815062978,0.894631227812869,0.00630296593189575,0.709324163197866,0.000106464944977297,0.997636213866355
"Arntl",0.189354587026958,2.04900153118783e-05,0.00565189701367055,0.701843837417526,0.232939019636092,2.30318129444844e-09,0.266749039229368,9.47467401996083e-05,0.209752930787254,6.47239112434938e-08,-5.00204236586336e-06,0.997636213866355
"Atp2a3",0.0212143072903371,0.266313658584583,0.00486980383941866,0.772045015337172,0.144459760059356,0.0160526981383036,0.0185053717253653,0.558104635030453,0.14463674925926,0.0143672447004718,0.000470431466092677,0.935125584066951
"Atxn7l3",0.00158219099875734,0.436522513277365,0.00532614688891741,0.921366581611471,0.00206072348125068,0.997778888080173,0.00179873569361698,0.983265685088385,0.0443566974001293,0.0268833164370838,3.34473194550732e-05,0.997636213866355
"BC017158",-0.000154252468813781,0.999899773256004,0.00147953045156869,0.928740064975786,-0.0596941083830525,0.0228728330418992,-0.0207183028838768,0.637154712404941,-0.00505150113802847,0.850803416112921,5.50757915185577e-05,0.997636213866355
"Bcl6b",0.0191864678689175,0.323326841416812,0.00121089075201137,0.921366581611471,0.00362753360558555,0.802925859539948,0.018846137663424,0.392914294530506,0.213905614586394,0.00991865471823634,-7.81827365098078e-05,0.997636213866355
"Bicdl1",0.000129847544472055,0.999899773256004,0.00140961224230854,0.921366581611471,0.00155216853623987,0.997778888080173,0.00847665415724724,0.882332112815494,0.0822027843760745,0.0349551638248863,-7.5478333590385e-05,0.997636213866355
"Bmx",-0.166393269454632,0.0317067717573857,-0.00130395849318776,0.921366581611471,-0.138813226124496,0.0268328227940021,-0.297214530844701,0.0145817439280188,-0.34788912541377,1.88617142815749e-05,-0.000240861740626163,0.997636213866355
"Calr",0.000590106717043739,0.999899773256004,0.000166101578782506,0.98212616877088,0.00929535008797234,0.510032650856536,0.173897824716907,0.0179412334910287,0.0273360585728565,0.234189714220688,3.33215818017546e-05,0.997636213866355
"Casp1",-0.00386578765266314,0.725316061642695,0.000495711139337609,0.932480289497178,-0.00335803360224234,0.839263069414086,-0.0215303058758922,0.428908007181173,-0.190526388059899,0.00682628485123813,-7.83624007352948e-05,0.997636213866355
"Casq2",0.218473026762255,0.0170454182545109,0.00384931860127182,0.840922244257827,0.201867430903632,0.0126610178384033,0.0137094340069015,0.600335007678253,0.385212064959121,7.88547614062436e-06,0.0104043120679232,0.536430430878392
"Cbs",0.00538274948632889,0.388607469260544,0.00298511229749442,0.921366581611471,0.137725872411547,0.000464502999122791,0.0653542094164103,0.110300887002279,0.0270567516793801,0.227552262332666,0.0123521044670552,0.216920568171608
"Ccdc116",-0.0104888156617119,0.407826668663365,-0.00185769325782115,0.921366581611471,-0.127302913237935,0.0268328227940021,-0.272742158864735,0.0094301677724575,-0.0935487590954884,0.0542507196098767,-6.21974034782516e-05,0.997636213866355
"Ccdc190",0.0863166926986405,0.0523193447689398,0.00216303011846481,0.921366581611471,0.147147642285428,0.00917856171529255,0.119914635448846,0.0494774202182066,0.195449493372484,0.000173833708098399,5.81324478078413e-05,0.997636213866355
"Cd59a",-0.318545694194065,0.00100468653535657,-0.168383186894381,0.054577915580178,-0.218173299535719,0.00917856171529255,-0.0962096750908864,0.0769087550682903,-0.0750954157862613,0.0829990307429714,9.99691093456154e-06,0.997636213866355
"Cdh19",-0.0327089618473921,0.218204448720311,-0.00244806601172943,0.921366581611471,-0.0368322729203701,0.169011573305011,-0.00807823892370042,0.838735180927206,-0.146842797379242,0.0180821592509003,4.3941346860268e-05,0.997636213866355
"Ceacam1",0.0271161843839419,0.227417246219389,0.0024738988513219,0.921366581611471,0.128235405477603,0.0226864725924701,0.00641685852472819,0.906672136146787,0.0257813935952135,0.253928215442291,0.0014765192631499,0.795809804030791
"Cela1",6.40121210848847e-05,0.999899773256004,-0.00243201001691078,0.921366581611471,-0.00131144155034189,0.997778888080173,-0.164720287778947,0.0393678958952235,-0.0478898385386704,0.138318259622274,1.59898174069352e-05,0.997636213866355
"Cgref1",-0.0163947674845313,0.234937051069081,-0.00533901821088889,0.707307251357422,-0.122225039319879,0.0111695690997429,-0.0149941844361251,0.733022357818355,-0.14707575369186,0.00160360518376363,-0.000103893932427184,0.997636213866355
"Chrdl1",-0.0312263758284821,0.172351228100977,-0.00193373881585619,0.921366581611471,-0.0288793023909545,0.193844018361508,-0.0194186037241361,0.586736084017113,-0.0989279309485554,0.02521386026546,-0.000867480185846983,0.84887995995706
"Ciart",-0.294808837009439,0.00349356048063876,-0.00800349418717913,0.699357248258553,-0.32307955546828,0.000908484540000729,-0.740715604619963,5.24688268001377e-07,-0.171721706893146,0.0170560542448348,-0.000772800719969681,0.939356191823549
"Cldn5",0.171310275019292,0.0325971942859171,0.00170285594145142,0.921366581611471,0.349555886144426,0.000797524377244083,0.0472183755712699,0.165523347243063,0.0960002890934997,0.0554237065745309,0.000710415148500794,0.939356191823549
"Clec18a",-0.0667312757118922,0.104476732982561,-0.000759542390558089,0.921366581611471,-0.038622586831972,0.164021846029618,-0.0931948953343823,0.0769087550682903,-0.143784711917559,0.017382841303824,-0.00113625048332363,0.860652348706983
"Cnnm1",0.000605253851066257,0.757418684440361,0.00395024181366785,0.921366581611471,0.0039441592992683,0.809965486878315,0.00933928673117204,0.902114734328764,0.0457511693044187,0.0341067039264293,-4.36932962560495e-05,0.997636213866355
"Col4a1",0.0134320344822088,0.314038599785882,0.00619275991601703,0.699357248258553,0.045510916806056,0.12962486662458,0.035619446178095,0.278273296053455,0.11784684862626,0.0215386294314579,7.147136017768e-05,0.997636213866355
"Col4a2",0.00124934958070525,0.919399779864097,0.00178964925009306,0.921366581611471,0.0730287184621116,0.0788006992178305,0.0295642061302433,0.343883216840877,0.119564414302669,0.0274521859667748,9.33404407995298e-05,0.997636213866355
"Col6a1",-0.000427092666466099,0.999899773256004,0.00141641323957428,0.921366581611471,-0.00565171728922998,0.665782783187937,-0.0111265918982967,0.80468178526851,-0.111973369846387,0.0215386294314579,-0.000193972598354314,0.993129867131983
"Colgalt1",-0.00207733440387557,0.584251729661185,-0.000618479487571886,0.956604407440691,-0.084037462073871,0.0226864725924701,-0.15116325713898,0.00756980794074701,-0.0549861264071707,0.0506549736636391,7.84657282249093e-05,0.997636213866355
"Cpeb1",-8.2468058522772e-05,0.999899773256004,0.00203664379740314,0.921366581611471,-0.00798981736674905,0.511335761225287,-0.157725411550377,0.00478081355047442,-0.0265358777940111,0.232532884060039,-0.000119355243330007,0.997636213866355
"Cracr2a",-0.000461676003243112,0.999899773256004,-0.000728057480878972,0.921366581611471,-0.00551497007771631,0.700479963851101,-0.0642773924592827,0.128105608787497,-0.128804511993795,0.030705861203198,-0.000126060190362924,0.997636213866355
"Crem",0.00171099488281765,0.865080491597949,0.00120669653799687,0.921366581611471,0.0287833323558469,0.217969471507729,0.0779330348975219,0.0998524515458222,0.100349545894999,0.0438080566905294,1.22400395880061e-05,0.997636213866355
"Crybg2",-2.17309824323024e-05,0.999899773256004,-0.000817854600275813,0.921366581611471,0.000359070808377205,0.997778888080173,-0.0324341123593712,0.284280326580136,-0.102901231541763,0.0453926913878347,0.000130506074576094,0.997636213866355
"Ctnnbl1",-4.79529017461528e-05,0.999899773256004,-0.000892350983412283,0.949439841700458,0.00225247811351383,0.980608646058023,0.0977544937234088,0.0260464322493906,0.00804513205190241,0.732884063270484,-2.17390503789643e-05,0.997636213866355
"Cxcl12",-0.00210011443961028,0.771328562482195,-0.000309112569788805,0.963636276453465,-0.000749914317079023,0.997778888080173,-0.0179843408901219,0.594008995203674,-0.12588658426206,0.0172290605781464,-6.19036816155525e-05,0.997636213866355
"Cyp4f13",-0.100144510522944,0.0427992927243699,-0.00582278266051275,0.699357248258553,-0.0144057591214482,0.367111997019797,-0.0219179345596864,0.505544401628083,-0.0716031556055778,0.0612088635874671,2.1554996962306e-05,0.997636213866355
"Cyp51",0.00244878213534541,0.680951948171375,0.0016512683103501,0.921366581611471,0.120680324874569,0.0213665181038431,0.044900677705841,0.21402063427414,0.160320173046982,0.00272395355569477,9.08928242598376e-06,0.997636213866355
"Dact1",0.000404187774516414,0.999899773256004,0.0017037321212825,0.921366581611471,0.00128183734720547,0.997778888080173,0.00304087465070457,0.957394982498445,0.110486420411811,0.0369738804386634,-4.50592008190786e-05,0.997636213866355
"Dbp",-0.33061683363895,2.68646541303362e-06,-0.0889763539353479,0.0964327237792694,-0.327597342661692,2.81213038083905e-06,-0.382586503380071,0.00163750278562262,-0.235247602247638,0.000600190326390291,-3.17858018315375e-05,0.997636213866355
"Dctd",-0.0133450993008558,0.255508081536479,-0.00780792759051738,0.572465682868307,-0.0118115126535196,0.389319444341993,-0.0388324103484586,0.267440191875959,-0.121510861623577,0.00365919461894151,1.44463180326494e-05,0.997636213866355
"Ddx3x",-0.341854408682596,8.29338196417087e-31,-0.353157813889297,2.12271508835252e-11,-0.365306996207482,5.84184658207455e-35,-0.414425973367822,8.66450575609405e-17,-0.371148577104649,2.47072612260115e-38,-0.396068473804745,1.2225424513977e-14
"Degs2",-0.0481390929012426,0.172330464101633,-0.000767624799966991,0.921366581611471,-0.00330811617807998,0.841725433814872,-0.00619513740661157,0.890358777851262,-0.219531524711366,0.00384688950571753,-8.68781502205907e-05,0.997636213866355
"Dna2",-0.734202674384258,1.60781937901338e-26,-0.73451435581886,5.41362287119811e-10,-0.561204419976909,1.65743336632548e-15,-0.777845196818381,1.0519545107357e-11,-0.850477562511307,6.91458968686028e-37,-0.878508507146723,1.38899653589274e-14
"Dnaja4",0.00202714177029089,0.493573492037322,-0.00237686255763554,0.921366581611471,0.0455133297244663,0.0636078604091561,0.099154210464366,0.0211897909694995,0.0453876881859594,0.0554237065745309,0.000141596149134457,0.997636213866355
"Dok3",0.000510249273188473,0.999899773256004,0.000244417919980142,0.951808100194021,0.00235780198802472,0.936731140941606,0.182263787733001,0.0393678958952235,0.111155064301387,0.0385247943078907,-1.76265316187017e-05,0.997636213866355
"Dtx4",0.00426300862758371,0.392996289279347,0.0896229358326224,0.0311158655778085,0.0473166623994138,0.0785244326174953,0.0281732831211964,0.446305516367949,0.0346302225425364,0.145258813012255,-2.79398218913114e-05,0.997636213866355
"Edn3",-0.271812310362774,0.00103619457488539,-0.0027366420066966,0.90663791780776,-0.143089772443551,0.0226864725924701,-0.0224888365467647,0.429623673860665,-0.313887483140992,9.24114804715353e-06,-0.00695293217730479,0.576011178841099
"Eif2s3x",-0.599301554189537,3.71660174881155e-194,-0.58453386244999,1.91204020096959e-70,-0.578347672239989,1.8873652907657e-181,-0.613538844771649,2.8551133361408e-78,-0.638371005910907,7.47204239660376e-230,-0.61578139960736,6.6597841866188e-79
"Elf5",-0.615689033372304,9.60815464315447e-11,-0.203888277057202,0.0440440780653852,-0.0658812752285812,0.0894724908876864,-0.808024170773196,7.28147914247475e-07,-0.837194474534584,1.13113719155383e-20,-0.755655582594549,9.27053841446858e-06
"Emp2",0.0959771956177109,0.0276407340940397,0.0100539236667566,0.501564532912335,0.0790406642961987,0.0391814991697644,0.079472976805409,0.0769087550682903,0.159860974249495,6.68539246413433e-05,0.00206700576989041,0.612535298700082
"Emx2",0.000993996468359,0.919282543434255,0.00111690158293081,0.921366581611471,0.00341694765833845,0.822925494010432,0.00646374870135026,0.917352887210142,0.163881153641001,0.00245730156735802,3.85178596260605e-05,0.997636213866355
"Eogt",-0.0227370773746252,0.153669288767889,-0.00224665731765317,0.921366581611471,-0.00476829409461663,0.713192744751852,-0.0424794099763075,0.231812426605084,-0.161472769749792,1.69369363190125e-06,-9.66387579390575e-05,0.997636213866355
"Epha8",-0.000815829574307858,0.999899773256004,-0.00101731203453754,0.921366581611471,-0.0411886366779025,0.151928528420743,-0.234126537275284,0.021253373910131,-0.0805448564570714,0.0734251383395492,-0.000415039313266824,0.974316762082999
"Ephx1",-0.0245011451735471,0.227417246219389,-0.0025680463747909,0.921366581611471,-0.0980986896657698,0.0425717692055186,-0.0758134046872819,0.10180211600783,-0.0255769885700379,0.254415990547286,3.21165762804918e-06,0.997636213866355
"Epm2a",-0.000198301876284987,0.999899773256004,-0.00144211383615159,0.921366581611471,-0.04383899859349,0.104923282527416,-0.0998235558245884,0.0494184634978679,-0.0314395716657793,0.181749586119863,-2.1312290884956e-05,0.997636213866355
"Etfrf1",-0.00221821422759369,0.649690940287838,-0.00173115264025587,0.921366581611471,-0.000130654484067457,0.997778888080173,-0.0128920968929623,0.787638522721117,-0.0749932214216803,0.0367074799994527,1.94993177895436e-05,0.997636213866355
"Etv4",7.17552249095714e-05,0.999899773256004,0.00334807888969982,0.90663791780776,0.0193585318592872,0.273474469439631,0.121742099909559,0.0401494523479176,0.02591882781753,0.247321151326076,-0.000265716601138397,0.940177384302102
"Fabp7",0.00307525690641646,0.842143399585601,0.00292960156438949,0.8995854750931,0.082916558891302,0.0662834454123947,0.0594336076132179,0.122919095162604,0.134219822296111,0.0305251159656123,1.71516377793778e-05,0.997636213866355
"Fam214a",-0.000626885520264625,0.999899773256004,-0.000483805637765132,0.949439841700458,-0.0230309717639846,0.255735655884764,-0.0836247391642006,0.0888941828394589,-0.0924430887032915,0.0438963488919393,4.88283236509619e-05,0.997636213866355
"Fam229b",-3.51448703737324e-05,0.999899773256004,-0.000284869810710464,0.972407758642508,-0.000997884681892338,0.997778888080173,-0.0134520249345367,0.765571765813814,-0.0851712108632972,0.0315536918805158,5.32076755348326e-05,0.997636213866355
"Fbh1",-0.0045995755962794,0.268824185610378,-0.00503429342859373,0.921366581611471,-0.011382646016694,0.363615652378668,-0.0210266198363711,0.632916815265187,-0.0508181079727335,0.0149415895715428,-9.73581400959397e-05,0.997636213866355
"Fgfrl1",0.000310003045521632,0.999899773256004,0.000907891558976234,0.921366581611471,0.00379737408738908,0.788569716752993,0.00726016686229686,0.894723265017565,0.164463197903884,0.00423263582718094,5.86849734721958e-06,0.997636213866355
"Fkbp4",0.000187092646379208,0.999899773256004,-0.00010443877673795,0.991124302836054,0.0220580199076665,0.226728906830571,0.137306655715051,0.0192541838006696,0.0597078320682083,0.0539602753094518,4.7408330447421e-05,0.997636213866355
"Fmo2",-0.969625107146525,5.39978334420997e-10,-0.0364496998501651,0.202561074136204,-0.755408739989041,9.55431672575288e-07,-0.284066059573156,0.0186946580291975,-0.95523692380812,3.02830406321497e-10,-0.000145723434219687,0.997636213866355
"Frmpd1",0.0736639385661131,0.0523193447689398,0.00476633929598421,0.772045015337172,0.158774250716226,0.000575077559071666,0.137231731089365,0.0240473422904337,0.101295387015516,0.0170003182913785,0.000313999241620675,0.935125584066951
"Galnt16",0.00633695603734046,0.283527624127363,0.00253732779740814,0.921366581611471,0.0340236841743695,0.104923282527416,0.0335916101577053,0.340268715738256,0.128437855459316,9.32040286295539e-06,0.00105397196133798,0.627796854763298
"Gbe1",-0.00144643243527321,0.783067044997844,-0.0021654726392337,0.921366581611471,-0.00448753439802805,0.718717327497953,-0.00602252598816364,0.92747271806263,-0.0922532422566083,0.0216273678086893,-4.00292901952286e-05,0.997636213866355
"Gbp3",-0.138262974067379,0.0362589151427014,-0.00156481143297995,0.921366581611471,-0.19362317842613,0.00844061399328577,-0.0990909022834301,0.0730297128525072,-0.153503435409267,0.0172082500952138,-0.00818934428857945,0.536430430878392
"Gbp5",-0.23107616734482,0.00391421942184114,-0.00194280727811876,0.921366581611471,-0.110488930104042,0.0391814991697644,-0.0392195315052131,0.231812426605084,-0.189259905238385,0.00541234637414225,-0.00409183191164327,0.627796854763298
"Gdf11",0.000619493052480548,0.959734683190974,0.00208877353827175,0.921366581611471,0.0475159736420875,0.108782940971961,0.11494028014915,0.0434561775785716,0.0440445281703565,0.116027296279237,-2.71149696993499e-06,0.998708515591139
"Git1",0.032903131748566,0.12803268932944,0.00186539535873979,0.921366581611471,0.114491136323078,0.0125676746260576,0.063861714077222,0.122639844477918,0.151249930581026,0.000305903294769395,0.000213139886722238,0.946994023566105
"Gkn3",-0.202021350636254,0.0276407340940397,-0.0060969653741405,0.707802584343637,-0.598298920245709,2.67477313962789e-06,-0.762814647227787,0.000246586628948527,-0.510428597398226,5.9903455442882e-05,-0.00624010006409682,0.654670656415668
"Gm16505",-0.243120715885234,0.00349356048063876,-0.00671360473495533,0.699357248258553,-0.114255624603642,0.0351716883130243,-0.00905088028157202,0.825905615374814,-0.0907331779613175,0.0539602753094518,-1.34271871112315e-05,0.997636213866355
"Gm765",-0.175912683621299,0.0317067717573857,-0.00166602748633586,0.921366581611471,-0.0340157175243526,0.170323557939355,-0.0274465060745384,0.287304602904002,-0.184276284499625,0.0141824936842977,-0.00901084270784168,0.576011178841099
"Gm8995",-0.00223138785588475,0.897645624580192,-0.000149435796902172,0.972155309034685,-0.00688932515237198,0.6152792507568,-0.0129410558419035,0.606436344208458,-0.171679005894326,0.0172082500952138,-0.000196042382409771,0.997636213866355
"Gpcpd1",-0.092768830383224,0.0317067717573857,-0.00283638150205804,0.921366581611471,-0.0202360421738066,0.247773040796323,-0.0613082378022613,0.134424674571694,-0.0804455038194854,0.0267206546358429,-2.41132878550521e-06,0.999483774084771
"Gpr34",-0.000249762188217485,0.999899773256004,-0.00186856913420138,0.921366581611471,-0.118284939241928,0.024825404088237,-0.0256560656682764,0.435700071681341,-0.309693614845192,7.15383253644916e-11,-0.000508284323735743,0.930016618558548
"Gramd4",0.0688387140885696,0.0362589151427014,0.00477076655602352,0.840922244257827,0.0858672656607782,0.0206523162187982,0.0301642552512654,0.405936688685634,0.103755943132968,0.00259650512970657,-2.59129213465143e-05,0.997636213866355
"Gstz1",-7.51194976708474e-05,0.999899773256004,-0.00350162852534005,0.921366581611471,-0.0120559915604829,0.346947553229714,-0.0972540482322012,0.0217182210778553,-0.0356757254816841,0.117780738827962,-1.05640438587312e-06,0.999594612593216
"H2aw",3.87833337743995e-05,0.999899773256004,0.000468597347174674,0.954798545886223,0.00184616555053487,0.997778888080173,0.217279276772237,0.0094301677724575,0.0327356469829507,0.195483843242056,5.91995985376204e-05,0.997636213866355
"H2bc6",-0.000135374480661407,0.999899773256004,-0.000625649970193136,0.921366581611471,0.0020083512952737,0.985580029719528,0.598503264542977,0.000199247126408076,0.0674114370381959,0.0925148301369723,4.13018358806403e-06,0.997636213866355
"H2-Q6",-0.381264171375668,0.0034611642055798,-0.00192121714290141,0.921366581611471,-0.00163876922107736,0.997778888080173,-0.0543996866856653,0.130796601103086,-0.131547739572015,0.0305251159656123,-0.00160977976973883,0.910112620584105
"H2-Q7",-0.0463621988735381,0.178459337789763,-0.00157697764756641,0.921366581611471,-0.00510714021293176,0.708971283531756,-0.015454515786278,0.494326323321357,-0.27518866263689,0.00272395355569477,-0.0168839736416861,0.451461951752979
"H3c14",0.000690165027474938,0.999899773256004,0.000274886991706789,0.948502083176022,0.00435005251472434,0.742474412787711,0.355717430967967,0.012917869721614,0.0105472574710906,0.495603879597563,0.000168646276741873,0.997636213866355
"Haus1",-9.10390225542488e-05,0.999899773256004,-0.000810790268081799,0.928599087887968,0.000370760089870407,0.997778888080173,-0.178944904968618,0.0173602892229335,-0.0151571316307864,0.433659295315636,7.64668141845861e-05,0.997636213866355
"Hcn3",-3.02110504018651e-06,0.999899773256004,0.00104990339547437,0.921366581611471,0.00150471141719064,0.997778888080173,0.115003068561446,0.0494774202182066,0.00353701060760392,0.892588214321047,2.82255533936707e-05,0.997636213866355
"Hexim1",0.00240018112022377,0.641885755591442,0.0015497423086275,0.921366581611471,0.00556122945066511,0.663517978442243,0.042614697871539,0.231812426605084,0.104878369728348,0.0149415895715428,-4.66826940097577e-05,0.997636213866355
"Hkdc1",-0.00261890365887608,0.716554968560064,-0.00188353691565195,0.921366581611471,-0.222066448909253,0.000191695125523566,-0.333097288312479,0.000885202268173665,-0.0819161338225144,0.0558342276285254,-0.0943031240579905,0.0846615863505
"Hnrnpm",0.000333686920180351,0.971803000390355,0.00141161622333741,0.928740064975786,0.00644737154782656,0.606055851730443,0.0409053908314934,0.232801759437083,0.0657988105228085,0.0130171299896258,8.09426583903857e-05,0.997636213866355
"Hrh3",-9.55169528215259e-05,0.999899773256004,-0.00138932950582433,0.921366581611471,-0.143643383007777,0.0137642443774571,-0.114778029525888,0.0561632354421836,-0.0157570057192676,0.409124704508956,-0.000103856208745222,0.997636213866355
"Hsd17b7",0.0110443127758124,0.300987839023348,0.00205991165656712,0.921366581611471,0.0547586763767519,0.0985168370573448,0.0255680336437977,0.455424058416783,0.0893251233711816,0.0267206546358429,2.03019231289207e-05,0.997636213866355
"Hsp90b1",0.000373081711913977,0.999899773256004,-0.000107457369543383,0.990156716691264,0.00989595102120574,0.45677834525216,0.162451313764212,0.0121709194008279,0.0212618647830501,0.312507655839991,-4.19989961185802e-06,0.997636213866355
"Hspa5",0.00248078251738627,0.796192719874932,0.000449425717979052,0.943654874434904,0.00276690729995594,0.895474679580252,0.322025726377936,0.00671082635978039,0.0150611666582043,0.408925690517065,3.02240738133121e-05,0.997636213866355
"Hspa8",0.00126265532099176,0.772260145809186,0.000456021463570421,0.961850452084808,0.00421214085492186,0.742612538586294,0.147060882120898,0.0158731516320735,0.0337768979518756,0.169121357663049,1.75442903236377e-05,0.997636213866355
"Hspb1",0.000578816978555406,0.999899773256004,-0.000276104171076826,0.943654874434904,0.00255506343092774,0.91915831424117,0.185986515948557,0.0379085925452915,0.0393639184648921,0.144450798776674,0.000623873529856782,0.983286780110032
"Hsph1",0.0014864195921751,0.822936535182429,0.000443974379206701,0.955868687459501,0.0150801451270472,0.357986954095037,0.212078911578364,0.0100352208688829,0.0437787988131343,0.134474196325424,-2.97954556079392e-05,0.997636213866355
"Hyou1",0.000284311502030506,0.999899773256004,0.000383916011052238,0.970193998476847,0.00230821130477718,0.961454036901559,0.124162299497714,0.0229695426015169,0.0103501678623627,0.63432291850511,-2.8613025135691e-05,0.997636213866355
"Idi1",0.00610398533236708,0.456533468379255,0.00128055996012923,0.921366581611471,0.10512641063339,0.0326443489649388,0.0451704431102556,0.211943588999967,0.145506253460955,0.0057313215790293,6.41837721111355e-05,0.997636213866355
"Ifit1",-0.0933530958068522,0.0762725840198978,-0.00194368909317899,0.921366581611471,-0.157256983287322,0.0224929091513451,-0.0255512705582013,0.325983580295336,-0.00579427862936546,0.745824775753445,-0.000780597488108322,0.939356191823549
"Ifit3",-0.332410374352999,4.92626291881448e-06,-0.0706266249883228,0.127955725428754,-0.378064553710945,6.89466213287649e-08,-0.421178085618578,0.000746692796564528,-0.247796597727175,0.000316425978291138,-0.000342582064478738,0.975701640489319
"Ifit3b",-0.357181739856324,1.39421663759486e-07,-0.0575099979732259,0.152314379724714,-0.385527405456131,6.50530289458313e-09,-0.380729375456858,0.00144203816532445,-0.26212883723284,4.57534776561286e-05,-0.000262650209312642,0.993129867131983
"Ighg2c",-0.0458060554343269,0.172351228100977,-0.000201085916573108,0.969827850628973,-0.0595887838755117,0.104923282527416,-0.434634873163209,0.000515257048418262,-0.20516740033721,0.00265283710441855,-0.000198083096753061,0.997636213866355
"Ing1",0.000191856556286293,0.999899773256004,0.000508793416886751,0.965861828769577,0.0387670692551437,0.101204760547556,0.120416559178761,0.0153554040986274,0.0360545563088549,0.127488599494774,-5.82501278852525e-05,0.997636213866355
"Ipo9",-0.000100974995464384,0.999899773256004,0.000839325387618851,0.943654874434904,-0.00706469509679802,0.564007027544078,-0.107910878338011,0.0379085925452915,-0.0230043273750594,0.286241883905141,2.92315222905049e-05,0.997636213866355
"Jam2",-0.123229006357448,0.00128728121332142,-0.000755618583389981,0.954798545886223,-0.0340158912040206,0.117392551736314,0.000149704129142349,0.998651813154059,-0.0992218627559926,0.00245730156735802,-2.40771991111294e-05,0.997636213866355
"Kank4",-0.0790444828497658,0.0730688422519688,-0.00347459930051958,0.840922244257827,-0.00574794047567789,0.665782783187937,-0.0223460400099524,0.480487158149217,-0.098340597695944,0.0367074799994527,-5.81397082331818e-05,0.997636213866355
"Kcnj8",0.00723779199004036,0.477121043800329,0.000276379279122781,0.962624726625047,0.164334662755245,0.0101670536313781,0.0203088308266144,0.509931344535744,0.0228683501617426,0.285153613005724,1.88097351878118e-05,0.997636213866355
"Kctd10",0.0236632182322288,0.0866699178645093,0.00334775949586424,0.921366581611471,0.00706948306360072,0.571474576127332,0.0287198206451536,0.442577274179079,0.0657620926307309,0.00424882746993094,-2.68499765867488e-06,0.999594612593216
"Kdm5c",-0.255960115887842,4.92626291881448e-06,-0.00466388331689363,0.772045015337172,-0.260982783691608,9.41319465054332e-07,-0.0333812542461917,0.302033756112289,-0.226804325093498,1.89702640323038e-05,-0.365206071730277,0.000663731220068485
"Kdm5d",2.96953985163352,0,2.97747919974878,7.2889700167971e-132,2.84176828008761,0,2.77512802409125,5.21008215725981e-118,2.91089853627362,0,2.84172714161956,6.40978244807453e-122
"Kdm6a",-0.432375810197586,5.49214790217548e-29,-0.405331534620542,9.33319689738576e-09,-0.461461754408481,6.82504066347843e-33,-0.453686779713682,1.00796122657643e-11,-0.492497132248494,9.27360689512927e-39,-0.391720319542965,6.96225756551897e-08
"Kdsr",-2.27122020254807e-05,0.999899773256004,-0.00233239115008045,0.921366581611471,-0.00851484645915656,0.489339056422934,-0.058785012027918,0.102564327644507,-0.0500582507775253,0.0380453964028072,-4.93567479468546e-05,0.997636213866355
"Kirrel2",-0.00582496190521977,0.599625119083962,-0.00256982708775375,0.921366581611471,-0.019852186530151,0.294728888027541,0.000428963944091533,0.992481010886418,-0.223833773754818,0.00272395355569477,3.4753741543944e-05,0.997636213866355
"Klhl2",5.6774233626374e-05,0.999899773256004,0.00188526700547545,0.925170407380215,0.00630988846863946,0.639638214290927,0.0650452977039521,0.0494774202182066,0.03137758792206,0.134291359476295,8.53719014593949e-05,0.997636213866355
"Kyat3",-0.000177618545913949,0.999899773256004,-0.00162811623975084,0.921366581611471,-0.00333539158115239,0.827977493017364,-0.0186535520006001,0.600659504275764,-0.078236759544982,0.0453926913878347,8.03663599447312e-05,0.997636213866355
"Leo1",0.000980499291230648,0.795934164677166,0.000702552060120516,0.953534517001502,0.12122596218006,0.00222230699182354,0.0553145388716002,0.151586759825254,0.0583069516811137,0.0438080566905294,-6.75415410139404e-06,0.997636213866355
"Lhfpl2",0.0189941724981807,0.18458998657432,0.00449316298731561,0.840922244257827,0.000790370334250868,0.997778888080173,0.0121760669843467,0.821215121350124,0.0672428926038555,0.0317058322353497,-3.79694918940572e-05,0.997636213866355
"Lhx2",0.00122123265926087,0.824677876741832,0.00125892574126718,0.921366581611471,0.00475782866816414,0.715062610422996,0.0284106393975924,0.405936688685634,0.0893510091562777,0.0314356227743403,7.90390797308153e-05,0.997636213866355
"Lnx1",-0.00236972978350291,0.408233641898126,-0.00599203517107162,0.83866150545737,-0.0078445236812545,0.52434438897596,-0.0357544725524274,0.28957907791218,-0.0570737675256573,0.0117179065228098,0.000198763585948843,0.974316762082999
"Lpcat3",0.082755655089256,0.0317067717573857,0.00293657031141127,0.921366581611471,0.0423040575646886,0.101204760547556,0.0202537156678517,0.619509720029567,0.0145103484392375,0.482329356668373,0.00128409931098976,0.637544313968727
"Lsm11",0.000468472720013188,0.999899773256004,0.000665589090693323,0.94170976289646,0.00298240929399421,0.863209676589477,0.0311135508980131,0.354293373898276,0.0798365924986836,0.0453926913878347,-5.31629456680598e-05,0.997636213866355
"Lsp1",-0.000279895335642859,0.999899773256004,-0.000538068222603476,0.93805465012923,-0.00240934056946889,0.935149916094371,-0.080840914085813,0.0964959114871758,-0.160226715666054,0.0104538518155265,-0.00097762897335594,0.867796767686509
"Lsr",0.00284606522920376,0.768020023410991,0.00141052088292636,0.921366581611471,0.14329744426115,0.0213665181038431,0.158906543951833,0.0379085925452915,0.255450811727769,0.000166552379912077,0.002448694967879,0.720692476513506
"Maco1",-0.00537910455640183,0.230960310650193,-0.00342282243721554,0.921366581611471,-0.00290878761394002,0.923602092335286,-0.0545758714636857,0.0769087550682903,-0.0424532026398249,0.0349551638248863,-7.28754235884973e-05,0.997636213866355
"Manf",0.000425457830961229,0.999899773256004,-0.000530676275529996,0.943654874434904,0.00151639152516084,0.997778888080173,0.266084612186461,0.00478081355047442,0.00755736011473048,0.712179645063306,1.80261192361639e-05,0.997636213866355
"Map3k19",0.00463053524195137,0.716554968560064,0.000814231069123713,0.921366581611471,0.00141013953832232,0.997778888080173,0.00997955923647833,0.693729417692177,0.115848614499845,0.0385247943078907,1.94616888061544e-05,0.997636213866355
"Mcam",0.00629310245276013,0.512391094383523,0.000811894816261243,0.921366581611471,0.0977001197658346,0.0481981053726724,0.00187465759231257,0.974521370981491,0.0143075474827902,0.440199666120147,6.28864117799899e-05,0.997636213866355
"Mettl15",-7.22447041224983e-06,0.999899773256004,0.000389306256985305,0.955868687459501,-0.144887564158569,0.0143459883103878,0.0122689430774161,0.753967015706143,-1.94127569359587e-05,0.99955421946823,-9.62308625023839e-08,0.999713041487479
"Mgp",-0.0487774218508119,0.174330255902801,-0.0041055642630376,0.83866150545737,-0.00576828451572138,0.669897702018687,-0.0145067365045181,0.541541333947992,-0.130947251652943,0.0323923324643834,0.000163883618925963,0.997636213866355
"Mical1",0.0903009052811975,0.0325971942859171,0.00996142194043223,0.501564532912335,0.0954539787223807,0.0224929091513451,0.0264675144199546,0.454880677199631,0.0320084470063065,0.181749586119863,7.79282801348794e-05,0.997636213866355
"Mkks",9.79751568868638e-05,0.999899773256004,-0.000295295815913663,0.963016509189699,0.00135669382813887,0.997778888080173,0.154830574207192,0.0341438291376736,0.0303670152596513,0.214051316958426,0.000102111366727372,0.997636213866355
"Mmp14",0.311953755908131,1.41135378701659e-08,0.0333022675347448,0.202561074136204,0.25036363329221,4.35105742814884e-06,0.0539488878416132,0.166196378576572,0.202190032531226,0.00051143306473329,5.30617611088077e-05,0.997636213866355
"Mthfd1l",-0.0868342854610432,0.0589016363597179,-0.00116351362310556,0.921366581611471,-0.172571997869512,0.00434980033266367,-0.077928650076169,0.0980098964540561,-0.23266950803131,1.25807001785411e-05,-5.41484560769981e-05,0.997636213866355
"Mvd",0.00185089094759522,0.855305572165258,0.000776308711875696,0.921366581611471,0.0555074222222118,0.110527399791153,0.0154432708119824,0.62383386106927,0.180870420901855,0.0060915262273453,6.10430132885689e-05,0.997636213866355
"Ncoa5",0.000277557093818516,0.999899773256004,0.00136416183962062,0.934874648960556,0.00833406092394186,0.5040585102532,0.0612987379082271,0.0930153060001897,0.0548207531653416,0.0257475782758848,2.748730843996e-05,0.997636213866355
"Nectin2",0.000895422959227287,0.978693438040621,0.000315467413067609,0.961836138668031,0.0116085483730726,0.442680188438669,0.00730906843733861,0.885483383581523,0.156283138860142,0.00922933356185897,6.40932171438079e-06,0.997636213866355
"Net1",-0.160980689843754,0.0185368630131762,-0.00145953211527221,0.921366581611471,-0.00392360180495226,0.781547073679033,-0.028504014344015,0.362008685553855,-0.0411717329758085,0.155968982465916,4.35423880453757e-05,0.997636213866355
"Nfil3",0.0129207540282769,0.398358655433829,0.000870031184108827,0.921366581611471,0.102323543393936,0.0493247062803097,0.0260340322998339,0.336328224342077,0.133958013196327,0.030705861203198,-6.51721103749993e-05,0.997636213866355
"Nos3",0.000626751465650344,0.999899773256004,0.000887336565079578,0.921366581611471,0.00512730965544781,0.708971283531756,0.017289441972259,0.583416950771539,0.141488423647287,0.0173741467797519,0.000554988661654587,0.934981216449165
"Npas2",0.101946705022362,0.00992259860277381,0.00383800058212238,0.921366581611471,0.0850037306786317,0.0176622912072736,0.0403947628289603,0.245387534757966,0.0226223797666994,0.293929850059218,0.0106457414900222,0.215015724615124
"Npsr1",4.86094182684768e-05,0.999899773256004,0.000538364749918841,0.921366581611471,-0.00177671849010902,0.997778888080173,-0.00133559715473836,0.975828504441893,-0.129852209226165,0.0328685716817115,-0.000255657028437169,0.997636213866355
"Nr1d2",-0.0922848850596617,0.0317067717573857,-0.00157094544787967,0.921366581611471,-0.109112909905793,0.0143459883103878,-0.0482718634949933,0.195257188895743,-0.0284322942465816,0.215317245442026,-8.67015137966024e-05,0.997636213866355
"Olfml2b",0.000887081615497648,0.999899773256004,0.0005281707938183,0.929670474768568,8.44508073473379e-05,0.997778888080173,5.57941688124264e-05,0.999073745116548,0.120634706752097,0.0349551638248863,4.81023143843621e-05,0.997636213866355
"Olfr78",-0.000427048846477625,0.999899773256004,-0.000227150344449096,0.957435906375963,-0.00178763340274722,0.997778888080173,-0.291908575032858,0.0173602892229335,-0.0466212914347733,0.141226522963574,-6.1580530037493e-05,0.997636213866355
"Orai2",0.00014804491720042,0.999899773256004,0.000879501802097207,0.948502083176022,0.00102604379941944,0.997778888080173,-0.0224640285234063,0.576231513161349,0.0510173947603057,0.0481288625846601,4.95987874677131e-05,0.997636213866355
"Osmr",0.0109679665662091,0.410932796229934,0.00999508777335326,0.598786110999033,0.004894846031583,0.718617980708243,0.0267409978590119,0.356587648168461,0.107451395881724,0.0438963488919393,0.000647193186626312,0.934981216449165
"P2ry1",-0.0688444550426777,0.110434027108556,-0.00112958399154021,0.921366581611471,-0.000546914561870995,0.997778888080173,-0.000230051032171712,0.995795694631052,-0.245718640395746,0.00259650512970657,5.06126591180469e-06,0.997636213866355
"P3h3",0.000195729255608517,0.999899773256004,-0.000250607351739366,0.97839337184854,0.00490369549139556,0.707179840261802,0.0429453744238395,0.231812426605084,0.0766722613248092,0.0288469649446256,0.000135696049214446,0.997636213866355
"Papss2",-0.00706049120213606,0.406571703054284,-0.00128164793105405,0.921366581611471,0.000329842483370431,0.997778888080173,0.01109189691504,0.814217179869791,-0.14434872876913,0.00452436369793474,2.2844251472221e-05,0.997636213866355
"Parn",-0.000107319507408112,0.999899773256004,-0.000684461369382186,0.955687478289874,-0.0143648592474208,0.310062795026482,-0.143735893150102,0.0094301677724575,-0.0523931501809132,0.0554237065745309,-7.51092095866142e-05,0.997636213866355
"Parvb",0.116130763306642,0.00399718260370242,0.00268777999081923,0.921366581611471,0.0977338706361579,0.0101670536313781,0.0368977763364655,0.285625699750012,0.0967987408307677,0.00454109031780899,0.000278577596274179,0.934981216449165
"Parvg",-0.000720286277582626,0.999899773256004,-0.000452049845493306,0.952965350479893,-0.0933464948772536,0.0457508990260744,-0.0112312523010304,0.797674103700392,-0.0127240103471219,0.502050095529789,-0.00054567414264467,0.917723909731328
"Pbdc1",-0.167305320323816,0.000159580811383238,-0.257220931055841,0.000990130867581945,-0.150911869507177,0.000359110239711868,-0.0483660340082095,0.194210297620684,-0.201583489168077,3.22433843703303e-08,-0.207412247950214,0.00529861064535812
"Pcdha11",-0.143394414637433,0.0393849426081273,-0.000745051653426908,0.921366581611471,-0.0110260587510603,0.465137398275387,0.000662644044328717,0.987621736105232,-0.014466616311919,0.411456624798778,-2.675471445568e-05,0.997636213866355
"Pcdhb3",-0.0318970362748567,0.178459337789763,-0.0730399720508328,0.0901083017897154,-0.146581002592425,0.00729226855764744,-0.00737481558040019,0.900523259826679,-0.153213508484903,0.00188352578705041,-0.0261740181640028,0.203297540875595
"Pcdhb6",-0.235725730529402,0.00489688415433154,-0.00197945963150475,0.921366581611471,-0.0192085356841208,0.304190617753492,-0.000168711049665453,0.997724352249692,-0.274339316153277,3.84930935005603e-05,-4.72273725174421e-05,0.997636213866355
"Pcdhb9",-0.06725939353181,0.0490540238541039,-0.00122360688583316,0.921366581611471,-0.0965137953422007,0.0143459883103878,-0.0101509961224367,0.85998610628284,-0.0263694300166613,0.235492053763043,-9.61054156426532e-05,0.997636213866355
"Pdia4",0.000226680633441584,0.999899773256004,-0.000121666497622293,0.982647346824625,0.000604081055842223,0.997778888080173,0.176499074304558,0.0298123033220871,0.00520675387551367,0.805679992978618,-1.46078329450949e-06,0.999594612593216
"Pdia6",0.00171196128730751,0.796192719874932,-8.28362937441325e-06,0.99851274605173,0.00508841021332535,0.706087098615534,0.245862209907613,0.00438925657102699,0.0161950024844584,0.406089257014866,4.48189238537978e-05,0.997636213866355
"Per3",-0.114482015184874,0.0362589151427014,-0.00193474110189682,0.921366581611471,-0.0996715349248316,0.042257037165296,-0.103014762301707,0.0622989945227074,-0.178545501650909,0.00245730156735802,-1.30988009919699e-05,0.997636213866355
"Pknox1",8.70088281052478e-05,0.999899773256004,0.00281807410271199,0.921366581611471,0.0187132596134949,0.276261090707706,0.174172770115571,0.0101599177856253,0.0130239217731973,0.518601934584589,0.000109801000316982,0.997636213866355
"Pla2g4e",-0.000230799523753724,0.999899773256004,-5.72175482336201e-05,0.987139105867469,-0.0023377775453786,0.945672241813254,-0.191804570970629,0.0379085925452915,-0.00681926583829955,0.680043236851826,-7.86042353477258e-05,0.997636213866355
"Plat",0.0381872407226135,0.158144399097183,0.0024062628400915,0.921366581611471,0.0563713328742784,0.104923282527416,0.0309824515724165,0.345079513699039,0.128703060393349,0.0143672447004718,2.03530831512908e-05,0.997636213866355
"Postn",-0.0266908901418594,0.268824185610378,-0.00979500280012154,0.627054808589902,-0.0347666136676538,0.167619656579234,-0.00853021755606857,0.782214316199459,-0.22271746274084,0.00682628485123813,-0.000571192971493427,0.969379254727554
"Ppp1r3c",0.0176575100486159,0.30827899939944,0.00136046924646464,0.921366581611471,0.0874277399022536,0.0637370283631941,0.0209470468966,0.467314870371895,0.133648250388428,0.0260047831262127,2.38158988435816e-05,0.997636213866355
"Ppp2r5a",0.000283532544404708,0.95405192203165,0.00598574291028505,0.90663791780776,0.00581880449799958,0.668767682917953,0.0664498696549294,0.0468610833755727,0.0175101749602544,0.377330613153909,6.20340295021037e-05,0.997636213866355
"Prom1",-0.0565985679220942,0.0762725840198978,-0.000808882244908168,0.93805465012923,-0.00347587696817882,0.821093770900884,-0.0213578134838294,0.548093329609594,-0.122111814188295,0.00802180005729115,-8.45360204068046e-05,0.997636213866355
"Rae1",-1.00687047466342e-05,0.999899773256004,-0.00225156201120685,0.921366581611471,-0.00108792462002765,0.997778888080173,-0.0907994909696439,0.0379085925452915,-0.00809833966329248,0.730383875042368,2.75165735310699e-05,0.997636213866355
"Rasl11a",0.000635125081166491,0.999899773256004,0.00109233657394906,0.921366581611471,0.00553767221469318,0.680721362833832,0.00795157689640917,0.780181027684539,0.133340971069147,0.0311641736343492,-0.000582520091866752,0.975701640489319
"Rbm28",1.00843154407268e-06,0.999899773256004,0.000268477198975248,0.973389298818159,0.00985081809102091,0.466462332112028,0.174046456375233,0.0121709194008279,0.0388288041897638,0.145258813012255,-8.40872567376694e-07,0.999594612593216
"Rbm45",0.000234098814014041,0.999899773256004,0.00140826801866263,0.925018243757266,0.0831396317471415,0.0136842929198272,0.0445442625870707,0.205150296288224,0.0564447198326778,0.0314356227743403,0.000178431000491256,0.975701640489319
"Rcan2",-0.000234385779444402,0.999899773256004,-0.00200089397735461,0.921366581611471,-0.000750668628413464,0.997778888080173,0.000835017459839672,0.990680603722068,-0.0538978696948196,0.0349551638248863,-3.74357731864007e-05,0.997636213866355
"Rcc2",0.0019868364528283,0.506136371817394,0.00266603209387105,0.921366581611471,0.00497652953264821,0.708971283531756,0.0249553797666669,0.51774984665388,0.0760267274099216,0.00443569000456614,4.0250076009597e-05,0.997636213866355
"Rftn2",0.000458400385818981,0.959136947879781,0.00117669708271294,0.928457206903003,0.11152884270323,0.00665783538382641,0.0531221569120689,0.162388363864457,0.0370892980913204,0.133959259922358,0.000303832466357827,0.934981216449165
"Rhoj",0.00210087484379506,0.796192719874932,0.00351131026824591,0.840922244257827,0.156801196757829,0.0125676746260576,0.0474927942797185,0.19274667340342,0.00336733342857652,0.889078099942906,0.0217781321081099,0.255502361094547
"Rmdn3",-0.000191722401615607,0.999899773256004,-0.00177770700633821,0.92358644827618,0.00250519736829906,0.963749311330422,0.0836291944472201,0.0217182210778553,0.0370534247360684,0.0890802990706922,0.000217145684183166,0.946994023566105
"Rpe",-2.72422522332474e-05,0.999899773256004,-0.00242640138464084,0.921366581611471,0.00170311903756776,0.997778888080173,0.096734737829514,0.0494879805043781,0.00865063287882604,0.705618583348273,-3.36831276873109e-05,0.997636213866355
"Rpe65",-0.0376052674355075,0.218204448720311,-0.00362635266518729,0.840922244257827,-0.448592209275844,2.67175282295184e-05,-0.232354642899309,0.0260464322493906,-0.129411328420263,0.0328685716817115,-0.000124357528220513,0.997636213866355
"Rsad1",-0.000102122708102361,0.999899773256004,-0.00110831589102127,0.921366581611471,-0.013783399747711,0.363615652378668,-0.11533554387072,0.0468610833755727,-0.0283793589100741,0.220295734969903,-1.71704249318507e-06,0.999594612593216
"Rsrp1",-0.0114123456138055,0.356423451730094,-0.00116232119748102,0.921366581611471,-0.0566080427869221,0.105442144270531,-0.176547252988195,0.0217182210778553,-0.0295495554215744,0.218131947797844,-3.7663359552741e-06,0.997636213866355
"Scd1",0.00133208038151483,0.748052676562886,0.00225369544008297,0.921366581611471,0.0902215305225462,0.0268328227940021,0.0781598605680022,0.0802131393054271,0.0296619261289367,0.203505480998789,0.000238309024169256,0.939356191823549
"Serpina3n",0.0019186840887117,0.824677876741832,0.0013442153136569,0.921366581611471,0.00210122533179321,0.969794903345556,0.00923234632273022,0.8241707223386,0.178632280762549,0.00465933573483807,8.31827210367244e-05,0.997636213866355
"Serpinh1",8.62889826237463e-05,0.999899773256004,0.000504145054116351,0.934874648960556,0.00153007569564918,0.997778888080173,0.18993094157941,0.0323048899227697,0.025153299507993,0.257508724830925,0.000139389282624828,0.997636213866355
"Sgsh",-0.000724247663166784,0.999899773256004,-0.012961030268693,0.501564532912335,-0.161789430923955,0.00836442629747364,-0.0216363963259963,0.49371722888547,-0.00317222970034982,0.899838720312149,-4.89609400759228e-05,0.997636213866355
"Shroom4",-0.00754196274210312,0.461650795560691,0.000243339824988262,0.968092580563741,-0.0144762238438937,0.381379482710681,-0.1134156222911,0.0592928582838529,-0.182528213916121,0.00412308190186818,-0.000463124746806554,0.939356191823549
"Slc16a12",-0.00555095935633773,0.640646188556535,-0.0125261384225891,0.572465682868307,-0.0444618507489425,0.13452173143461,-0.100428234708388,0.0732367173224948,-0.185207519387197,0.0131016635836426,1.05928870552912e-05,0.997636213866355
"Slc19a3",0.116147643587365,0.0481684616442631,0.0151809189261101,0.501564532912335,0.00234900606327347,0.940988060332859,0.0115227235235718,0.748819759791648,0.0114663132668064,0.522048880452701,1.60610760899504e-05,0.997636213866355
"Slc1a5",-0.210630662941899,0.0131627528791762,-0.00164864605130678,0.921366581611471,-0.018380894526529,0.315679305314553,-0.0122812078324571,0.697758850551714,-0.0651989023142042,0.0985110619389037,1.2889032257685e-05,0.997636213866355
"Slc20a2",0.00261451887519795,0.456533468379255,0.00299067345543927,0.921366581611471,0.0671349881707409,0.0268325312762981,0.0202181406190976,0.64268399415103,0.0112563602319048,0.608560398783609,3.6858709783557e-05,0.997636213866355
"Slc5a3",0.00261015331431687,0.796192719874932,0.00104939601005676,0.921366581611471,0.00811847336945156,0.564007027544078,0.320490104701769,0.0094301677724575,0.0517539713489046,0.126231620654399,3.64787013278757e-05,0.997636213866355
"Slco1a4",-0.111427563812578,0.0342126387105082,-0.00100186925570667,0.921366581611471,-0.00554211939605392,0.674674706581522,-0.072299081520318,0.109274575152609,-0.194490949037974,0.000192718160210803,-0.000193204304371069,0.993129867131983
"Smpdl3b",-0.000352947038269052,0.999899773256004,-0.000957193621686591,0.921366581611471,-0.00477035717607775,0.718717327497953,-0.0103793969598071,0.74694182097443,-0.105073101994151,0.0498446473287203,-3.2172966574931e-05,0.997636213866355
"Snrnp35",-5.13160697647714e-05,0.999899773256004,0.000150191650512743,0.982897399218302,0.1119924582835,0.0196003290668368,0.000934422863804254,0.987621736105232,0.0158469565869305,0.42851745254972,5.00171150515457e-06,0.997636213866355
"Sp100",-0.00304009769280895,0.672356479626811,4.98218267638793e-05,0.993016216922546,0.000142951257037977,0.997778888080173,-0.106048956679795,0.0622989945227074,-0.107896529308359,0.030705861203198,-0.000253705652208623,0.975701640489319
"Spag6",-0.136017308503626,0.0317067717573857,-0.00285225793136925,0.90663791780776,-0.0763830701875386,0.0663194982919503,-0.0833010255536442,0.0877441660833059,-0.0143878572634939,0.458342660142312,-0.000861940683112141,0.84887995995706
"Spef1",1.02771418513834e-05,0.999899773256004,-0.000289383284842503,0.971924702514727,0.0208013342870665,0.259547403193923,0.165805118989665,0.0173602892229335,0.0743970234712978,0.0507932946187699,1.0458199281191e-05,0.997636213866355
"Sphk2",0.0255555521719225,0.219531074040871,0.00125859371895162,0.921366581611471,0.0114359707463832,0.442680188438669,0.09434133152267,0.0716812950052439,0.160521043207969,0.00443569000456614,1.82445741398649e-05,0.997636213866355
"Sqle",0.000307212945829719,0.999899773256004,0.000414056805595409,0.970414249238521,0.00684615731541444,0.57339300049005,0.0213599344183649,0.594008995203674,0.0604389846791019,0.0356772822867519,3.1271303795526e-05,0.997636213866355
"Src",0.00292955608330077,0.392901632868865,0.00213329875356632,0.921366581611471,0.00265281120653594,0.939424619495091,0.0157758945607744,0.76649431009266,0.0541457457709671,0.0194810831392503,0.000161578282650751,0.997636213866355
"Stip1",0.000194947880453109,0.999899773256004,-8.76511754561346e-05,0.992074763954409,0.0319722721455615,0.162436362625273,0.176171763408705,0.00756980794074701,0.0290058768227109,0.209496065560021,8.91407229075812e-05,0.997636213866355
"Stk26",4.15196439925655e-07,0.999899773256004,-0.000497965581945596,0.943654874434904,-0.000511080502572642,0.997778888080173,-0.00197287186488355,0.974521370981491,-0.125974069579045,0.0223216201382268,-3.42205010740172e-05,0.997636213866355
"Susd5",-4.54526554373568e-05,0.999899773256004,-0.00323982293480389,0.90663791780776,-0.129384036348345,0.0131033264287602,-0.00383149592249608,0.956853908474439,-0.00620316390908917,0.79064818385319,-7.21724969528471e-05,0.997636213866355
"Sytl2",-0.000241771316741133,0.999899773256004,-0.00123318661041382,0.921366581611471,-0.00566760873426152,0.654336353406954,-0.197261279996311,0.00478452193983787,-0.0414556640141786,0.12135409237308,-8.48046139414636e-05,0.997636213866355
"Tacc3",-0.000177154834180364,0.999899773256004,-7.69514292474354e-05,0.990156716691264,-0.00292509760328702,0.874676720670529,-0.233720296351834,0.0100352208688829,-0.037822520526748,0.171724423293933,-6.50043873356878e-05,0.997636213866355
"Tcf7l2",0.000142801366040722,0.999899773256004,0.000256440605767899,0.955718292777342,0.00175741225373484,0.997778888080173,0.00367577587178777,0.930263430648736,0.190300294669276,0.0132459390870684,-7.57317950544378e-06,0.997636213866355
"Tef",-0.0170934541535738,0.178459337789763,-0.00236034901874678,0.921366581611471,-0.132712875658224,0.000127943022222096,-0.0795205281728893,0.0622989945227074,-0.0677472296102595,0.0198567409169128,-1.36401338428552e-05,0.997636213866355
"Tfrc",-0.00225928840799938,0.740759634973477,-0.000163350211938905,0.979742972989766,-0.0172859045509273,0.3226938785967,-0.0923390881929818,0.0744047882733033,-0.120329679872109,0.0198567409169128,-2.91764022982835e-05,0.997636213866355
"Tmcc2",0.000932145643191637,0.796192719874932,0.00233074250807148,0.921366581611471,0.0178286860410081,0.259620882884604,0.0319364231923474,0.364185531709491,0.0851373581207438,0.0143582153085803,0.000863548012775127,0.720692476513506
"Tmem108",-3.34242762581874e-05,0.999899773256004,0.000232354519629323,0.978257371454826,-0.113867878426834,0.0143459883103878,-0.0200698442136386,0.594008995203674,0.011217362276258,0.594972225102153,2.2720916240891e-05,0.997636213866355
"Tmem86b",0.000684151387884752,0.999899773256004,0.000852935919653979,0.921366581611471,0.029637134877518,0.209575365698768,0.217347684175637,0.0160377099732725,0.0246930555365148,0.262966119391704,4.36145952077541e-05,0.997636213866355
"Tnfrsf8",-0.0023699300560899,0.897766214471788,-0.000962531741637692,0.921366581611471,-0.0514524145635062,0.110527399791153,-0.246455131883951,0.0230003036261576,-0.172246387965311,0.0172082500952138,-0.00116344137311049,0.934981216449165
"Tnnt2",-8.09130822828883e-05,0.999899773256004,-0.000511308627263707,0.943654874434904,-0.00153961086703874,0.997778888080173,-0.0437625732075841,0.217405919352581,-0.133270892944195,0.0143582153085803,-1.71628825588742e-05,0.997636213866355
"Tnxb",-0.333241669926394,0.00253184213132354,-0.00287363185338443,0.90663791780776,-0.0873353370379772,0.0636078604091561,-0.0295466082348111,0.25949398459549,-0.0195818682988389,0.306776811883025,-0.000152849721247955,0.997636213866355
"Trip6",0.00010692064688157,0.999899773256004,-0.000238013510974147,0.971040636132448,0.000912636155504825,0.997778888080173,0.00398407924909123,0.949331903782812,0.105159957696091,0.0349551638248863,2.91755141987731e-05,0.997636213866355
"Tspan18",0.000176484857354384,0.999899773256004,0.000335079986450157,0.943654874434904,0.000883222641674598,0.997778888080173,0.00186348954577537,0.969502474835978,0.133912430390606,0.0314356227743403,-1.83159984763642e-05,0.997636213866355
"Tspan4",-0.2334116259911,0.00101876288081255,-0.00677312282835338,0.699357248258553,-0.223203367317932,0.000316458251754199,-0.1511948774711,0.0378280197545035,-0.17843476008918,0.00443569000456614,-1.89739480128981e-05,0.997636213866355
"Ttr",0.00422190787624048,0.502899397072097,-0.000190913618492867,0.928740064975786,-0.817886573405728,0.00614904563416267,-0.000190736130093411,0.985942647538436,0.000783797744716945,0.904268758456281,0.000118490073615993,0.997636213866355
"Tuba8",0.000204071757942606,0.999899773256004,0.00230347425175154,0.921366581611471,0.113616968295757,0.0354625105798638,0.01394413407151,0.688055092345432,0.0191506656919635,0.337650454612691,0.000200478110843194,0.997636213866355
"Tubgcp2",-0.000150185047166076,0.999899773256004,0.000632263889342302,0.963212902863871,-0.002240124483428,0.985925043305578,-0.0932816985870952,0.0202993375788925,-0.0106105598353623,0.626207797998724,1.2072237402382e-05,0.997636213866355
"Ubqln4",0.000287888648169953,0.931166751782022,0.00356699533723306,0.921366581611471,0.0207694682168419,0.151928528420743,0.0321238774606258,0.349335174123393,0.0410344908555847,0.0417522192890665,0.00014377966048666,0.997636213866355
"Usp2",-0.0826022113469574,0.0362589151427014,-0.00691626180134226,0.627054808589902,-0.142713417338544,0.00125818293842475,-0.259164729736691,8.06710085453311e-05,-0.0697134386629932,0.0380453964028072,1.06852176200722e-06,0.999594612593216
"Uty",3.19933576133233,8.80033872308628e-234,3.59828073450097,1.1796642642315e-107,3.77923501616449,0,3.24931135771531,5.90604397784181e-93,3.2745750020147,1.8987506833682e-257,3.35847633828176,1.52429476636928e-98
"Vmn1r90",-0.0037859002961943,0.783067044997844,-0.000684126674800412,0.921366581611471,-0.0339965156059151,0.167619656579234,-0.0874347041707781,0.0856069542335766,-0.222216950181943,0.00663515135044484,-0.000121868866112638,0.997636213866355
"Vstm4",0.0221848756171793,0.285273733221246,0.000625937605526545,0.921366581611471,0.117183011618851,0.0391814991697644,0.0473221254567278,0.173577307546365,0.0335543549194305,0.199047047232904,0.000197429583716408,0.997636213866355
"Wnt7a",0.00419203549505729,0.564708191020698,0.00185466763320434,0.921366581611471,0.00315495456549593,0.84366648888834,0.0857082016106529,0.0802131393054271,0.100617961457935,0.0317058322353497,5.17811763712723e-05,0.997636213866355
"Wwtr1",0.000215091155711853,0.999899773256004,0.00238900012607499,0.921366581611471,0.0429308108522488,0.110527399791153,0.0548237310849416,0.161800452127876,0.0644850659498589,0.0468023982595823,-3.77293013434249e-05,0.997636213866355
"Xdh",-0.131075213436763,0.0442024445853138,-0.00285866996303507,0.90663791780776,-0.0097505781774595,0.510032650856536,-0.018951950255602,0.479816090062761,-0.126149916697852,0.0328685716817115,4.80810592804756e-05,0.997636213866355
"Zfp40",-0.000927278738008239,0.959860125613382,-0.000867640237609799,0.921366581611471,-0.00332705710236493,0.833391294300663,-0.0271732529784961,0.3925197297513,-0.160857257930958,0.0060915262273453,-4.24646639172941e-05,0.997636213866355
"Zfp46",-0.00106184246176857,0.977077776932447,-8.90918254829193e-05,0.986275389186137,-0.00951576838005838,0.511335761225287,-0.211437153041983,0.0192541838006696,-0.0927098592088079,0.0539602753094518,-2.26355046850239e-06,0.999483774084771
"Zfp54",0.294144144814336,0.0034611642055798,-0.000153196046366189,0.972155309034685,0.00776069796872336,0.577895825221185,0.00380975478160666,0.932409184674095,0.00790606185407539,0.653481218781656,0.000343603150104414,0.993129867131983
"Zfp677",0.151647641328035,0.0362589151427014,0.00371903840962814,0.840922244257827,0.118261639462721,0.0391814991697644,0.116436056147507,0.0622989945227074,0.0211992221045474,0.30107260844576,0.000483304497861762,0.946994023566105
"Zfp945",-0.00399982643953384,0.63051622263824,-0.000708798632758387,0.928331264030924,-0.0013276264521767,0.997778888080173,-0.0326620648792422,0.297862363927113,-0.0924676797995935,0.048204761683554,-3.76888250870146e-05,0.997636213866355
"Zwilch",-0.000449807424157188,0.999899773256004,-0.00080838065623611,0.921366581611471,-0.0546576124286833,0.110527399791153,-0.0227251268868205,0.44806701771377,-0.0987180009302607,0.0453926913878347,-0.000234083984694309,0.995103909132246
