,mmu.miR.135b.5p,mmu.miR.3102.3p,mmu.miR.433.5p,mmu.miR.212.3p,mmu.miR.488.5p,mmu.miR.320.3p,mmu.miR.212.5p,mmu.miR.181a.5p,mmu.miR.92b.5p,mmu.miR.543.3p,mmu.miR.221.3p,mmu.let.7a.2.3p,mmu.miR.872.5p,mmu.miR.3535,mmu.miR.6418.3p,mmu.miR.33.3p,mmu.miR.496a.3p,mmu.miR.497a.5p,mmu.miR.346.5p,mmu.miR.378b,mmu.miR.130b.5p,mmu.miR.382.5p,mmu.miR.99b.5p,mmu.miR.134.5p,mmu.miR.181a.1.3p,mmu.miR.300.3p,mmu.miR.153.5p,mmu.miR.181a.2.3p,mmu.let.7i.5p,mmu.miR.223.3p,mmu.miR.8114,mmu.let.7i.3p,mmu.miR.6236,mmu.miR.1247.5p,mmu.miR.370.5p,mmu.miR.3087.3p,mmu.miR.665.3p,mmu.miR.154.5p,mmu.miR.1198.5p,mmu.miR.410.3p,mmu.miR.1843b.3p,True Labels,Predicted Labels
0,0.35483870967741926,0.7301587301587302,0.2917747596520677,0.7931034482758621,0.19565217391304346,0.0344827586206895,0.32089552238805963,0.6964285714285714,0.8795180722891569,0.4082278481012658,0.6588330632090762,0.22580645161290325,0.3760871721948478,0.18021201413427568,0.5179856115107914,0.5984943538268506,0.5206882425235557,0.36363636363636365,1.0000000000000004,0.11764705882352944,0.42105263157894735,0.33234421364985156,0.423076923076923,0.5735294117647058,0.49090909090909096,0.7999999999999998,0.47058823529411764,0.5156794425087106,0.41242937853107353,0.8080808080808082,0.4882352941176471,0.6511627906976745,0.860655737704918,0.535211267605634,0.36363636363636365,0.04347826086956519,0.05263157894736836,0.5333333333333334,0.328767123287671,0.6666666666666666,0.7159671330224295,JOHD,JOHD
1,0.24193548387096775,0.4761904761904763,0.6839615443308409,0.32183908045977017,0.5434782608695652,0.32183908045977017,0.7537313432835819,0.607142857142857,0.5903614457831325,0.6360759493670889,0.7990275526742305,0.532258064516129,0.5871336133249558,0.13427561837455826,0.7544964028776978,0.3318695106649936,0.4772634166325278,0.9545454545454547,0.40414746543778834,0.4117647058823529,0.3391812865497077,0.5667655786350148,0.2692307692307693,0.0808823529411764,0.3090909090909091,0.6842105263157894,0.8823529411764707,0.6515679442508708,0.6045197740112993,0.27272727272727293,0.30000000000000004,0.4186046511627908,0.26639344262295084,0.323943661971831,0.4242424242424243,0.30434782608695654,0.21052631578947367,0.6000000000000001,0.726027397260274,0.19999999999999996,0.06084832333999557,JOHD,JOHD
2,0.564516129032258,0.22222222222222232,0.25530291469555877,0.5229885057471266,0.5434782608695652,0.5632183908045976,0.3656716417910446,0.8035714285714286,0.6144578313253013,0.759493670886076,0.5948136142625611,0.524193548387097,0.5554747180793016,0.0565371024734983,0.7194244604316548,0.7760351317440399,0.0929946743138057,0.18181818181818188,0.3195852534562209,0.5294117647058824,0.29824561403508776,0.3471810089020768,0.3846153846153846,0.21323529411764697,0.6909090909090909,0.13684210526315788,0.3529411764705882,0.16027874564459932,0.0,0.4242424242424243,0.3176470588235294,0.4186046511627908,0.622950819672131,0.535211267605634,0.2424242424242424,0.6086956521739131,0.5964912280701753,0.43333333333333335,0.7123287671232876,0.7999999999999999,0.7763713080168777,JOHD,JOHD
3,0.4516129032258065,0.4920634920634921,0.6392491988402256,0.5632183908045976,0.4782608695652174,0.5632183908045976,0.8880597014925371,0.7678571428571426,0.40361445783132543,0.7120253164556964,0.0,0.379032258064516,0.24009281612046252,0.44169611307420487,0.6906474820143885,0.35257214554579663,0.19889389594428497,0.2272727272727273,0.12626728110599084,0.47058823529411764,0.33333333333333326,0.3768545994065282,0.5000000000000001,0.625,0.509090909090909,0.4421052631578948,0.4117647058823529,0.9999999999999996,0.6553672316384178,0.6161616161616164,0.5411764705882354,0.37209302325581395,0.36475409836065564,0.556338028169014,0.9393939393939394,0.21739130434782605,0.40350877192982426,0.7333333333333334,0.4931506849315068,0.33333333333333326,0.16200310903841886,JOHD,JOHD
4,0.7903225806451615,0.6031746031746033,0.16572562185258644,0.5459770114942528,0.4565217391304348,0.10344827586206895,0.716417910447761,0.017857142857142794,0.8493975903614457,0.3860759493670889,0.1766612641815235,0.5,0.03623356151548229,0.13780918727915192,0.7086330935251798,0.6744040150564616,0.3969684555510038,0.2727272727272728,0.7829493087557604,0.6470588235294118,0.6549707602339181,0.7448071216617209,0.3846153846153846,0.5073529411764706,0.1272727272727272,0.5684210526315789,0.2941176470588236,0.6689895470383274,0.1694915254237288,0.2828282828282829,0.19999999999999996,0.37209302325581395,0.7008196721311477,0.795774647887324,0.48484848484848486,0.4347826086956521,0.43859649122807,0.3333333333333335,0.0,0.4666666666666667,0.5089940039973351,JOHD,JOHD
5,0.37096774193548376,0.4920634920634921,0.6975431100259426,1.0,0.6521739130434783,0.17241379310344818,0.9328358208955221,0.23214285714285698,0.608433734939759,0.5791139240506329,0.13938411669367934,0.1693548387096775,0.010626453696661375,0.0,0.5755395683453238,0.5570890840652445,0.8527242933224088,0.7727272727272728,0.6585253456221198,0.23529411764705888,0.29239766081871355,0.7091988130563798,0.5384615384615384,0.9411764705882353,0.509090909090909,0.9684210526315793,0.3529411764705882,0.9999999999999996,0.5480225988700562,0.6262626262626263,0.2529411764705882,0.2325581395348837,0.5614754098360657,0.6267605633802815,0.21212121212121213,0.26086956521739124,0.0,0.16666666666666674,0.4383561643835614,0.8666666666666666,1.0,JOHD,JOHD
6,0.435483870967742,0.2698412698412699,0.35434152296658006,0.40804597701149437,1.0,0.2068965517241379,0.28358208955223874,0.2857142857142858,0.2771084337349399,0.45253164556962044,0.6166936790923825,0.9112903225806455,0.48033444668584746,0.3568904593639576,0.43974820143884885,0.6066499372647427,0.281032363785334,0.6363636363636364,0.463594470046083,0.6470588235294118,0.5263157894736843,0.35014836795252213,0.5384615384615384,0.41176470588235303,0.509090909090909,0.5578947368421052,0.4117647058823529,0.24041811846689898,0.7005649717514122,0.5353535353535355,0.6411764705882352,0.2790697674418605,0.17622950819672134,0.97887323943662,0.4242424242424243,0.7826086956521738,0.368421052631579,0.30000000000000004,0.5890410958904109,0.4666666666666667,0.7187430601821008,JOHD,JOHD
7,0.27419354838709675,0.4285714285714286,0.45353273309934394,0.18965517241379315,0.6304347826086956,0.3908045977011494,0.6268656716417909,0.3214285714285714,0.7289156626506026,0.7278481012658231,0.8768233387358189,0.4838709677419355,0.6885423900702183,0.1413427561837456,0.587230215827338,0.3419071518193224,0.319336337566571,0.09090909090909094,0.6785714285714284,0.7058823529411765,0.26315789473684204,0.18397626112759635,0.1923076923076923,0.36764705882352944,0.36363636363636376,0.4526315789473685,0.823529411764706,0.6933797909407664,1.0,0.9393939393939397,0.49411764705882355,0.7674418604651163,0.4221311475409837,0.767605633802817,0.696969696969697,0.5217391304347825,0.10526315789473673,0.3333333333333335,0.8356164383561644,0.33333333333333326,0.6243615367532755,JOHD,JOHD
8,0.532258064516129,0.4126984126984128,0.3897451548908899,0.14942528735632177,0.7173913043478262,0.2298850574712643,0.5149253731343282,0.8839285714285714,1.0,0.18670886075949378,0.526742301458671,0.435483870967742,0.14461457058765204,0.3533568904593639,0.537769784172662,0.5821831869510663,0.2648504711183941,0.40909090909090906,0.4025345622119816,0.11764705882352944,0.2456140350877194,0.4332344213649848,0.34615384615384615,0.3161764705882353,0.47272727272727266,0.6210526315789471,0.23529411764705888,0.47386759581881543,0.1807909604519773,0.8686868686868687,0.5470588235294118,0.6046511627906976,0.49590163934426235,0.964788732394366,0.2424242424242424,0.4782608695652173,0.38596491228070184,0.16666666666666674,0.6712328767123286,0.2666666666666666,0.4611370197646014,JOHD,JOHD
9,0.5806451612903225,0.2698412698412699,0.133068823439646,0.20114942528735646,0.6521739130434783,0.4137931034482758,0.4328358208955223,0.6517857142857142,0.3313253012048194,0.33544303797468356,0.4084278768233389,0.5806451612903225,0.2094701103431551,0.3533568904593639,0.4901079136690648,0.4855708908406524,0.09852519459238018,0.5454545454545455,0.3398617511520734,0.6470588235294118,0.30409356725146197,0.40949554896142404,0.2692307692307693,0.3897058823529411,0.709090909090909,0.5052631578947371,0.47058823529411764,0.36585365853658525,0.24293785310734473,0.6161616161616164,0.2823529411764705,0.30232558139534893,0.7745901639344264,0.73943661971831,0.3939393939393939,0.0,0.49122807017543857,0.2666666666666666,0.45890410958904115,0.2666666666666666,0.6510104374861203,JOHD,JOHD
10,0.758064516129032,0.2063492063492064,0.2958950099191213,0.4252873563218391,0.19565217391304346,0.7011494252873562,0.4029850746268655,0.6607142857142858,0.3313253012048194,0.6772151898734178,0.7552674230145868,0.92741935483871,0.8826846125863952,0.2968197879858657,0.768884892086331,0.7603513174404015,0.5823433019254405,1.0,0.7368663594470051,0.23529411764705888,0.7076023391812865,1.0,0.34615384615384615,0.6029411764705883,0.6000000000000001,0.6526315789473687,0.2941176470588236,0.017421602787456525,0.3220338983050848,0.8282828282828285,0.7235294117647058,0.2790697674418605,0.16393442622950816,0.922535211267606,0.21212121212121213,0.7391304347826086,0.0,0.20000000000000007,0.15068493150684925,0.7999999999999999,0.155785032200755,JOHD,JOHD
11,0.4193548387096775,0.5079365079365079,0.3357240958339691,0.12643678160919558,0.3695652173913043,0.5517241379310345,0.6268656716417909,0.0,0.22289156626506035,0.306962025316456,0.8371150729335497,0.67741935483871,0.46844031438429434,0.392226148409894,0.6996402877697842,0.5526976160602257,0.4211388775092173,0.40909090909090906,0.4781105990783412,0.0,0.5380116959064327,0.6439169139465872,0.8846153846153847,0.5147058823529411,0.25454545454545463,0.41052631578947363,0.47058823529411764,0.6097560975609757,0.6892655367231639,0.8080808080808082,0.5823529411764705,0.2093023255813955,0.09426229508196715,0.950704225352113,0.5757575757575758,0.4782608695652173,0.17543859649122795,0.6000000000000001,0.47945205479452047,0.5333333333333333,0.6793248945147681,JOHD,JOHD
12,0.37096774193548376,0.4444444444444444,0.04242331756447415,0.4597701149425286,0.26086956521739124,0.26436781609195403,0.24626865671641784,0.4999999999999998,0.40361445783132543,0.4462025316455698,0.6580226904376016,0.782258064516129,0.4104137041568836,0.2226148409893992,0.6052158273381295,0.5570890840652445,0.24088488324457202,0.4545454545454545,0.6036866359447006,0.6470588235294118,0.5847953216374269,0.4302670623145399,0.576923076923077,0.32352941176470584,0.0,0.5894736842105264,0.0,0.38327526132404177,0.35593220338983045,0.2828282828282829,0.33529411764705874,0.37209302325581395,0.639344262295082,0.3732394366197185,0.8484848484848485,0.26086956521739124,0.45614035087719285,0.5,0.23972602739726034,0.6,0.6457916944259383,JOHD,JOHD
13,0.32258064516129026,0.33333333333333337,0.3961544330840834,0.48275862068965525,0.7391304347826086,0.33333333333333326,0.4029850746268655,0.6160714285714286,0.6445783132530121,0.3765822784810129,0.4011345218800648,0.370967741935484,0.40238874742330566,0.29328621908127206,0.6879496402877697,0.47616060225846923,0.24989758295780407,0.5000000000000001,0.6154377880184332,0.9999999999999999,0.45029239766081863,0.47181008902077126,0.576923076923077,0.32352941176470584,0.290909090909091,0.052631578947368585,0.47058823529411764,0.6689895470383274,0.5593220338983049,0.38383838383838387,0.18823529411764706,0.37209302325581395,0.4098360655737703,0.5774647887323945,0.3939393939393939,0.4347826086956521,0.21052631578947367,0.30000000000000004,0.5342465753424659,0.33333333333333326,0.6613368865200977,JOHD,JOHD
14,0.5483870967741935,0.3650793650793651,0.13505264764230152,0.6206896551724137,0.5217391304347825,0.16091954022988508,0.4850746268656716,0.482142857142857,0.3975903614457832,0.5886075949367089,0.6653160453808753,0.4193548387096775,0.6036079235424454,0.23674911660777387,0.5098920863309352,0.43161856963613543,0.07906595657517412,0.7727272727272728,0.4926267281105994,0.5294117647058824,0.23976608187134496,0.23145400593471788,0.5000000000000001,0.40441176470588225,0.4363636363636363,0.5684210526315789,0.2941176470588236,0.17770034843205584,0.1355932203389829,0.4343434343434345,0.4176470588235295,0.39534883720930236,0.5450819672131146,0.0,0.6060606060606061,0.17391304347826086,0.5263157894736843,0.6000000000000001,0.6917808219178083,0.7333333333333333,0.8105707306240284,JOHD,JOHD
15,0.564516129032258,0.3650793650793651,0.35724095833969205,0.5172413793103448,0.7826086956521738,0.6551724137931034,0.3656716417910446,0.7589285714285714,0.6445783132530121,0.25,0.44327390599675853,0.685483870967742,0.2364000132279509,0.7102473498233216,0.6214028776978416,0.4353826850690088,0.2050389184760344,0.31818181818181823,0.07834101382488479,0.3529411764705882,0.32748538011695905,0.26112759643916883,0.6153846153846153,0.2647058823529411,0.5272727272727273,0.5789473684210527,1.0,0.4878048780487805,0.22598870056497145,0.4343434343434345,0.4411764705882353,0.34883720930232553,0.29508196721311464,0.584507042253521,0.787878787878788,0.30434782608695654,0.5263157894736843,0.7666666666666666,0.5205479452054795,0.06666666666666665,0.15001110370863868,JOHD,JOHD
16,0.4516129032258065,0.09523809523809534,0.17381352052495025,0.6781609195402298,0.3695652173913043,0.4367816091954022,0.4776119402985073,0.482142857142857,0.8192771084337349,0.23734177215189867,0.6458670988654784,0.741935483870968,0.3080734592193304,0.4593639575971732,0.49910071942446044,0.5401505646173148,0.27160999590331825,0.5000000000000001,0.6419354838709679,0.7058823529411765,0.01754385964912286,0.18100890207715103,0.3846153846153846,0.15441176470588225,0.21818181818181825,0.26315789473684204,0.23529411764705888,0.10801393728222974,0.20338983050847448,0.6666666666666667,0.5529411764705883,0.5813953488372094,0.31557377049180335,0.929577464788732,0.06060606060606061,0.26086956521739124,0.14035087719298245,0.16666666666666674,0.4999999999999998,0.4,0.5936042638241172,JOHD,JOHD
17,0.25806451612903225,0.4444444444444444,0.21898367160079335,0.6149425287356323,0.6304347826086956,0.632183908045977,0.3656716417910446,0.3482142857142858,0.3012048192771084,0.43354430379746844,0.4084278768233389,0.3629032258064515,0.14203512020900178,0.3639575971731449,0.591726618705036,0.5878293601003763,0.15505940188447354,0.36363636363636365,0.6191244239631337,0.5882352941176471,0.502923976608187,0.4332344213649848,0.6153846153846153,0.34558823529411753,0.4363636363636363,0.4526315789473685,0.823529411764706,0.4390243902439024,0.25988700564971756,0.7171717171717173,0.5647058823529412,0.6511627906976745,0.6557377049180326,0.295774647887324,0.696969696969697,0.3913043478260869,0.9999999999999998,0.06666666666666676,0.2465753424657533,0.7333333333333333,0.8064623584277149,JOHD,JOHD
18,0.22580645161290325,0.4444444444444444,0.14909201892263102,0.4137931034482758,0.7608695652173914,0.31034482758620685,0.3432835820895521,0.6607142857142858,0.493975903614458,0.40506329113924044,0.32739059967585105,0.44354838709677447,0.06085959632703908,0.39929328621908133,0.5701438848920862,0.5470514429109159,0.137034002458009,0.7272727272727274,0.45806451612903265,0.47058823529411764,0.36257309941520455,0.059347181008901906,0.3846153846153846,0.28676470588235303,0.5636363636363637,0.6526315789473687,0.4117647058823529,0.12543554006968627,0.19209039548022577,0.18181818181818188,0.33529411764705874,0.627906976744186,0.651639344262295,0.4507042253521125,0.4242424242424243,0.6956521739130435,0.2807017543859647,0.2666666666666666,0.3904109589041094,0.06666666666666665,0.6705529646902066,JOHD,JOHD
19,0.25806451612903225,0.12698412698412698,0.6677857469861133,0.23563218390804597,0.5,0.2528735632183907,0.58955223880597,0.857142857142857,0.42771084337349397,0.7753164556962027,0.47487844408427904,0.814516129032258,0.3307979761235491,0.9999999999999999,0.5620503597122303,0.3663739021329986,0.4311757476444078,0.5000000000000001,0.13294930875576005,0.5882352941176471,0.0935672514619883,0.3560830860534123,0.46153846153846156,0.5735294117647058,0.9999999999999998,0.3578947368421055,0.17647058823529416,0.7560975609756095,0.6271186440677967,0.8383838383838385,0.6647058823529413,0.2790697674418605,0.20491803278688514,0.323943661971831,0.8484848484848485,0.4347826086956521,0.38596491228070184,0.06666666666666676,0.7123287671232876,0.6,0.09027315123251167,JOHD,JOHD
20,0.35483870967741926,1.0,0.2739203418281706,0.5804597701149428,0.26086956521739124,0.16091954022988508,0.5149253731343282,0.6607142857142858,0.8493975903614457,0.537974683544304,0.17017828200972485,0.24193548387096775,0.0,0.007067137809187329,0.5755395683453238,0.7252195734002509,0.5395329782875868,0.9545454545454547,0.5822580645161293,0.17647058823529416,0.6666666666666667,0.7091988130563798,0.7692307692307693,0.6911764705882353,0.3272727272727274,0.6000000000000001,0.6470588235294118,0.8222996515679442,0.1355932203389829,0.36363636363636376,0.15294117647058814,0.7441860465116279,0.737704918032787,0.49295774647887347,0.18181818181818182,0.3913043478260869,0.14035087719298245,0.20000000000000007,0.3013698630136987,0.5333333333333333,0.6361314679102821,JOHD,JOHD
21,0.5806451612903225,0.5555555555555556,0.1272699526934229,0.6149425287356323,0.6956521739130435,0.21839080459770122,0.4328358208955223,0.9017857142857142,0.5180722891566265,0.3196202531645569,0.31523500810372784,0.5,0.30800731946603177,0.22968197879858654,0.4433453237410071,0.4698870765370138,0.20585825481360098,0.31818181818181823,0.455529953917051,0.17647058823529416,0.672514619883041,0.3827893175074184,0.3076923076923077,0.41176470588235303,0.5636363636363637,0.5263157894736841,0.4117647058823529,0.48083623693379796,0.15254237288135575,0.2020202020202022,0.388235294117647,0.37209302325581395,0.668032786885246,0.676056338028169,0.5757575757575758,0.3913043478260869,0.4736842105263157,0.13333333333333341,0.6301369863013699,0.7333333333333333,0.6424605818343327,JOHD,JOHD
22,0.22580645161290325,0.3650793650793651,0.30688234396459624,0.4540229885057472,0.4347826086956521,0.33333333333333326,0.3059701492537312,0.3482142857142858,0.6626506024096388,0.5031645569620253,0.8314424635332256,0.5403225806451615,0.6953988778288527,0.3286219081272085,0.6708633093525179,0.5664993726474277,0.10856206472757068,0.7272727272727274,0.5264976958525343,0.11764705882352944,0.23976608187134496,0.4599406528189909,0.2692307692307693,0.0,0.5272727272727273,0.5368421052631578,0.2941176470588236,0.3867595818815328,0.4915254237288136,0.4242424242424243,0.37058823529411766,0.16279069767441867,0.42622950819672134,0.5774647887323945,0.4242424242424243,0.34782608695652173,0.5964912280701753,0.03333333333333344,0.7534246575342467,0.5333333333333333,0.7528314457028649,JOHD,JOHD
23,0.4193548387096775,0.23809523809523814,0.7100564626888444,0.3275862068965516,0.0,0.0344827586206895,0.3582089552238805,0.6160714285714286,0.9397590361445785,0.42405063291139244,1.0,0.25,0.822381692516287,0.15547703180212025,0.5512589928057553,0.5727728983688831,0.3621466612044242,0.2272727272727273,0.3566820276497693,0.0,0.2748538011695907,0.5994065281899106,0.923076923076923,0.2941176470588236,0.709090909090909,0.8210526315789473,0.823529411764706,0.0,0.11864406779661008,0.3535353535353536,0.7588235294117647,0.4883720930232558,0.44262295081967196,0.4577464788732395,0.2424242424242424,0.4782608695652173,0.0350877192982455,0.40000000000000013,0.7602739726027397,0.19999999999999996,0.6155896069287143,JOHD,JOHD
24,0.32258064516129026,0.38095238095238093,0.3790630245688993,0.19540229885057459,0.7826086956521738,0.2298850574712643,0.6567164179104477,0.6249999999999998,0.8072289156626509,0.5348101265822787,0.3200972447325774,0.3629032258064515,0.16655643374450246,0.11660777385159016,0.7347122302158274,0.7132998745294854,0.3777140516181894,0.6363636363636364,0.24101382488479262,0.3529411764705882,0.38596491228070184,0.49258160237388715,0.3846153846153846,0.36764705882352944,0.4363636363636363,0.0,0.7647058823529412,0.6167247386759582,0.39548022598870025,0.46464646464646475,0.1941176470588235,0.5116279069767442,0.35655737704918034,0.584507042253521,0.5757575757575758,0.3913043478260869,0.0,0.3333333333333335,0.6232876712328765,0.1333333333333333,0.5667332889184988,WT,JOHD
25,0.11290322580645151,0.25396825396825395,0.0006104074469708287,0.011494252873563315,0.4782608695652174,0.3793103448275861,0.3955223880597014,0.5803571428571426,0.6204819277108435,0.24367088607594933,0.23581847649918997,0.274193548387097,0.19819328240572354,0.26501766784452296,0.7419064748201439,0.5671267252195733,0.4295370749692746,0.6363636363636364,0.03663594470046094,0.9999999999999999,0.9999999999999998,0.3857566765578633,0.7307692307692307,0.9999999999999998,0.4181818181818182,0.6105263157894738,0.3529411764705882,0.5609756097560976,0.34463276836158174,0.0,0.5941176470588234,0.2093023255813955,0.5368852459016393,0.47887323943661997,0.3939393939393939,0.6956521739130435,0.5614035087719296,0.40000000000000013,0.4931506849315068,0.6,0.5225405285365312,WT,WT
26,0.5,0.2063492063492064,0.3783000152601863,0.2586206896551726,0.5652173913043479,0.4367816091954022,0.17910447761194015,0.39285714285714257,0.35542168674698793,0.053797468354430666,0.9294975688816858,1.0,0.6699020029321958,0.39929328621908133,0.5053956834532375,0.6913425345043913,0.04260548955346155,0.31818181818181823,0.3792626728110604,0.4117647058823529,0.4385964912280702,0.5608308605341246,0.3846153846153846,0.3529411764705883,0.3090909090909091,0.42105263157894735,0.47058823529411764,0.36585365853658525,0.3163841807909602,0.7070707070707072,0.5764705882352941,0.0,0.3360655737704916,0.774647887323944,0.6060606060606061,0.6956521739130435,0.6140350877192982,0.30000000000000004,0.5753424657534245,0.7333333333333333,0.7017543859649122,WT,JOHD
27,0.37096774193548376,0.31746031746031744,0.3442698000915607,0.38505747126436773,0.5434782608695652,0.11494252873563204,0.4626865671641789,0.39285714285714257,0.47590361445783147,0.4398734177215191,0.8743922204213939,0.7903225806451615,1.0,0.5795053003533569,0.4289568345323741,0.5250941028858218,0.17267513314215477,0.5000000000000001,0.5995391705069122,0.5294117647058824,0.16374269005847952,0.3560830860534123,0.8461538461538461,0.2941176470588236,0.6363636363636365,0.5578947368421052,0.4117647058823529,0.3449477351916377,0.7288135593220337,0.7474747474747476,0.7,0.6976744186046513,0.1721311475409837,0.823943661971831,0.18181818181818182,0.26086956521739124,0.22807017543859653,1.0,0.7534246575342467,0.9999999999999999,0.6842105263157896,WT,JOHD
28,0.24193548387096775,0.33333333333333337,0.3563253471692356,0.7988505747126435,0.5869565217391304,0.011494252873563093,0.5074626865671641,0.3660714285714286,0.5,0.3575949367088609,0.3435980551053488,0.4838709677419355,0.1616345337698557,0.12367491166077749,0.45233812949640295,0.4648682559598494,0.4123310118803767,0.36363636363636365,0.63294930875576,0.0,0.4444444444444444,0.5667655786350148,0.3846153846153846,0.6544117647058822,0.10909090909090913,0.6526315789473687,0.3529411764705882,0.37282229965156777,0.17514124293785294,0.5353535353535355,0.2705882352941176,0.4883720930232558,0.75,0.09859154929577452,0.15151515151515152,0.30434782608695654,0.08771929824561409,0.2666666666666666,0.40410958904109573,0.7999999999999999,0.5919387075283145,WT,JOHD
29,0.5483870967741935,0.6031746031746033,0.5373111551960932,0.603448275862069,0.32608695652173914,0.28735632183908044,1.0,0.6249999999999998,0.9518072289156625,0.7278481012658231,0.20421393841166946,0.2661290322580647,0.11776183074837165,0.05300353356890464,0.6672661870503597,0.56900878293601,0.5497746825071692,0.31818181818181823,0.4525345622119814,0.2941176470588235,0.4093567251461987,0.8694362017804154,0.46153846153846156,0.6764705882352942,0.36363636363636376,0.5157894736842104,0.3529411764705882,0.8083623693379791,0.384180790960452,0.3232323232323233,0.2529411764705882,0.4186046511627908,0.4836065573770494,0.3380281690140845,0.12121212121212122,0.34782608695652173,0.5789473684210524,0.2666666666666666,0.40410958904109573,0.9333333333333332,0.5386409060626249,WT,WT
30,0.37096774193548376,0.6507936507936509,0.55852281397833,0.44827586206896575,0.6304347826086956,0.6896551724137931,0.4850746268656716,0.482142857142857,0.8855421686746987,0.0,0.6863857374392222,0.7661290322580645,0.34809352161116447,0.39575971731448767,0.4703237410071942,0.39962358845671253,0.29270790659565726,0.5909090909090909,0.4972350230414748,0.4117647058823529,0.2748538011695907,0.2997032640949553,0.6538461538461539,0.49264705882352944,0.19999999999999996,0.3999999999999999,0.3529411764705882,0.5714285714285712,0.7288135593220337,0.696969696969697,0.5294117647058822,0.34883720930232553,0.13114754098360648,0.4014084507042255,0.2727272727272727,0.30434782608695654,0.1929824561403508,0.2333333333333334,0.4246575342465755,0.4,0.6060404174994449,WT,JOHD
31,0.693548387096774,0.38095238095238093,0.2888753242789557,0.4137931034482758,0.6304347826086956,0.6091954022988506,0.22388059701492535,0.8928571428571426,0.3795180722891567,0.24683544303797467,0.37682333873581886,0.7661290322580645,0.28408677535632787,0.9646643109540637,0.3462230215827339,0.2597239648682559,0.01638672675133135,0.36363636363636365,0.181336405529954,0.9411764705882354,0.3099415204678362,0.15133531157270008,0.6153846153846153,0.24264705882352944,0.6000000000000001,0.0631578947368423,0.23529411764705888,0.20557491289198593,0.41242937853107353,0.1717171717171717,0.5705882352941176,0.4651162790697676,1.0,0.464788732394366,0.6363636363636365,0.34782608695652173,0.05263157894736836,0.6000000000000001,0.6027397260273972,0.19999999999999996,0.15278703086831014,WT,JOHD
32,0.596774193548387,0.7619047619047619,1.0,0.8850574712643677,0.19565217391304346,0.1839080459770115,0.9701492537313432,0.8482142857142858,0.9698795180722892,0.4208860759493671,0.354943273905997,0.0,0.2755271889502522,0.03886925795053009,0.6762589928057553,0.5520702634880803,0.7601392871773864,0.36363636363636365,0.6299539170506914,0.4117647058823529,0.5730994152046784,0.9198813056379822,0.5384615384615384,0.5,0.18181818181818188,0.810526315789474,0.11764705882352944,0.9268292682926829,0.5197740112994351,0.3535353535353536,0.0,0.30232558139534893,0.7704918032786887,0.22535211267605648,0.15151515151515152,0.4782608695652173,0.3157894736842104,0.06666666666666676,0.08904109589041087,0.7999999999999999,0.7139684654674663,JOHD,JOHD
33,0.032258064516129004,0.31746031746031744,0.6206317717076146,0.5229885057471266,0.5217391304347825,0.3793103448275861,0.6791044776119401,0.8035714285714286,0.8072289156626509,0.8132911392405067,0.6434359805510534,0.370967741935484,0.2285348942315113,0.010600706713780883,0.7544964028776978,0.4479297365119197,0.5352314625153625,0.31818181818181823,0.7096774193548385,0.23529411764705888,0.4678362573099415,0.5044510385756675,0.5000000000000001,0.4338235294117647,0.19999999999999996,0.3052631578947369,0.23529411764705888,0.8919860627177698,0.7570621468926553,0.7878787878787878,0.1941176470588235,0.11627906976744196,0.28688524590163933,0.471830985915493,0.48484848484848486,0.34782608695652173,0.40350877192982426,0.2333333333333334,0.4452054794520548,0.33333333333333326,0.5668443260048857,JOHD,WT
34,0.6129032258064515,0.23809523809523814,0.5571493972226458,0.2931034482758621,0.23913043478260865,0.9425287356321839,0.5522388059701491,0.8303571428571426,0.5662650602409638,0.42405063291139244,0.22447325769854132,0.2822580645161292,0.22903094238125155,0.7915194346289752,0.6555755395683452,0.4353826850690088,0.11532158951249483,0.5454545454545455,0.0,0.5294117647058824,0.10526315789473695,0.4599406528189909,0.46153846153846156,0.06617647058823528,0.5818181818181818,0.48421052631578965,0.5294117647058824,0.745644599303136,0.17514124293785294,0.2828282828282829,0.35882352941176476,0.39534883720930236,0.3811475409836067,0.78169014084507,0.4545454545454546,0.34782608695652173,0.1578947368421051,0.30000000000000004,0.4999999999999998,0.4,0.14390406395736188,JOHD,JOHD
35,0.4838709677419355,0.2698412698412699,0.47062414161452715,0.5172413793103448,0.21739130434782605,0.10344827586206895,0.7985074626865671,0.294642857142857,0.9036144578313254,0.7848101265822787,0.37439222042139386,0.2903225806451615,0.2878291830638138,0.19081272084805645,0.6025179856115107,0.7089084065244666,1.0,0.09090909090909094,0.6135944700460834,0.5882352941176471,0.7309941520467835,0.8427299703264093,1.0,0.7647058823529413,0.19999999999999996,0.8947368421052628,0.4117647058823529,0.27874564459930307,0.045197740112994156,0.46464646464646475,0.33529411764705874,0.2790697674418605,0.471311475409836,0.5,0.12121212121212122,0.5217391304347825,0.26315789473684226,0.2666666666666666,0.43150684931506844,0.8666666666666666,0.8372196313568732,JOHD,JOHD
36,0.32258064516129026,0.0,0.4016481001068213,0.0,0.6521739130434783,0.4367816091954022,0.3656716417910446,0.5803571428571426,0.43975903614457845,0.4556962025316458,0.5826580226904379,0.620967741935484,0.4501636958894144,0.2897526501766784,0.7643884892086331,0.7471769134253448,0.38303973781237177,0.5000000000000001,0.43986175115207393,0.5294117647058824,0.7953216374269005,0.5697329376854596,0.0,0.375,0.8545454545454545,0.810526315789474,0.23529411764705888,0.4006968641114983,0.11299435028248572,0.9898989898989898,0.38235294117647056,0.6511627906976745,0.012295081967213184,0.746478873239437,0.21212121212121213,0.7391304347826086,0.7719298245614035,0.5666666666666667,0.3904109589041094,0.6,0.5878303353320009,JOHD,WT
37,0.5483870967741935,0.3650793650793651,0.9626125438730355,0.36206896551724155,0.7608695652173914,0.2298850574712643,0.5597014925373134,0.26785714285714257,0.06024096385542177,1.0,0.7058346839546195,0.7580645161290325,0.5879328020106485,0.381625441696113,1.0,0.802383939774153,0.505120852109791,0.31818181818181823,0.5248847926267284,0.5882352941176471,0.6140350877192982,0.4362017804154301,0.576923076923077,0.5294117647058822,0.10909090909090913,1.0,0.5294117647058824,0.8536585365853657,0.47457627118644075,0.9393939393939397,0.8411764705882352,0.32558139534883734,0.0,0.5985915492957745,0.8484848484848485,0.7391304347826086,0.5614035087719296,0.30000000000000004,0.1643835616438356,0.2666666666666666,0.6200310903841884,JOHD,JOHD
38,0.0,0.2698412698412699,0.7117350831680147,0.29885057471264354,0.19565217391304346,0.28735632183908044,0.4776119402985073,0.857142857142857,0.42168674698795194,0.3892405063291142,0.6726094003241494,0.3306451612903225,0.4829249203567141,0.17314487632508835,0.8732014388489208,0.678168130489335,0.6192134371159361,0.6818181818181818,0.39976958525345596,0.23529411764705888,0.695906432748538,0.8397626112759644,0.8076923076923076,0.6397058823529411,0.5454545454545454,0.7263157894736842,0.5882352941176471,0.5679442508710801,0.6327683615819208,0.44444444444444464,0.40588235294117636,0.2093023255813955,0.11065573770491799,0.838028169014085,0.5454545454545455,1.0,0.38596491228070184,0.0,0.4178082191780821,0.4,0.5933821896513436,JOHD,JOHD
39,0.596774193548387,0.1428571428571429,0.5481458873798255,0.5229885057471266,0.5652173913043479,1.0,0.6492537313432836,0.9107142857142854,0.5963855421686748,0.4588607594936711,0.46272285251215584,0.524193548387097,0.37728871104644135,0.8551236749116607,0.48471223021582743,0.4084065244667503,0.18312167144612856,0.40909090909090906,0.06543778801843336,0.7058823529411765,0.39766081871345027,0.41543026706231423,0.6923076923076924,0.2647058823529411,0.6727272727272728,0.3578947368421055,0.47058823529411764,0.5958188153310102,0.36723163841807915,0.6363636363636365,0.5058823529411764,0.37209302325581395,0.6147540983606556,0.5422535211267605,0.5151515151515151,0.26086956521739124,0.14035087719298245,0.5,0.7191780821917806,0.7333333333333333,0.1462358427714856,JOHD,JOHD
40,0.403225806451613,0.4126984126984128,0.0,0.38505747126436773,0.7391304347826086,0.0,0.0,0.5089285714285714,0.7590361445783134,0.10443037974683556,0.6790923824959485,0.8225806451612905,0.5486072070284513,0.34982332155477025,0.0,0.0,0.09422367882015559,0.7727272727272728,0.6391705069124423,0.23529411764705888,0.45614035087719285,0.11275964391691362,0.46153846153846156,0.22058823529411753,0.49090909090909096,0.16842105263157903,0.4117647058823529,0.4773519163763065,0.6271186440677967,0.101010101010101,1.0,0.7441860465116279,0.14344262295081966,0.683098591549296,0.5757575757575758,0.6521739130434783,0.26315789473684226,0.2666666666666666,0.9999999999999998,0.4666666666666667,0.626360204308239,JOHD,JOHD
41,1.0,0.09523809523809534,0.2566763314512439,0.2586206896551726,0.6521739130434783,0.4252873563218391,0.24626865671641784,0.9999999999999998,0.6867469879518073,0.12025316455696222,0.6977309562398704,0.620967741935484,0.3218746210743304,0.9187279151943463,0.5809352517985612,0.71267252195734,0.3260958623514951,0.5000000000000001,0.447235023041475,0.7058823529411765,0.42690058479532156,0.0,0.923076923076923,0.34558823529411753,0.4363636363636363,0.9368421052631577,0.823529411764706,0.17073170731707288,0.46892655367231617,0.41414141414141414,0.6470588235294117,0.4418604651162792,0.30327868852458995,0.5,0.48484848484848486,0.3913043478260869,0.6140350877192982,0.43333333333333335,0.45205479452054775,0.0,0.6162558294470353,JOHD,JOHD
42,0.5483870967741935,0.04761904761904767,0.38028383946284094,0.2931034482758621,1.0,0.35632183908045967,0.5671641791044775,0.2857142857142858,0.21084337349397586,0.36392405063291156,0.7115072933549436,0.31451612903225823,0.22933959456331232,0.5441696113074205,0.5791366906474821,0.7289836888331243,0.33142154854567796,0.7727272727272728,0.40898617511520774,0.2941176470588235,0.2807017543859649,0.18397626112759635,0.3076923076923077,0.22058823529411753,0.8727272727272728,0.5789473684210527,0.7058823529411765,0.42160278745644586,0.19774011299435013,0.6060606060606062,0.7411764705882353,0.7441860465116279,0.069672131147541,0.6056338028169015,0.4242424242424243,0.826086956521739,0.2807017543859647,0.6333333333333333,0.5753424657534245,0.4666666666666667,0.5870530757272929,JOHD,JOHD
43,0.25806451612903225,0.8412698412698412,0.28139783305356314,0.4252873563218391,0.4565217391304348,0.2758620689655171,0.3955223880597014,0.4464285714285714,0.3674698795180724,0.3670886075949369,0.5332252836304701,0.435483870967742,0.6373006162020349,0.27561837455830396,0.658273381294964,0.6988707653701378,0.37279803359278985,0.5454545454545455,0.6380184331797234,0.4117647058823529,0.6081871345029239,0.25816023738872396,0.6923076923076924,0.49264705882352944,0.6000000000000001,0.663157894736842,0.9411764705882354,0.2578397212543555,0.6101694915254234,0.39393939393939403,0.48235294117647065,0.4418604651162792,0.5450819672131146,0.78169014084507,0.4242424242424243,0.826086956521739,0.2807017543859647,0.4666666666666668,0.26027397260273966,0.1333333333333333,0.7321785476349101,JOHD,JOHD
44,0.032258064516129004,0.06349206349206349,0.2119639859606286,0.22988505747126453,0.5,0.12643678160919536,0.3656716417910446,0.9553571428571426,0.7771084337349397,0.4082278481012658,0.7917341977309564,0.403225806451613,0.3441912761665402,0.42402826855123676,0.47931654676258983,0.5514429109159347,0.46845555100368674,0.5000000000000001,0.5861751152073738,0.47058823529411764,0.2865497076023391,0.23738872403560807,0.3076923076923077,0.41176470588235303,0.509090909090909,0.48421052631578965,0.6470588235294118,0.2961672473867596,0.5480225988700562,0.3737373737373739,0.7117647058823529,0.4651162790697676,0.20491803278688514,0.6619718309859155,0.3030303030303031,0.17391304347826086,0.10526315789473673,0.30000000000000004,0.8904109589041094,0.4666666666666667,0.6518987341772153,JOHD,JOHD
45,0.6774193548387095,0.1428571428571429,0.17411872424843544,0.2931034482758621,0.5869565217391304,0.5747126436781609,0.58955223880597,0.3214285714285714,0.0,0.3227848101265822,0.41247974068071347,0.435483870967742,0.4523959125632464,0.5441696113074205,0.4802158273381295,1.0,0.23289635395329777,0.40909090909090906,0.4665898617511526,0.9999999999999999,0.5380116959064327,0.26409495548961415,0.038461538461538436,0.4338235294117647,0.4181818181818182,0.33684210526315805,0.7647058823529412,0.3344947735191637,0.29378531073446323,0.7070707070707072,0.6058823529411765,0.9069767441860466,0.3360655737704916,0.3450704225352115,0.21212121212121213,0.9565217391304348,0.5263157894736843,0.40000000000000013,0.17808219178082196,0.4666666666666667,0.6359093937375084,JOHD,JOHD
46,0.33870967741935476,0.2698412698412699,0.3079505569967953,0.00574712643678188,0.5652173913043479,0.11494252873563204,0.22388059701492535,0.794642857142857,0.463855421686747,0.287974683544304,0.5834683954619129,0.7338709677419355,0.3681889833217591,0.5618374558303888,0.42266187050359705,0.4510664993726474,0.3373617369930355,0.5454545454545455,0.3447004608294928,0.5294117647058824,0.33333333333333326,0.33531157270029643,0.3846153846153846,0.11029411764705888,0.7272727272727273,0.5894736842105264,0.7647058823529412,0.2578397212543555,0.36723163841807915,0.8282828282828285,0.8529411764705883,1.0,0.26639344262295084,0.584507042253521,0.6060606060606061,0.34782608695652173,0.1929824561403508,0.3666666666666667,0.4999999999999998,0.6,0.0,JOHD,JOHD
47,0.403225806451613,0.3015873015873016,0.5011445139630704,0.2931034482758621,0.6956521739130435,0.47126436781609193,0.5373134328358209,0.7499999999999998,0.4698795180722892,0.5506329113924053,0.26742301458671003,0.338709677419355,0.2215185687357386,0.7703180212014135,0.5764388489208633,0.34065244667503136,0.4272839000409667,0.5909090909090909,0.2324884792626727,0.2941176470588235,0.2573099415204678,0.2789317507418394,0.3076923076923077,0.3970588235294117,0.6909090909090909,0.2421052631578946,0.6470588235294118,0.6097560975609757,0.4350282485875705,0.48484848484848486,0.7176470588235293,0.5348837209302326,0.389344262295082,0.683098591549296,0.7575757575757576,0.4347826086956521,0.7192982456140349,0.6000000000000001,0.7945205479452053,0.4666666666666667,0.0531867643793027,JOHD,JOHD
48,0.596774193548387,0.5555555555555556,0.14451396307034958,0.3793103448275863,0.4347826086956521,0.31034482758620685,0.3955223880597014,0.8035714285714286,0.5963855421686748,0.4462025316455698,0.6110210696920584,0.467741935483871,0.1473593703495486,0.41696113074204944,0.5395683453237411,0.48368883312421573,0.1583367472347399,0.7272727272727274,0.488248847926267,0.11764705882352944,0.26315789473684204,0.06824925816023697,0.23076923076923073,0.044117647058823595,0.47272727272727266,0.3999999999999999,0.3529411764705882,0.49825783972125404,0.5084745762711864,0.38383838383838387,0.49411764705882355,0.11627906976744196,0.30737704918032804,0.6267605633802815,0.5757575757575758,0.3913043478260869,0.6140350877192982,0.8333333333333335,0.6643835616438356,0.4666666666666667,0.21596713302242954,WT,JOHD
49,0.37096774193548376,0.19047619047619047,0.48802075385319643,0.48275862068965525,0.7608695652173914,0.482758620689655,0.3507462686567162,0.3660714285714286,0.30722891566265065,0.5221518987341773,0.7366288492706645,0.67741935483871,0.6145981458822494,0.2438162544169612,0.5566546762589929,0.4861982434127978,0.31442031954117144,0.18181818181818188,0.6172811059907839,0.5294117647058824,0.5380116959064327,0.49851632047477734,0.5384615384615384,0.24264705882352944,0.8,0.6315789473684212,0.823529411764706,0.4425087108013934,0.5932203389830506,0.5656565656565657,0.6411764705882352,0.39534883720930236,0.31557377049180335,0.15492957746478897,0.7575757575757576,0.4782608695652173,0.2456140350877194,0.7333333333333334,0.5547945205479452,0.5333333333333333,0.7788141239173885,WT,JOHD
50,0.5806451612903225,0.6507936507936509,0.024568899740576633,0.6091954022988508,0.9347826086956521,0.28735632183908044,0.4552238805970148,0.2857142857142858,0.5421686746987953,0.3417721518987342,0.3363047001620747,0.556451612903226,0.2991004993551374,0.2897526501766784,0.6142086330935251,0.8858218318695106,0.16038508807865615,0.40909090909090906,0.4405529953917049,0.8823529411764707,0.432748538011696,0.49258160237388715,0.34615384615384615,0.30147058823529416,0.4545454545454546,0.4631578947368422,0.8823529411764707,0.5505226480836236,0.14124293785310726,0.41414141414141414,0.4117647058823528,0.8139534883720931,0.360655737704918,0.5140845070422535,1.0,0.6086956521739131,0.6140350877192982,0.2666666666666666,0.2534246575342467,0.6,0.7990228736397957,WT,JOHD
51,0.435483870967742,0.17460317460317465,0.5777506485579122,0.2068965517241379,0.8695652173913042,0.8620689655172415,0.4477611940298507,0.7499999999999998,0.35542168674698793,0.278481012658228,0.16207455429497575,0.6370967741935485,0.20123571105746452,0.8763250883392225,0.5458633093525179,0.3149309912170639,0.22019664072101586,0.045454545454545525,0.1447004608294935,0.823529411764706,0.3801169590643274,0.5341246290801185,0.6153846153846153,0.33823529411764697,0.290909090909091,0.13684210526315788,0.05882352941176472,0.6794425087108014,0.28248587570621453,0.8484848484848488,0.5352941176470587,0.34883720930232553,0.3688524590163933,0.845070422535211,0.5757575757575758,0.26086956521739124,0.4210526315789471,0.5333333333333334,0.6849315068493149,0.6,0.06329113924050633,WT,JOHD
52,0.27419354838709675,0.19047619047619047,0.19334655882801766,0.367816091954023,0.7173913043478262,0.4252873563218391,0.3283582089552237,0.9285714285714286,0.48795180722891573,0.22468354430379778,0.5129659643435982,0.5483870967741935,0.41210026786600107,0.3639575971731449,0.3651079136690648,0.49121706398996223,0.2216304793117574,0.40909090909090906,0.41129032258064546,0.5294117647058824,0.23391812865497075,0.4629080118694362,0.6538461538461539,0.13235294117647056,0.6727272727272728,0.2947368421052632,0.3529411764705882,0.43205574912891986,0.4576271186440679,0.8282828282828285,0.42352941176470593,0.2558139534883721,0.23770491803278682,0.5492957746478875,0.7575757575757576,0.7826086956521738,0.38596491228070184,0.8666666666666667,0.3904109589041094,0.4666666666666667,0.42016433488785254,WT,JOHD
53,0.5483870967741935,0.22222222222222232,0.029452159316343707,0.5747126436781609,0.28260869565217384,0.5862068965517242,0.8507462686567162,0.6517857142857142,0.39156626506024095,0.6044303797468356,0.36952998379254476,0.19354838709677424,0.14526494482842267,0.402826855123675,0.7446043165467625,0.6110414052697615,0.4420319541171649,0.36363636363636365,0.7341013824884794,0.47058823529411764,0.39766081871345027,0.33234421364985156,0.576923076923077,0.5441176470588236,0.4181818181818182,0.4631578947368422,0.5294117647058824,0.28919860627177707,0.11299435028248572,0.4343434343434345,0.8705882352941177,0.4883720930232558,0.37704918032786905,0.3028169014084505,0.0,0.4347826086956521,0.38596491228070184,0.43333333333333335,0.4726027397260275,0.1333333333333333,0.7191872085276483,WT,JOHD
54,0.27419354838709675,0.31746031746031744,0.08423622768197792,0.1839080459770117,0.7391304347826086,0.5402298850574712,0.5149253731343282,0.4285714285714286,0.6927710843373496,0.056962025316456,0.7325769854132904,0.774193548387097,0.2880882304309007,0.3180212014134275,0.7356115107913669,0.7597239648682557,0.2859483818107331,0.4545454545454545,0.4131336405529953,0.3529411764705882,0.30409356725146197,0.3768545994065282,0.5000000000000001,0.32352941176470584,0.6000000000000001,0.3684210526315792,0.9411764705882354,0.3867595818815328,0.39548022598870025,0.6767676767676769,0.4529411764705882,0.2558139534883721,0.3442622950819674,0.816901408450704,0.36363636363636365,0.5652173913043479,0.4736842105263157,0.20000000000000007,0.5753424657534245,0.4666666666666667,0.713413280035532,WT,JOHD
55,0.661290322580645,0.4444444444444444,0.32397375247978033,0.3275862068965516,0.5217391304347825,0.6551724137931034,0.33582089552238803,0.6160714285714286,0.6686746987951806,0.38291139240506356,0.5534846029173424,0.6693548387096775,0.23057971493766338,0.8798586572438162,0.4703237410071942,0.3143036386449183,0.0,0.0,0.3792626728110604,0.5294117647058824,0.0,0.07715133531157248,0.46153846153846156,0.11764705882352944,0.36363636363636376,0.3894736842105262,0.3529411764705882,0.2961672473867596,0.25988700564971756,1.0000000000000002,0.3999999999999999,0.2325581395348837,0.680327868852459,1.0,0.4545454545454546,0.08695652173913038,0.07017543859649122,0.8666666666666667,0.45890410958904115,0.4666666666666667,0.29169442593826345,WT,JOHD
