"","baseMean","log2FoldChange","lfcSE","stat","pvalue","padj"
"hsa-let-7a-3p",0,0,0,0,1,NA
"hsa-let-7a-5p",1265.24905136211,-0.0264779563944557,0.263863838358804,-0.100347044745293,0.920068809640851,0.980698280279974
"hsa-let-7a-2-3p",0,0,0,0,1,NA
"hsa-let-7b-3p",3.99489425588873,0.166385724823088,2.60552213403105,0.0638588798190976,0.949082594566072,0.980698280279974
"hsa-let-7b-5p",577.985083921395,0.861873177788502,0.689181616654409,1.25057482231232,0.211089641226788,0.980698280279974
"hsa-let-7c-5p",1273.15905213116,-0.125786502134188,0.479222486812287,-0.262480383528953,0.792951107010703,0.980698280279974
"hsa-let-7d-3p",188.118078557187,0.242527079341776,0.829047428754091,0.292537038208116,0.769876045349217,0.980698280279974
"hsa-let-7d-5p",38.199084376098,0.388736822756314,1.02733525047512,0.378393345868869,0.705138410607463,0.980698280279974
"hsa-let-7e-3p",0,0,0,0,1,NA
"hsa-let-7e-5p",648.932348867848,0.0492327445497339,0.499615618731238,0.0985412439161915,0.921502523396781,0.980698280279974
"hsa-let-7f-1-3p",0,0,0,0,1,NA
"hsa-let-7f-5p",3002.7121308259,-0.0923776677967168,0.22759277400537,-0.405890161497557,0.684823307313151,0.980698280279974
"hsa-let-7f-2-3p",0,0,0,0,1,NA
"hsa-let-7g-3p",0.00405281703636242,0.448067589415218,3.99604512749603,0.112127760102645,0.910722106836251,0.980698280279974
"hsa-let-7g-5p",315.276902190069,0.81510063681724,0.798389226584991,1.0209314074837,0.307286937624409,0.980698280279974
"hsa-let-7i-3p",0,0,0,0,1,NA
"hsa-let-7i-5p",981.900769897939,-0.275414975782413,0.450742138918272,-0.611025577602699,0.541182647433943,0.980698280279974
"hsa-miR-100-3p",0.00196289459995964,0.434946796219457,3.99605065586303,0.108844164820909,0.913326093425336,0.980698280279974
"hsa-miR-100-5p",4259.25893634308,0.251553468665914,0.360758723575941,0.69729005073653,0.485621293217509,0.980698280279974
"hsa-miR-101-3p",420.640116873791,-0.584097042403964,0.683926025076028,-0.854035408784207,0.393085370444349,0.980698280279974
"hsa-miR-101-5p",0.136134245281419,1.27947076738975,3.99552777681127,0.320225722072408,0.748797225622695,0.980698280279974
"hsa-miR-103a-3p",352.06084559721,-0.165899481853277,0.71143238694563,-0.233190792122253,0.815613255603778,0.980698280279974
"hsa-miR-105-5p",0,0,0,0,1,NA
"hsa-miR-106a-5p",0.0350258591562162,0.293032773650601,3.9947640028858,0.0733542140258888,0.941524251303513,0.980698280279974
"hsa-miR-106b-3p",37.2662446016047,-0.600499545253823,1.55455188187813,-0.386284660070868,0.699285860032917,0.980698280279974
"hsa-miR-106b-5p",0.161438649878911,1.39083968368288,3.99542736849545,0.348107863166242,0.727759179268696,0.980698280279974
"hsa-miR-107",109.077364460682,0.413707233212715,0.635735471126713,0.650753736423582,0.515205468842046,0.980698280279974
"hsa-miR-10a-5p",57263.4008749933,0.15899598804852,0.241444393472061,0.65852010793085,0.51020398053736,0.980698280279974
"hsa-miR-10b-3p",0,0,0,0,1,NA
"hsa-miR-10b-5p",161314.797588083,-0.13036583082038,0.241994903926766,-0.538713124553368,0.59008481625604,0.980698280279974
"hsa-miR-1-3p",0,0,0,0,1,NA
"hsa-miR-1180-3p",3.13228232417189,4.62058426495615,3.53571368645398,1.30683213481299,0.191269728802256,0.980698280279974
"hsa-miR-1185-5p",0.0364302909908023,0.720093422311135,3.99591495798218,0.180207394272165,0.856989753675909,0.980698280279974
"hsa-miR-1224-5p",0,0,0,0,1,NA
"hsa-miR-1226-5p",0.0151057785604097,0.448067590344305,3.99604512749561,0.112127760335158,0.910722106651895,0.980698280279974
"hsa-miR-1228-3p",0,NA,NA,NA,NA,NA
"hsa-miR-1236-5p",0.0857079804360268,0.546425388442872,3.99600203871814,0.136743020436035,0.891233923513976,0.980698280279974
"hsa-miR-124-3p",21.3666571304862,0.0289313956739134,1.42293069995105,0.0203322591008183,0.983778322060579,0.990657890746317
"hsa-miR-1246",0.0356671018326456,-0.0667960906756789,3.99382267908852,-0.0167248513624354,0.986656121412162,0.991245219651289
"hsa-miR-1247-5p",0.18823905167887,1.29334220374425,3.99464907345895,0.323768666523777,0.746113179966848,0.980698280279974
"hsa-miR-1249-3p",0.893720072353335,2.98615277647391,3.9939578334813,0.747667577118874,0.454660692554482,0.980698280279974
"hsa-miR-1250-5p",0,0,0,0,1,NA
"hsa-miR-1251-5p",0,NA,NA,NA,NA,NA
"hsa-miR-125a-3p",0.327671254023029,0.940817036343204,3.99577894452316,0.235452723838174,0.813857368340111,0.980698280279974
"hsa-miR-125a-5p",2998.60443796127,0.456883199502456,0.397618078265091,1.14905036887647,0.250535211843866,0.980698280279974
"hsa-miR-125b-1-3p",37.6040350714782,1.20725836119787,1.41699820664094,0.851982984551353,0.394223536110676,0.980698280279974
"hsa-miR-125b-5p",561.863466610918,-0.0843573922559347,0.519206728286018,-0.162473611492693,0.870932907138597,0.980698280279974
"hsa-miR-125b-2-3p",277.984732119532,-0.315007449603678,0.786412470704089,-0.400562632636849,0.688742161828664,0.980698280279974
"hsa-miR-126-3p",4.52387563046632,-1.51372789975321,3.65562213007896,-0.414082157807847,0.678813939141532,0.980698280279974
"hsa-miR-126-5p",179.862572973093,0.729623336387354,1.70206744963032,0.428668873578321,0.668164215643675,0.980698280279974
"hsa-miR-1260a",3.34682045681734,4.71611918979956,2.21932774199134,2.1250215101479,0.033584818088791,0.980698280279974
"hsa-miR-1260b",0.835077905187269,2.90966893685745,3.48270318658352,0.835462794551777,0.403457186691396,0.980698280279974
"hsa-miR-1262",0.267418844558009,1.77217256359356,3.99507030724601,0.443589831292657,0.657339158940547,0.980698280279974
"hsa-miR-1264",0,0,0,0,1,NA
"hsa-miR-1266-5p",0.0133440384393443,0.448067590242469,3.99604512749566,0.112127760309673,0.910722106672102,0.980698280279974
"hsa-miR-1269a",0,0,0,0,1,NA
"hsa-miR-127-3p",373.435746930513,0.344282101902109,0.802463070482013,0.42903170820722,0.66790014952546,0.980698280279974
"hsa-miR-127-5p",1.10546659472454,3.24023449228893,3.99373775236386,0.811328808550601,0.417176870332718,0.980698280279974
"hsa-miR-1270",0,0,0,0,1,NA
"hsa-miR-1271-5p",2.30725138214997,4.20638072421771,2.88745219984539,1.45677934493355,0.145177299248056,0.980698280279974
"hsa-miR-1273h-3p",0.00497359732952334,0.0964160853638607,3.99484902921201,0.0241351011412011,0.980744844808787,0.989910684479897
"hsa-miR-1275",0.0273360052624703,0.65246039593258,3.9959500603066,0.163280417944592,0.870297651204865,0.980698280279974
"hsa-miR-1281",0,0,0,0,1,NA
"hsa-miR-128-1-5p",3.07736252768637,4.40345821207843,3.5500360417657,1.24039817068681,0.214828157295447,0.980698280279974
"hsa-miR-128-3p",30.7853731415983,-0.0114345307033013,1.0798950532662,-0.0105885573498248,0.991551711436592,0.991551711436592
"hsa-miR-128-2-5p",0,NA,NA,NA,NA,NA
"hsa-miR-1286",0,0,0,0,1,NA
"hsa-miR-1287-5p",0,0,0,0,1,NA
"hsa-miR-1290",0.131649134475082,1.11719554057862,3.99565845831041,0.279602361471864,0.779782595147031,0.980698280279974
"hsa-miR-129-1-3p",0.00375907061633509,0.448067589366712,3.99604512749605,0.112127760090506,0.910722106845876,0.980698280279974
"hsa-miR-129-5p",23.3645411802775,-0.411773504157019,1.76411922416269,-0.233415915725571,0.81543845550692,0.980698280279974
"hsa-miR-1292-5p",0,NA,NA,NA,NA,NA
"hsa-miR-129-2-3p",0.94498964473471,2.94635960337488,3.99355021585185,0.737779530523921,0.460648434049087,0.980698280279974
"hsa-miR-1293",0,0,0,0,1,NA
"hsa-miR-1294",0,0,0,0,1,NA
"hsa-miR-1296-5p",1.29194662815728,-1.10083231897921,3.82258733727496,-0.287980946372299,0.773361323715269,0.980698280279974
"hsa-miR-1298-3p",33.5112051122061,-0.123598449430357,1.50992209136641,-0.0818575012161763,0.934760030088968,0.980698280279974
"hsa-miR-1298-5p",317.500659743193,0.150441254344944,0.641682586940608,0.234448086026789,0.814637131420217,0.980698280279974
"hsa-miR-1299",0,0,0,0,1,NA
"hsa-miR-1301-3p",0.372927838209096,-3.3957424320614,3.97948897104459,-0.853311180598658,0.393486761482861,0.980698280279974
"hsa-miR-1304-3p",0.394936753602494,2.12182490332306,3.99474280389907,0.531154321437677,0.595311843770202,0.980698280279974
"hsa-miR-1306-3p",0,0,0,0,1,NA
"hsa-miR-1307-3p",0.0458641110442597,0.7862155451413,3.99587551615473,0.19675676631135,0.844017885170019,0.980698280279974
"hsa-miR-1307-5p",1.31542744652047,3.46053384276409,3.99353934275898,0.866533053953425,0.386197908035536,0.980698280279974
"hsa-miR-130a-3p",161.142617055584,-0.975936185463696,0.873008775446023,-1.11789962817394,0.263609863881821,0.980698280279974
"hsa-miR-130b-3p",8.75757690702252,1.30078132891359,1.78751050606892,0.727705557252504,0.466793847759358,0.980698280279974
"hsa-miR-130b-5p",0.0142732562008507,0.546879973192721,3.99600182590584,0.136856787613892,0.891143995851174,0.980698280279974
"hsa-miR-132-3p",16.4755944670718,0.626463656158844,2.46330471094763,0.25431837700576,0.799249603631298,0.980698280279974
"hsa-miR-132-5p",0.107373489236049,1.14184486413314,3.99564022699226,0.285772692050571,0.7750522248623,0.980698280279974
"hsa-miR-1323",0,0,0,0,1,NA
"hsa-miR-133a-3p",4.97052230166372,0.553316095058669,2.41929168555115,0.228709956043442,0.819094356076195,0.980698280279974
"hsa-miR-133b",0.00346573430245045,0.449381460995173,3.99604454117934,0.112456569581316,0.910461403695406,0.980698280279974
"hsa-miR-134-5p",1.41466392121552,-1.07373194736053,3.97605714049718,-0.270049425704749,0.787122229411402,0.980698280279974
"hsa-miR-135a-5p",0.555099740269484,2.46232986005846,3.99441445805396,0.616443257432552,0.537602010978193,0.980698280279974
"hsa-miR-135b-5p",0.00388396224326841,0.448067589387718,3.99604512749604,0.112127760095763,0.910722106841708,0.980698280279974
"hsa-miR-136-3p",9.20548015399869,0.729796150308901,2.54037363100197,0.28727906060852,0.773898654440285,0.980698280279974
"hsa-miR-136-5p",0.00567666005383886,0.448067589639039,3.99604512749593,0.112127760158658,0.910722106791839,0.980698280279974
"hsa-miR-137",0.245742777440891,1.49209562355986,3.99446339611794,0.373540942948674,0.708745878775643,0.980698280279974
"hsa-miR-138-1-3p",0,0,0,0,1,NA
"hsa-miR-138-5p",2.23395113083224,-1.34832042196068,3.97326677933899,-0.339348072214015,0.734347532384571,0.980698280279974
"hsa-miR-138-2-3p",0,0,0,0,1,NA
"hsa-miR-139-3p",0,0,0,0,1,NA
"hsa-miR-139-5p",7.0052406718292,5.7456880788525,3.99231171207116,1.43918824311234,0.150097195527435,0.980698280279974
"hsa-miR-140-3p",198.073373409624,-0.147971269367639,1.14831165609056,-0.128859851402544,0.897468545674998,0.980698280279974
"hsa-miR-140-5p",0.660948521695813,2.54606412977479,3.99388794552295,0.637490126038428,0.52380563953774,0.980698280279974
"hsa-miR-142-3p",0.00556158132589996,0.448067589625148,3.99604512749594,0.112127760155182,0.910722106794596,0.980698280279974
"hsa-miR-142-5p",128.700566766298,0.264133964641944,0.805074267424574,0.328086457771041,0.742846292941949,0.980698280279974
"hsa-miR-143-3p",43471.0113553832,0.047343146313739,0.218452610728607,0.216720441819555,0.828426216321009,0.980698280279974
"hsa-miR-143-5p",0,0,0,0,1,NA
"hsa-miR-144-3p",0.274461944343709,1.7946453291547,3.99504950269198,0.449217294540509,0.653274912764479,0.980698280279974
"hsa-miR-144-5p",0.0668362354588349,0.921289099544656,3.99579080202019,0.230564898212107,0.817652840047874,0.980698280279974
"hsa-miR-145-3p",69.6955013067068,0.0902469750746339,0.827683474952486,0.109035613015972,0.913174243614417,0.980698280279974
"hsa-miR-145-5p",11.733805974785,1.24221548283014,2.31590874064682,0.536383606585118,0.591693458874895,0.980698280279974
"hsa-miR-1468-5p",7.3084933625065,-1.47998273785672,3.13875137273893,-0.47151958282228,0.637269738648433,0.980698280279974
"hsa-miR-146a-5p",384.354570528602,-0.797298835249245,0.514575678627785,-1.54942969200448,0.121278460701051,0.980698280279974
"hsa-miR-146b-3p",1.91372645283058,-0.378190339396453,3.54919050242086,-0.106556787847396,0.915140601631536,0.980698280279974
"hsa-miR-146b-5p",812.078515664734,-1.21010207083068,0.740402946489222,-1.63438311066783,0.102178432314674,0.980698280279974
"hsa-miR-148a-3p",1131.88666727793,0.215076625357079,0.343801032077253,0.625584583203783,0.531587453420582,0.980698280279974
"hsa-miR-148a-5p",3.190224184468,4.64665730818059,3.55223103697643,1.30809546445935,0.190840931640023,0.980698280279974
"hsa-miR-148b-3p",48.9786003889099,1.52093622640765,1.83197785008922,0.830215401530965,0.406417008894588,0.980698280279974
"hsa-miR-148b-5p",0.00191738373635802,0.434510492726358,3.99605084001729,0.108734976135708,0.913412699373967,0.980698280279974
"hsa-miR-149-5p",5.11147185720051,-1.06326170697605,3.97107101828739,-0.267751874010707,0.788890317414856,0.980698280279974
"hsa-miR-150-3p",0.164620218005185,1.33754714899538,3.99547619008343,0.334765390997724,0.73780206958234,0.980698280279974
"hsa-miR-150-5p",163.529249459436,-0.555695876269784,1.08954220578962,-0.510026939128125,0.610032588809092,0.980698280279974
"hsa-miR-151a-3p",2437.58736332025,-0.574548476995719,0.395617359545099,-1.45228328113904,0.146422854253896,0.980698280279974
"hsa-miR-151a-5p",251.541945821914,-0.0484403519529815,1.1340579490578,-0.0427141769900089,0.965929378280583,0.98415446088965
"hsa-miR-151b",118.463478035789,1.10323105655429,1.15029345382399,0.959086616451444,0.33751511207276,0.980698280279974
"hsa-miR-152-3p",6.35194815889766,1.94111267509198,1.93112994271633,1.00516937371993,0.314815299669959,0.980698280279974
"hsa-miR-152-5p",0.0049579230342292,0.097262094248337,3.9948523099224,0.0243468560794495,0.980575938447296,0.989910684479897
"hsa-miR-153-3p",1.55779550257029,3.68063578794488,3.99335463601724,0.921690188682003,0.356690199707049,0.980698280279974
"hsa-miR-1538",0,0,0,0,1,NA
"hsa-miR-155-5p",0.329313193044145,1.95486329441356,3.99489942987933,0.489339801596109,0.624601147098082,0.980698280279974
"hsa-miR-15a-5p",11.9795761734985,-1.0790496300551,2.58310340224256,-0.417733811630735,0.676141748424891,0.980698280279974
"hsa-miR-15b-3p",0,0,0,0,1,NA
"hsa-miR-15b-5p",0.00141112008196032,0.314463151795307,3.99570168384011,0.0787003577036536,0.937270960957918,0.980698280279974
"hsa-miR-16-5p",198.44711625455,0.0664893017409533,1.28891735197306,0.0515853880306383,0.958859062500114,0.981441792847796
"hsa-miR-16-2-3p",0.0034005181455675,0.224902127124468,3.99536961176999,0.056290693722535,0.955110232414815,0.980698280279974
"hsa-miR-17-3p",0,0,0,0,1,NA
"hsa-miR-17-5p",2.99439112460539,4.36686670887874,3.32330824674342,1.31401193770031,0.188842186952376,0.980698280279974
"hsa-miR-181a-3p",60.068534028357,-0.157765643510549,1.90548955664891,-0.082795333598156,0.934014279638648,0.980698280279974
"hsa-miR-181a-5p",3700.26513699183,-0.427990358392541,0.515524167981507,-0.83020425612305,0.406423309287726,0.980698280279974
"hsa-miR-181a-2-3p",85.6540147810663,-0.152745921893775,1.34664684571737,-0.113426859001334,0.90969214671277,0.980698280279974
"hsa-miR-181b-3p",0,0,0,0,1,NA
"hsa-miR-181b-5p",168.228099052902,-0.494804413492832,1.01686736427273,-0.486596807880365,0.626544086139027,0.980698280279974
"hsa-miR-181b-2-3p",0.00203524442124218,0.435639506776794,3.99605036359736,0.109017521587145,0.913188592948443,0.980698280279974
"hsa-miR-181c-3p",10.5065341789523,-1.13212748949838,3.0746105845228,-0.368218172147513,0.712710561374653,0.980698280279974
"hsa-miR-181c-5p",65.0931541638582,-0.394864906047553,1.69357288987796,-0.233154952117832,0.815641084879904,0.980698280279974
"hsa-miR-181d-5p",27.0617204217328,0.886248514428809,2.14284804111976,0.413584396757174,0.679178502293204,0.980698280279974
"hsa-miR-182-5p",242.592924609179,-0.462022373567401,0.711137621514205,-0.649694742043923,0.515889420936698,0.980698280279974
"hsa-miR-1827",0.00203524442124218,0.435639506776794,3.99605036359736,0.109017521587145,0.913188592948443,0.980698280279974
"hsa-miR-183-5p",2.51380984092551,4.3206071634504,3.30568584361902,1.30702291985504,0.191204927465795,0.980698280279974
"hsa-miR-184",18.7119355927228,2.16425607188627,1.67400496326481,1.29286120374776,0.196059067736469,0.980698280279974
"hsa-miR-185-3p",0.0437915039166127,0.488605570659322,3.9960272770225,0.122272831686822,0.902682947701355,0.980698280279974
"hsa-miR-185-5p",1.31103527840127,3.45449539957842,3.99354452687132,0.86501987803922,0.387027878532583,0.980698280279974
"hsa-miR-186-5p",255.789514566635,-0.647921866807047,0.801664054947453,-0.80822117794656,0.418963268349119,0.980698280279974
"hsa-miR-187-3p",0,0,0,0,1,NA
"hsa-miR-188-5p",0,0,0,0,1,NA
"hsa-miR-18a-5p",0.0251681537503545,0.448067590775398,3.99604512749542,0.112127760443044,0.910722106566354,0.980698280279974
"hsa-miR-18b-3p",0.00523402492373037,0.272449661408721,3.99544573386841,0.0681900542658439,0.945634344089909,0.980698280279974
"hsa-miR-1908-5p",0.00623803213344969,0.278044806539923,3.99544337282208,0.0695904760986597,0.944519617535559,0.980698280279974
"hsa-miR-190a-5p",1.96936516227983,-0.684974518510535,3.97505719146225,-0.172318154310269,0.863187412754084,0.980698280279974
"hsa-miR-190b",0.219806397494155,1.61690689975052,3.99521396450181,0.404710965199117,0.685689981149481,0.980698280279974
"hsa-miR-191-5p",3289.6871396147,-0.770543469494648,0.521719474205373,-1.47693062573188,0.139694234484,0.980698280279974
"hsa-miR-1910-5p",0.0451908711574326,0.546425160440418,3.99600203889586,0.136742963372311,0.891233968620547,0.980698280279974
"hsa-miR-1911-3p",0.0111794728317787,0.448067590114342,3.99604512749571,0.112127760277608,0.910722106697526,0.980698280279974
"hsa-miR-1911-5p",43.7925922092856,0.991150863332779,1.10379713406058,0.897946581621024,0.369214028991951,0.980698280279974
"hsa-miR-1912",0.328504263638476,1.94762206009992,3.99490636748309,0.48752633502321,0.625885384857627,0.980698280279974
"hsa-miR-192-5p",375.685209696768,-0.74729594748851,0.813748430082159,-0.918337805472706,0.358442040640004,0.980698280279974
"hsa-miR-193a-3p",0.220499129681172,1.61953915550019,3.99521147301535,0.405370070255093,0.685205507685085,0.980698280279974
"hsa-miR-193a-5p",0.18724248675428,1.49624768444536,3.99532686289275,0.37449944292218,0.708032770978651,0.980698280279974
"hsa-miR-193b-3p",1.12657938375571,2.52370143924983,3.99095831933889,0.632354747234717,0.527155096898504,0.980698280279974
"hsa-miR-193b-5p",0,0,0,0,1,NA
"hsa-miR-194-5p",0.0254001614752858,-0.653587503832878,3.99195941519888,-0.163725989133163,0.869946857252977,0.980698280279974
"hsa-miR-195-3p",1.06570404955738,-3.45631912138382,3.68894873161577,-0.936938779268407,0.348790050081552,0.980698280279974
"hsa-miR-195-5p",12.4538874289275,23.1489402069308,2.87006774809155,8.06564243033067,7.28517463951736e-16,1.57359772213575e-13
"hsa-miR-196a-5p",4.80313990917133,-0.355231176825203,2.31089716972113,-0.153720027649725,0.87783049269379,0.980698280279974
"hsa-miR-196b-5p",0.566102497512488,2.48403314870219,3.99439382353728,0.621879879260985,0.534020856441737,0.980698280279974
"hsa-miR-197-3p",47.8652762339012,-0.138744154511791,1.5605479671011,-0.0889073309098757,0.929155557403771,0.980698280279974
"hsa-miR-1972",0,NA,NA,NA,NA,NA
"hsa-miR-199a-3p",28.0668231545921,1.11041159921128,0.951585545927144,1.16690675259195,0.243248028649805,0.980698280279974
"hsa-miR-199a-5p",0.675967593817021,2.67487646086643,3.99422080629771,0.669686677473848,0.503057546204429,0.980698280279974
"hsa-miR-199b-3p",28.0668231545921,1.11041159921128,0.951585545927144,1.16690675259195,0.243248028649805,0.980698280279974
"hsa-miR-199b-5p",0.00268435282973922,0.441805922810723,3.9960477679609,0.110560721108739,0.91196469647947,0.980698280279974
"hsa-miR-19a-3p",1.27349866548285,2.258623963996,1.91730356575046,1.17802105224373,0.238788213536915,0.980698280279974
"hsa-miR-19b-3p",9.58403961302553,1.2080241210709,2.19076012223763,0.551417797324627,0.58134730319606,0.980698280279974
"hsa-miR-200b-3p",0,0,0,0,1,NA
"hsa-miR-203a-3p",29.215455842474,1.78529196206904,1.65189572183985,1.08075342678448,0.279806810453869,0.980698280279974
"hsa-miR-203b-3p",0,0,0,0,1,NA
"hsa-miR-204-5p",51325.7579143599,0.022133117396482,0.212543728891094,0.104134417477087,0.917062678128021,0.980698280279974
"hsa-miR-205-5p",0.305425802907108,1.76221164688807,3.99507963188983,0.441095499779681,0.659143861307617,0.980698280279974
"hsa-miR-20a-5p",5.78572354372204,0.664981293601503,3.97299686321544,0.167375237508574,0.867074807924345,0.980698280279974
"hsa-miR-20b-3p",0,0,0,0,1,NA
"hsa-miR-20b-5p",0.00853626440000118,0.379510935543668,3.99567354623638,0.0949804660346033,0.924330342612765,0.980698280279974
"hsa-miR-21-3p",14.7553020546699,2.0720697355986,2.04090663643528,1.01526924289773,0.309977501564672,0.980698280279974
"hsa-miR-21-5p",740.230093862709,-0.946691297323358,0.525624759510134,-1.80107820302386,0.071690554759437,0.980698280279974
"hsa-miR-210-3p",6.41435701764098,2.46416798681954,2.49609796455642,0.987208043037464,0.323540659645774,0.980698280279974
"hsa-miR-210-5p",0.00405281703636242,0.448067589415218,3.99604512749603,0.112127760102645,0.910722106836251,0.980698280279974
"hsa-miR-211-5p",1.74423339273458,1.66704156128705,0.875034274191589,1.90511573141197,0.0567650289274723,0.980698280279974
"hsa-miR-2110",0.00332850381831834,0.333251573956467,3.99569370025651,0.083402682726925,0.933531355438329,0.980698280279974
"hsa-miR-2116-3p",0.234995347379797,1.66702491852237,3.99516729083157,0.417260354115333,0.676487983833891,0.980698280279974
"hsa-miR-212-3p",0.147818210603221,-2.17340522605201,3.98566672442672,-0.545305309330553,0.585543553126609,0.980698280279974
"hsa-miR-212-5p",0,0,0,0,1,NA
"hsa-miR-214-3p",0,0,0,0,1,NA
"hsa-miR-214-5p",0,0,0,0,1,NA
"hsa-miR-215-5p",0.338026641885662,1.65152539153064,1.72859113189074,0.95541702202544,0.339366849268167,0.980698280279974
"hsa-miR-216a-5p",0.0111794728317787,0.448067590114342,3.99604512749571,0.112127760277608,0.910722106697526,0.980698280279974
"hsa-miR-218-5p",1.87904174105993,3.92891542795618,3.99316915833992,0.9839090887874,0.325160214475899,0.980698280279974
"hsa-miR-219a-1-3p",0,0,0,0,1,NA
"hsa-miR-219a-5p",0.471201770739178,2.29340950454445,3.99457694049154,0.574130762458724,0.5658793178263,0.980698280279974
"hsa-miR-219a-2-3p",46.3660285606275,0.254030419184145,2.76326167429544,0.0919313655840849,0.926752570841296,0.980698280279974
"hsa-miR-219b-3p",0,NA,NA,NA,NA,NA
"hsa-miR-22-3p",1666.97028305663,-0.246709295233641,0.394129077018812,-0.625960655072058,0.531340748437448,0.980698280279974
"hsa-miR-22-5p",0.125543357971611,1.12134038494922,3.99522088793696,0.28067043510284,0.778963186954939,0.980698280279974
"hsa-miR-221-3p",145.865552198379,-0.295258902853098,1.10784668524717,-0.266516032213631,0.789841813857206,0.980698280279974
"hsa-miR-221-5p",0.318738753506857,1.81165646813777,3.64579660384683,0.496916494525837,0.61924793931217,0.980698280279974
"hsa-miR-222-3p",303.548610525534,0.0889743420306304,0.85887645240454,0.103593877537956,0.917491646538953,0.980698280279974
"hsa-miR-223-3p",2.20381147353284,4.14047440222752,3.99303113900808,1.03692514735962,0.299770743113933,0.980698280279974
"hsa-miR-223-5p",0.250497145148729,1.71721949109998,3.99512194140577,0.429829055604681,0.667319995363618,0.980698280279974
"hsa-miR-224-5p",0,0,0,0,1,NA
"hsa-miR-2276-3p",0,0,0,0,1,NA
"hsa-miR-2277-5p",0,NA,NA,NA,NA,NA
"hsa-miR-2355-5p",0,0,0,0,1,NA
"hsa-miR-23a-3p",39.0809332368047,-0.143833627207767,1.46436247769678,-0.098222693764999,0.921755462575741,0.980698280279974
"hsa-miR-23b-3p",58.6739388752147,-0.615286863127892,1.97468488110306,-0.311587367187514,0.755354136136824,0.980698280279974
"hsa-miR-23c",0.0828489167778851,-0.215084384795241,2.29874281753259,-0.0935660932379145,0.925453845091299,0.980698280279974
"hsa-miR-24-3p",31.0076885510131,-0.214025878643802,1.20497463757602,-0.177618575503254,0.859022535368268,0.980698280279974
"hsa-miR-2467-5p",0.00833365550798972,0.296580700480817,3.9954332687306,0.0742299221468526,0.940827437091749,0.980698280279974
"hsa-miR-25-3p",562.462238393875,-0.309712349549661,0.514113367184603,-0.602420340178497,0.546894373944016,0.980698280279974
"hsa-miR-25-5p",0,0,0,0,1,NA
"hsa-miR-2682-3p",0,0,0,0,1,NA
"hsa-miR-2682-5p",0,0,0,0,1,NA
"hsa-miR-26a-5p",1330.19409578603,-0.48386249456674,0.645725338183385,-0.749331745178202,0.453657278680711,0.980698280279974
"hsa-miR-26a-2-3p",0,0,0,0,1,NA
"hsa-miR-26b-3p",0.372627475513717,2.06661640589971,3.99479406851571,0.517327394217238,0.604927634077924,0.980698280279974
"hsa-miR-26b-5p",112.168999437818,0.296760096638903,1.11407724219411,0.266372999464965,0.789951957562203,0.980698280279974
"hsa-miR-27a-3p",64.7629281132815,0.32925985161857,0.852474998231,0.386239892433008,0.699319011762292,0.980698280279974
"hsa-miR-27b-3p",2329.76369306155,0.0124489215346075,0.406052053572592,0.0306584375699555,0.975541937582295,0.989281964872187
"hsa-miR-27b-5p",1.43184367258889,3.57034753155624,3.75995639469436,0.949571526040653,0.342330012306531,0.980698280279974
"hsa-miR-28-3p",2244.85304426325,-0.175578976492047,0.260510313217427,-0.673980904339496,0.500323454074078,0.980698280279974
"hsa-miR-28-5p",1.60916639544713,3.74173144752763,1.84429602637698,2.0288128337391,0.0424773576236359,0.980698280279974
"hsa-miR-296-3p",0,0,0,0,1,NA
"hsa-miR-296-5p",0,0,0,0,1,NA
"hsa-miR-299-3p",0.00405281703636242,0.448067589415218,3.99604512749603,0.112127760102645,0.910722106836251,0.980698280279974
"hsa-miR-299-5p",0,0,0,0,1,NA
"hsa-miR-29a-3p",46.9803218732398,0.955392613943446,1.75503847383517,0.544371321875179,0.586185976299135,0.980698280279974
"hsa-miR-29b-3p",2.11294221955559,1.27517529924797,3.9823359283751,0.320207868492973,0.748810758786702,0.980698280279974
"hsa-miR-29b-2-5p",0,NA,NA,NA,NA,NA
"hsa-miR-29c-3p",3.80450558451318,3.59304939419688,2.60140734096841,1.38119445486738,0.167219179295235,0.980698280279974
"hsa-miR-29c-5p",0.98891113925897,3.10266509237601,3.99386418222186,0.776857937780434,0.437242589728789,0.980698280279974
"hsa-miR-301a-3p",0.197292959132353,1.53392996920579,3.99529081691279,0.383934496761135,0.701026997431295,0.980698280279974
"hsa-miR-301b-3p",0,0,0,0,1,NA
"hsa-miR-302a-5p",0,0,0,0,1,NA
"hsa-miR-3065-3p",0,0,0,0,1,NA
"hsa-miR-3065-5p",0.0167410541576786,0.480769892283234,3.99603068903115,0.120311861869058,0.904236107955113,0.980698280279974
"hsa-miR-30a-3p",212.487404073053,-0.683600873823303,0.791410348586968,-0.863775505392171,0.387711226179716,0.980698280279974
"hsa-miR-30a-5p",5104.89483510592,-0.0769708541689201,0.440026939028627,-0.174923049799714,0.861140098382541,0.980698280279974
"hsa-miR-30b-5p",24.7156031677136,-0.955064937609062,3.22697038603755,-0.295963341263197,0.767258077290219,0.980698280279974
"hsa-miR-30c-1-3p",0,0,0,0,1,NA
"hsa-miR-30c-5p",140.301683872,-0.87217310499421,1.58645150990933,-0.549763481295471,0.582481609399829,0.980698280279974
"hsa-miR-30c-2-3p",25.5212133627146,-0.294815809694318,1.68376852310234,-0.175092838266819,0.861006685579052,0.980698280279974
"hsa-miR-30d-3p",1.0646041037087,2.18803064345978,1.37153752097957,1.59531227545059,0.110642421911286,0.980698280279974
"hsa-miR-30d-5p",837.992239254088,-0.428610543327678,0.685530864574777,-0.625224283072269,0.531823866514857,0.980698280279974
"hsa-miR-30e-3p",142.610075130556,-0.915530007305315,1.20975649577946,-0.756788668214944,0.449176482836361,0.980698280279974
"hsa-miR-30e-5p",354.204414563119,-0.666874064902835,0.759897360944918,-0.877584393862863,0.380169301478814,0.980698280279974
"hsa-miR-31-5p",1.18744145957326,3.33004945169831,3.993655555907,0.833834917679079,0.40437401586817,0.980698280279974
"hsa-miR-3117-3p",0,0,0,0,1,NA
"hsa-miR-3127-5p",0.00275506340661577,0.442472458829602,3.99604748804799,0.11072752767654,0.911832416272925,0.980698280279974
"hsa-miR-3135b",0.00812295666258884,0.455034428577324,3.99604202451641,0.113871282080021,0.909339831039678,0.980698280279974
"hsa-miR-3146",0.00563437128162868,0.448067589633959,3.99604512749593,0.112127760157387,0.910722106792847,0.980698280279974
"hsa-miR-3151-3p",0.00356257215902043,0.448067589332475,3.99604512749607,0.112127760081938,0.91072210685267,0.980698280279974
"hsa-miR-3157-5p",0.220499129681172,1.61953915550019,3.99521147301535,0.405370070255093,0.685205507685085,0.980698280279974
"hsa-miR-3158-3p",0,0,0,0,1,NA
"hsa-miR-3168",0.0129873131676136,0.513474083605034,3.99601656810067,0.128496485150734,0.897756079610619,0.980698280279974
"hsa-miR-3171",0.00148048547180453,0.430299782862737,3.99605262008437,0.107681210377468,0.914248574782857,0.980698280279974
"hsa-miR-3173-5p",0,0,0,0,1,NA
"hsa-miR-3180-5p",0,NA,NA,NA,NA,NA
"hsa-miR-3192-5p",0.0121549639874744,0.448067590174746,3.99604512749569,0.112127760292724,0.91072210668554,0.980698280279974
"hsa-miR-3195",0.00274864028174145,0.442571962785877,3.99604744627204,0.110752429428424,0.9118126690053,0.980698280279974
"hsa-miR-32-5p",0.00823111272618864,0.300930988935645,3.99543323351741,0.0753187380059704,0.939961113055025,0.980698280279974
"hsa-miR-3200-3p",1.20939538428675,0.752707759363029,3.98398286913352,0.188933482921009,0.850144950573492,0.980698280279974
"hsa-miR-320a",158.755914793406,-0.78926503726292,0.806463785558334,-0.978673874012201,0.327741144967451,0.980698280279974
"hsa-miR-320b",72.5144709946699,-0.609818204398322,0.848966828511795,-0.718306279960678,0.472568458868921,0.980698280279974
"hsa-miR-320c",1.06258853235003,3.19596892271201,2.49702221078688,1.27991209245387,0.200576054280488,0.980698280279974
"hsa-miR-320d",0.493817529115989,2.34055573547614,3.9945302648944,0.585940168246045,0.557915722790876,0.980698280279974
"hsa-miR-320e",0.0364661946318618,0.665146427094443,3.99594368142296,0.166455405812322,0.867798574524715,0.980698280279974
"hsa-miR-323a-3p",1.61472300819889,3.72960462241435,3.7686344886444,0.989643499164575,0.322348400499787,0.980698280279974
"hsa-miR-323a-5p",0.00191738373635802,0.434510492726358,3.99605084001729,0.108734976135708,0.913412699373967,0.980698280279974
"hsa-miR-323b-3p",1.37759789948934,-1.43550197190291,3.53097906518606,-0.406545024878891,0.684342181451894,0.980698280279974
"hsa-miR-324-3p",0,0,0,0,1,NA
"hsa-miR-324-5p",0.0452810510967726,0.647387483545403,3.99595257037976,0.162010802716779,0.871297346920197,0.980698280279974
"hsa-miR-326",0.379666132249844,2.08183811314929,3.99477984558814,0.521139635629354,0.60226950160903,0.980698280279974
"hsa-miR-328-3p",6.14034477886034,0.545851417941909,2.8237155249784,0.1933096351645,0.846716480878818,0.980698280279974
"hsa-miR-329-3p",0.0834450212709292,1.0157225666286,3.99573175593441,0.254201890584888,0.799339590094143,0.980698280279974
"hsa-miR-329-5p",0,0,0,0,1,NA
"hsa-miR-330-3p",2.26788518956349,4.18001234496931,3.99300535647321,1.04683364328398,0.295176310710955,0.980698280279974
"hsa-miR-330-5p",2.01805200551897,-2.1338682389908,3.97331859286458,-0.537049367957272,0.591233513539364,0.980698280279974
"hsa-miR-331-3p",1.9008694489022,3.94440574465875,3.78087804969475,1.04325124820601,0.296831943743699,0.980698280279974
"hsa-miR-331-5p",0,0,0,0,1,NA
"hsa-miR-335-3p",0.849728642832733,2.81631377706662,3.99409932483773,0.705118613238553,0.480736424080607,0.980698280279974
"hsa-miR-335-5p",23.5872174271099,1.11286459893278,1.93529748209229,0.575035419221254,0.565267342867788,0.980698280279974
"hsa-miR-338-3p",68.1814873948763,-0.747079730024492,1.5424706745147,-0.48433966516708,0.628144830117971,0.980698280279974
"hsa-miR-338-5p",61.0502635264535,-0.124644077068074,1.61745668624501,-0.0770617711918088,0.938574404698572,0.980698280279974
"hsa-miR-339-3p",0.338664075828533,1.9772027341118,3.99487814579141,0.494934429025021,0.620646406785739,0.980698280279974
"hsa-miR-339-5p",0.296210487428835,-0.331025983442579,3.98728733545417,-0.0830203483203133,0.933835359845564,0.980698280279974
"hsa-miR-33a-3p",0.00203524442124218,0.435639506776794,3.99605036359736,0.109017521587145,0.913188592948443,0.980698280279974
"hsa-miR-33a-5p",0.812256729091814,2.87589529692374,3.99405015584389,0.720044862910867,0.471497373797306,0.980698280279974
"hsa-miR-33b-3p",0,0,0,0,1,NA
"hsa-miR-33b-5p",0.736619884600425,2.66419220870354,3.99378469085993,0.667084586407661,0.504718105038572,0.980698280279974
"hsa-miR-340-3p",0.343544626654371,-3.11744039795976,3.77068299027707,-0.82675748823178,0.40837452996125,0.980698280279974
"hsa-miR-340-5p",114.676772545938,0.346652708976972,1.32675787167693,0.261278049580235,0.793878092705086,0.980698280279974
"hsa-miR-342-3p",105.032464666251,0.566477336105584,1.54743049917642,0.366076109012377,0.714308284256944,0.980698280279974
"hsa-miR-342-5p",4.10252208233987,0.51605713172058,2.23596748255772,0.230798138052645,0.817471627806881,0.980698280279974
"hsa-miR-345-5p",4.44769942160152,-1.14475259971538,2.630210980545,-0.435232233529107,0.663393867890642,0.980698280279974
"hsa-miR-346",0,0,0,0,1,NA
"hsa-miR-34a-5p",6.21751854831694,1.06045931094178,2.96506302258687,0.357651524727654,0.720604114186818,0.980698280279974
"hsa-miR-34b-3p",1.23993845020933,3.25342309228349,3.50244934712135,0.928899398632978,0.352941224679058,0.980698280279974
"hsa-miR-34b-5p",0.616935387966088,2.38466007024536,3.2594583586254,0.731612374778436,0.464405192971481,0.980698280279974
"hsa-miR-34c-3p",0,0,0,0,1,NA
"hsa-miR-34c-5p",106.780170221669,0.443066453680056,1.09814550579781,0.403467893226195,0.686604049593329,0.980698280279974
"hsa-miR-3605-3p",31.6204039178051,1.42041612474454,1.48264349792991,0.958029443172107,0.338047911904164,0.980698280279974
"hsa-miR-3605-5p",0.0942889287891979,-1.77036830057577,3.98725123576496,-0.444007210956728,0.657037370467732,0.980698280279974
"hsa-miR-3609",0,0,0,0,1,NA
"hsa-miR-361-3p",12.611526940427,5.13115428780577,2.63583287287329,1.94669181821545,0.0515716931083879,0.980698280279974
"hsa-miR-361-5p",13.1606229198093,-2.32014396780403,2.38599258375776,-0.972402003090043,0.330850595821049,0.980698280279974
"hsa-miR-3613-3p",0.0364302909908023,0.720093422311135,3.99591495798218,0.180207394272165,0.856989753675909,0.980698280279974
"hsa-miR-3613-5p",0.291620511735387,-0.260991918379213,3.98757395152701,-0.0654513048665263,0.947814676239104,0.980698280279974
"hsa-miR-3615",1.92650769132357,-1.83406059662912,3.52363624169404,-0.520502251318477,0.602713559169563,0.980698280279974
"hsa-miR-362-5p",0.420383514764411,2.17853405351239,3.99469076307428,0.545357371251388,0.585507753075989,0.980698280279974
"hsa-miR-3620-3p",0,0,0,0,1,NA
"hsa-miR-3620-5p",0,NA,NA,NA,NA,NA
"hsa-miR-3622a-5p",0,0,0,0,1,NA
"hsa-miR-363-3p",6.46232296025259,2.47063657649552,2.08331446528191,1.1859162971641,0.235655356517259,0.980698280279974
"hsa-miR-3656",0,NA,NA,NA,NA,NA
"hsa-miR-365a-3p",1.08673588274677,-3.4547686253158,3.97476022464144,-0.869176611937001,0.384750537768664,0.980698280279974
"hsa-miR-365b-3p",1.08673588274677,-3.4547686253158,3.97476022464144,-0.869176611937001,0.384750537768664,0.980698280279974
"hsa-miR-3668",0.00563437128162868,0.448067589633959,3.99604512749593,0.112127760157387,0.910722106792847,0.980698280279974
"hsa-miR-3679-5p",0,0,0,0,1,NA
"hsa-miR-3681-5p",0,NA,NA,NA,NA,NA
"hsa-miR-3688-3p",0,NA,NA,NA,NA,NA
"hsa-miR-369-3p",0,0,0,0,1,NA
"hsa-miR-369-5p",0.181834184836641,1.47371954412384,3.99534840015555,0.368858831952292,0.71223295022399,0.980698280279974
"hsa-miR-3691-5p",0,0,0,0,1,NA
"hsa-miR-370-3p",0.185480855076084,-2.46659490248777,3.98437765449062,-0.61906654348083,0.5358725225469,0.980698280279974
"hsa-miR-370-5p",0,0,0,0,1,NA
"hsa-miR-374a-3p",15.4450306445891,-1.15553798172931,2.85575825846542,-0.404634383286441,0.685746280870644,0.980698280279974
"hsa-miR-374a-5p",0.445673325185406,2.23663727403787,3.99463343956692,0.559910516916002,0.575540474885165,0.980698280279974
"hsa-miR-374b-3p",0.211665419809186,1.5879564827257,3.99524082627057,0.397462018380505,0.691026789649217,0.980698280279974
"hsa-miR-374b-5p",3.78585477425235,4.71114268192304,3.84418684573429,1.22552385484352,0.220377907784489,0.980698280279974
"hsa-miR-374c-5p",0.00810563407272484,0.480769889824979,3.99603068903222,0.120311861253852,0.904236108442437,0.980698280279974
"hsa-miR-375",152.118004441895,-0.467345325883244,0.821291288521035,-0.569037237354398,0.569330869639314,0.980698280279974
"hsa-miR-376a-5p",0,0,0,0,1,NA
"hsa-miR-376c-3p",0,0,0,0,1,NA
"hsa-miR-377-5p",0.0665298708583926,0.919248461857598,3.99579204999874,0.230054129533064,0.818049708236027,0.980698280279974
"hsa-miR-378a-3p",365.694781036397,-0.251649713539821,0.780318604683929,-0.322496108678265,0.747076885247615,0.980698280279974
"hsa-miR-378b",0.00212788254133721,0.436655024537822,3.99604993538354,0.109271663667514,0.912987021106043,0.980698280279974
"hsa-miR-378c",0.221793818461063,1.42677475830013,2.38933654954231,0.597142649734059,0.550412145011684,0.980698280279974
"hsa-miR-378d",0.0839404598049214,0.970284111569252,3.99576129452166,0.242828347353869,0.808138374684415,0.980698280279974
"hsa-miR-378f",0.130087446245196,0.806704940404487,1.8937885327483,0.425974139379638,0.670126690065274,0.980698280279974
"hsa-miR-378g",0.0324862056986493,0.66909161767838,3.99594164197181,0.167442790117479,0.867021658756725,0.980698280279974
"hsa-miR-378h",0.00081680269823351,0.423824852478709,3.99605536733236,0.106060805849555,0.9155341080931,0.980698280279974
"hsa-miR-378i",0.123855036566156,0.979590084555197,3.99476308339185,0.245218568437218,0.806287199699175,0.980698280279974
"hsa-miR-379-3p",0.00388396224326841,0.448067589387718,3.99604512749604,0.112127760095763,0.910722106841708,0.980698280279974
"hsa-miR-379-5p",0.00356257215902043,0.448067589332475,3.99604512749607,0.112127760081938,0.91072210685267,0.980698280279974
"hsa-miR-380-3p",0,NA,NA,NA,NA,NA
"hsa-miR-381-3p",15.0455819863812,-0.340662140309671,2.76307875022307,-0.123290782169046,0.901876839907785,0.980698280279974
"hsa-miR-382-5p",0.125625254397417,1.2299837690057,3.99557162487089,0.307836746399322,0.75820655885061,0.980698280279974
"hsa-miR-383-5p",0.0182641843728138,0.569434075954978,3.99599103514712,0.142501339704336,0.886684021239742,0.980698280279974
"hsa-miR-3909",0,0,0,0,1,NA
"hsa-miR-3912-3p",0,0,0,0,1,NA
"hsa-miR-3913-5p",0,NA,NA,NA,NA,NA
"hsa-miR-3936",0,0,0,0,1,NA
"hsa-miR-3938",0,NA,NA,NA,NA,NA
"hsa-miR-3940-3p",0.00490081618940106,0.463209218825882,3.9960384026259,0.115917108935063,0.907718236133281,0.980698280279974
"hsa-miR-3943",0,0,0,0,1,NA
"hsa-miR-3960",0.0524463796809109,0.720359188947991,3.99549666733741,0.180292776824674,0.856922726015432,0.980698280279974
"hsa-miR-409-3p",123.63480193898,0.169164362478567,1.27705153942648,0.132464788817011,0.894616672011677,0.980698280279974
"hsa-miR-409-5p",0,0,0,0,1,NA
"hsa-miR-410-3p",74.5049000938354,0.879570293132069,1.39833305460474,0.62901344585657,0.529340253544843,0.980698280279974
"hsa-miR-411-3p",0,0,0,0,1,NA
"hsa-miR-411-5p",40.2877008771419,0.363019766516797,2.26363908738925,0.160369985011826,0.872589632069381,0.980698280279974
"hsa-miR-421",12.204189885658,-1.57972802658597,2.92752203074733,-0.539612686085474,0.589464165979042,0.980698280279974
"hsa-miR-422a",0.460706902821619,0.488659064319035,0.860972223594681,0.567566584527911,0.570329302326046,0.980698280279974
"hsa-miR-423-3p",96.0076908300764,0.971257122286407,1.03683285858881,0.936753801966057,0.348885214040593,0.980698280279974
"hsa-miR-423-5p",2347.3959219749,-0.162120889175999,0.236271390665794,-0.686163858938466,0.492609785366956,0.980698280279974
"hsa-miR-424-3p",2.85676065416632,4.49631421070362,2.64605465114934,1.6992522088501,0.089271673082771,0.980698280279974
"hsa-miR-424-5p",0,0,0,0,1,NA
"hsa-miR-425-3p",0.652835815755966,-1.49278323518586,3.97977057109817,-0.375092787013083,0.707591461208265,0.980698280279974
"hsa-miR-425-5p",1.8984541491153,1.21441548456918,3.12757839267005,0.388292580424314,0.697799527344171,0.980698280279974
"hsa-miR-429",0,NA,NA,NA,NA,NA
"hsa-miR-431-3p",1.5981501791992,3.54219801906592,3.99272495842454,0.887163041769751,0.374991127103794,0.980698280279974
"hsa-miR-431-5p",0.00280305811786987,0.442924293789635,3.99604729837146,0.110840603405806,0.911742746847526,0.980698280279974
"hsa-miR-4315",0,NA,NA,NA,NA,NA
"hsa-miR-432-3p",0,NA,NA,NA,NA,NA
"hsa-miR-432-5p",9.70453842830619,0.892056689055442,2.55697772757587,0.348871513206785,0.727185772294229,0.980698280279974
"hsa-miR-433-3p",3.95396728006683,0.220604055165864,3.97364951485031,0.0555167370301338,0.955726796291363,0.980698280279974
"hsa-miR-433-5p",0,0,0,0,1,NA
"hsa-miR-4422",0,NA,NA,NA,NA,NA
"hsa-miR-4426",0.00153203862951549,0.430798750462892,3.99605240888014,0.107806081197924,0.914149518909657,0.980698280279974
"hsa-miR-4429",0.00196289459995964,0.434946796219457,3.99605065586303,0.108844164820909,0.913326093425336,0.980698280279974
"hsa-miR-4446-3p",0,0,0,0,1,NA
"hsa-miR-4448",2.19540917367293,1.89998476826109,2.78745238734358,0.681620528080753,0.495478931111617,0.980698280279974
"hsa-miR-4449",0,0,0,0,1,NA
"hsa-miR-4451",0,0,0,0,1,NA
"hsa-miR-4454",0.00561052903807253,0.469432913878033,3.99603565803912,0.117474655896436,0.906483926631127,0.980698280279974
"hsa-miR-4461",0.00405281703636242,0.448067589415218,3.99604512749603,0.112127760102645,0.910722106836251,0.980698280279974
"hsa-miR-448",32.134596495127,-0.846575253467502,1.3946808805593,-0.607002838619258,0.543849028321549,0.980698280279974
"hsa-miR-4485-3p",0,0,0,0,1,NA
"hsa-miR-4488",0,0,0,0,1,NA
"hsa-miR-4492",0.186958255915775,1.47826545635739,3.99534406399543,0.369997034718231,0.711384699821598,0.980698280279974
"hsa-miR-449a",0.0850675772270907,0.8652087711098,3.99582573710883,0.216528154137127,0.828576081817123,0.980698280279974
"hsa-miR-449b-5p",0,NA,NA,NA,NA,NA
"hsa-miR-449c-5p",0.0176949289828125,0.224902097424955,3.99536961164431,0.0562906862908224,0.955110238335076,0.980698280279974
"hsa-miR-4507",0,0,0,0,1,NA
"hsa-miR-4508",0.0112687425632574,0.480769890102104,3.9960306890321,0.120311861323206,0.9042361083875,0.980698280279974
"hsa-miR-450b-5p",0.527477952307242,2.40839577999575,3.99446518635546,0.602933225760109,0.546553111514096,0.980698280279974
"hsa-miR-4510",0.285172723565299,0.20354371606489,0.895997860795767,0.227169868334413,0.820291656793206,0.980698280279974
"hsa-miR-4516",0.00280305811786987,0.442924293789635,3.99604729837146,0.110840603405806,0.911742746847526,0.980698280279974
"hsa-miR-451a",112.040657245026,-0.0473235155223616,1.19488888985725,-0.039604950656136,0.968408080484634,0.984358331222028
"hsa-miR-452-5p",0,NA,NA,NA,NA,NA
"hsa-miR-4529-3p",0,0,0,0,1,NA
"hsa-miR-454-3p",1.17585791405315,-0.668634376492038,3.97850489258814,-0.168061720305456,0.866534723726188,0.980698280279974
"hsa-miR-454-5p",0,0,0,0,1,NA
"hsa-miR-455-5p",0,0,0,0,1,NA
"hsa-miR-4639-5p",0.00375907061633509,0.448067589366712,3.99604512749605,0.112127760090506,0.910722106845876,0.980698280279974
"hsa-miR-4645-3p",0,0,0,0,1,NA
"hsa-miR-4649-3p",0,0,0,0,1,NA
"hsa-miR-4662a-5p",0.0217542132444783,0.491165706679398,3.99602616616847,0.122913536161938,0.902175566600475,0.980698280279974
"hsa-miR-4677-3p",0.47413616488986,-1.01766733115726,3.98345364755935,-0.255473621936277,0.798357314452415,0.980698280279974
"hsa-miR-4687-5p",0,0,0,0,1,NA
"hsa-miR-4688",0.00870695006235498,0.497977482858145,3.99602322029854,0.124618265561766,0.900825767296906,0.980698280279974
"hsa-miR-4707-3p",0,0,0,0,1,NA
"hsa-miR-4718",0.190985444243842,1.30525858506212,3.99464995348901,0.326751680437502,0.743855708435684,0.980698280279974
"hsa-miR-4728-3p",0,0,0,0,1,NA
"hsa-miR-4732-3p",8.13319659484884,5.95714870151521,2.58850933074503,2.3013819694444,0.0213700501654878,0.980698280279974
"hsa-miR-4770",0.0267185363238632,0.568948939267223,3.99599127529279,0.142379925297894,0.886779918126759,0.980698280279974
"hsa-miR-4775",0,0,0,0,1,NA
"hsa-miR-4780",0,NA,NA,NA,NA,NA
"hsa-miR-4787-3p",0,0,0,0,1,NA
"hsa-miR-4791",0.00536870565947844,0.46720855043847,3.99603663749419,0.11691798469882,0.906925046170042,0.980698280279974
"hsa-miR-4792",0.0209297142943262,0.238451581365483,3.99536384868125,0.0596820691172317,0.9524088530463,0.980698280279974
"hsa-miR-4800-3p",0,0,0,0,1,NA
"hsa-miR-483-3p",0.0584482275808224,0.870498443901194,3.9958223976633,0.217852135873269,0.827544321425767,0.980698280279974
"hsa-miR-483-5p",0.197152141535033,1.53491593280717,3.99528989856711,0.384181366503007,0.700844027974812,0.980698280279974
"hsa-miR-484",8.8106827425618,1.64679176445553,2.34914561507656,0.701017320461788,0.483292206085673,0.980698280279974
"hsa-miR-485-3p",1.12893811351447,0.260102660306779,3.98264986920712,0.0653089447600777,0.947928020662147,0.980698280279974
"hsa-miR-485-5p",3.2119901520862,4.46947213470019,2.32476180186813,1.92255057318501,0.0545365164570264,0.980698280279974
"hsa-miR-486-3p",1.33792178373648,0.937096840914316,3.06525616195315,0.30571566988294,0.759821141347099,0.980698280279974
"hsa-miR-486-5p",90746.8585027142,-0.473996281106137,0.449616484833096,-1.05422353738229,0.291780586252711,0.980698280279974
"hsa-miR-487a-3p",0,0,0,0,1,NA
"hsa-miR-487a-5p",0.00810563407272484,0.480769889824979,3.99603068903222,0.120311861253852,0.904236108442437,0.980698280279974
"hsa-miR-487b-3p",1.35064774270732,0.71591904361386,3.98320070964357,0.179734614397054,0.857360917580723,0.980698280279974
"hsa-miR-488-3p",0.17997948927343,1.46579409965727,3.99535599228907,0.366874466877598,0.713712657927983,0.980698280279974
"hsa-miR-489-3p",0,0,0,0,1,NA
"hsa-miR-491-3p",0,0,0,0,1,NA
"hsa-miR-491-5p",0.00375907061633509,0.448067589366712,3.99604512749605,0.112127760090506,0.910722106845876,0.980698280279974
"hsa-miR-493-5p",0.00664408310410734,0.224902119644522,3.99536961173833,0.0562906918508272,0.955110233905857,0.980698280279974
"hsa-miR-494-5p",0,NA,NA,NA,NA,NA
"hsa-miR-495-3p",0.00141112008196032,0.314463151795307,3.99570168384011,0.0787003577036536,0.937270960957918,0.980698280279974
"hsa-miR-496",0,0,0,0,1,NA
"hsa-miR-497-5p",6.50339812540644,5.63503965716223,3.41192748384225,1.65157075695421,0.0986220854781505,0.980698280279974
"hsa-miR-499a-5p",0,0,0,0,1,NA
"hsa-miR-5004-5p",0.00356257215902043,0.448067589332475,3.99604512749607,0.112127760081938,0.91072210685267,0.980698280279974
"hsa-miR-500a-3p",14.4631227082991,0.847219617854795,1.13863740190134,0.744064454970545,0.456837482051337,0.980698280279974
"hsa-miR-501-3p",236.970062469207,0.671644720647309,0.906513229487384,0.74091000417844,0.458748009249042,0.980698280279974
"hsa-miR-501-5p",0.0690258145088885,0.93432687084912,3.99578286953972,0.233828238759317,0.815118325844818,0.980698280279974
"hsa-miR-5010-3p",0,0,0,0,1,NA
"hsa-miR-5010-5p",0.00601725315705722,0.327949266816777,3.99558663113137,0.0820778766906418,0.934584785598369,0.980698280279974
"hsa-miR-502-3p",0.343237913011053,1.75995196618217,3.99421386010191,0.440625371556161,0.659484231951039,0.980698280279974
"hsa-miR-504-5p",0.00196289459995964,0.434946796219457,3.99605065586303,0.108844164820909,0.913326093425336,0.980698280279974
"hsa-miR-505-3p",0,0,0,0,1,NA
"hsa-miR-508-3p",0,0,0,0,1,NA
"hsa-miR-5096",0,0,0,0,1,NA
"hsa-miR-512-3p",0,0,0,0,1,NA
"hsa-miR-516a-5p",0,NA,NA,NA,NA,NA
"hsa-miR-5188",0,0,0,0,1,NA
"hsa-miR-5191",0,0,0,0,1,NA
"hsa-miR-5196-3p",0,0,0,0,1,NA
"hsa-miR-532-3p",0,0,0,0,1,NA
"hsa-miR-532-5p",56.8612959406922,-1.06015331854382,1.28275116599329,-0.826468411527727,0.408538429918782,0.980698280279974
"hsa-miR-539-3p",0.699467884099048,2.5161592674221,3.99350320885167,0.630063164052301,0.528653258964684,0.980698280279974
"hsa-miR-539-5p",0.00375907061633509,0.448067589366712,3.99604512749605,0.112127760090506,0.910722106845876,0.980698280279974
"hsa-miR-541-3p",0,0,0,0,1,NA
"hsa-miR-542-3p",0.122712559126913,1.21604780853914,3.99558372728156,0.304347973047357,0.760862800263084,0.980698280279974
"hsa-miR-543",0,0,0,0,1,NA
"hsa-miR-548ab",0.00405281703636242,0.448067589415218,3.99604512749603,0.112127760102645,0.910722106836251,0.980698280279974
"hsa-miR-548ad-5p",0,0,0,0,1,NA
"hsa-miR-548ae-5p",0,0,0,0,1,NA
"hsa-miR-548ah-3p",0,0,0,0,1,NA
"hsa-miR-548av-3p",0,0,0,0,1,NA
"hsa-miR-548aj-5p",0,NA,NA,NA,NA,NA
"hsa-miR-548ar-5p",0,NA,NA,NA,NA,NA
"hsa-miR-548g-5p",0,NA,NA,NA,NA,NA
"hsa-miR-548x-5p",0,NA,NA,NA,NA,NA
"hsa-miR-548am-5p",0.0824415731983048,1.01026028999743,3.99573549582815,0.252834626078784,0.800396009059078,0.980698280279974
"hsa-miR-548au-5p",0.0706642055985469,0.943813462827933,3.9957771419312,0.236202728356311,0.81327536249099,0.980698280279974
"hsa-miR-548c-5p",0.0824415731983048,1.01026028999743,3.99573549582815,0.252834626078784,0.800396009059078,0.980698280279974
"hsa-miR-548o-5p",0.0824415731983048,1.01026028999743,3.99573549582815,0.252834626078784,0.800396009059078,0.980698280279974
"hsa-miR-548as-5p",0.00810563407272484,0.480769889824979,3.99603068903222,0.120311861253852,0.904236108442437,0.980698280279974
"hsa-miR-548av-5p",0,0,0,0,1,NA
"hsa-miR-548ay-5p",0,0,0,0,1,NA
"hsa-miR-548az-5p",0,0,0,0,1,NA
"hsa-miR-548bb-5p",0,0,0,0,1,NA
"hsa-miR-548d-5p",0,0,0,0,1,NA
"hsa-miR-548e-3p",0,0,0,0,1,NA
"hsa-miR-548e-5p",0.0529981541989102,0.834678085605968,3.99584533005271,0.2088864850019,0.834536854842601,0.980698280279974
"hsa-miR-548f-5p",0,NA,NA,NA,NA,NA
"hsa-miR-548h-5p",0,0,0,0,1,NA
"hsa-miR-548h-3p",0,NA,NA,NA,NA,NA
"hsa-miR-548z",0,NA,NA,NA,NA,NA
"hsa-miR-548i",0.40617347170809,2.14364057517398,3.99472262288677,0.53661812785011,0.591531419668375,0.980698280279974
"hsa-miR-548k",0.00634366546207442,0.455034428408053,3.99604202451648,0.113871282037659,0.90933983107326,0.980698280279974
"hsa-miR-548n",0.00654945035959895,0.28508949722798,3.99544023463081,0.0713537133547744,0.943116247054174,0.980698280279974
"hsa-miR-548o-3p",0,0,0,0,1,NA
"hsa-miR-548p",0,0,0,0,1,NA
"hsa-miR-548w",0,0,0,0,1,NA
"hsa-miR-549a",0.328504263638476,1.94762206009992,3.99490636748309,0.48752633502321,0.625885384857627,0.980698280279974
"hsa-miR-5680",0,NA,NA,NA,NA,NA
"hsa-miR-5683",0,0,0,0,1,NA
"hsa-miR-5689",0.0218447502682019,0.448067590655005,3.99604512749547,0.112127760412914,0.910722106590244,0.980698280279974
"hsa-miR-5699-3p",0,0,0,0,1,NA
"hsa-miR-5699-5p",0.263433107363557,1.75863821777426,3.99508299263182,0.440200671930404,0.659791773126605,0.980698280279974
"hsa-miR-574-3p",4.05033413623602,1.52654140945088,2.89717762990212,0.526906391135726,0.598258595406812,0.980698280279974
"hsa-miR-574-5p",0,0,0,0,1,NA
"hsa-miR-576-5p",0.121960638863329,1.21214935911843,3.99558717213389,0.303372021907625,0.76160636489077,0.980698280279974
"hsa-miR-577",21.3550602207583,-0.704395539760093,2.5159259679646,-0.279974668861164,0.779496939325815,0.980698280279974
"hsa-miR-582-3p",5.37850429028583,0.729385284282622,3.49081735416136,0.208943983681395,0.834491967859598,0.980698280279974
"hsa-miR-582-5p",0.00196289459995964,0.434946796219457,3.99605065586303,0.108844164820909,0.913326093425336,0.980698280279974
"hsa-miR-584-5p",64.401662783522,1.03818523209104,1.11472787061097,0.93133513520391,0.351680232628493,0.980698280279974
"hsa-miR-589-5p",0,0,0,0,1,NA
"hsa-miR-590-3p",0,0,0,0,1,NA
"hsa-miR-592",0,0,0,0,1,NA
"hsa-miR-597-3p",0,0,0,0,1,NA
"hsa-miR-598-3p",10.1196856719504,-0.397866310597886,3.81996647712607,-0.104154398469281,0.917046821825608,0.980698280279974
"hsa-miR-6129",0,NA,NA,NA,NA,NA
"hsa-miR-6130",0.0617864375442189,0.774640358482958,3.99588230574364,0.193859653315989,0.846285776306349,0.980698280279974
"hsa-miR-6131",0.0206951133725734,0.561483372222038,3.99599494617762,0.140511532117709,0.888255841570255,0.980698280279974
"hsa-miR-6134",0.00150283970249081,0.430516212712721,3.99605252846459,0.107735373758497,0.914205608608534,0.980698280279974
"hsa-miR-615-3p",0.0107240229671179,0.319729852428137,3.99559028958467,0.080020680113669,0.936220808358927,0.980698280279974
"hsa-miR-619-5p",0.00196289459995964,0.434946796219457,3.99605065586303,0.108844164820909,0.913326093425336,0.980698280279974
"hsa-miR-625-3p",0.124357747549575,1.22388936651912,3.99557697400167,0.306311047060962,0.759367828878643,0.980698280279974
"hsa-miR-625-5p",0.00388396224326841,0.448067589387718,3.99604512749604,0.112127760095763,0.910722106841708,0.980698280279974
"hsa-miR-628-3p",0.523745986067193,2.40300688435611,3.99447024450444,0.601583373330206,0.547451499134352,0.980698280279974
"hsa-miR-628-5p",0.00275506340661577,0.442472458829602,3.99604748804799,0.11072752767654,0.911832416272925,0.980698280279974
"hsa-miR-629-5p",0,0,0,0,1,NA
"hsa-miR-6500-3p",0.012014803067264,-0.226452274344675,3.993592279717,-0.0567039042755567,0.954781063859904,0.980698280279974
"hsa-miR-6505-5p",0,0,0,0,1,NA
"hsa-miR-6507-5p",0,0,0,0,1,NA
"hsa-miR-6509-5p",0,0,0,0,1,NA
"hsa-miR-651-5p",0,0,0,0,1,NA
"hsa-miR-6511a-3p",0.659909691786068,-1.63587290611975,3.22450594349564,-0.507325132837661,0.611926706843335,0.980698280279974
"hsa-miR-6511b-3p",0,0,0,0,1,NA
"hsa-miR-652-3p",0.956876261096336,-0.0433897210417622,3.9825579947883,-0.0108949376502598,0.991307269428991,0.991551711436592
"hsa-miR-652-5p",0.00580134597962643,0.46665178470071,3.99603688288761,0.11677864803978,0.907035464361097,0.980698280279974
"hsa-miR-653-5p",0,0,0,0,1,NA
"hsa-miR-654-3p",13.1828474948621,3.12231207762835,2.47457370444966,1.26175755929757,0.207036038053812,0.980698280279974
"hsa-miR-655-3p",0.0487196414253786,0.805196922120662,3.9958643314132,0.201507572664733,0.840301708748525,0.980698280279974
"hsa-miR-656-3p",0,0,0,0,1,NA
"hsa-miR-659-5p",0,0,0,0,1,NA
"hsa-miR-660-5p",24.5661199732644,24.0946843065742,1.95974150157787,12.2948278062054,9.65623144040809e-35,4.1714919822563e-32
"hsa-miR-664a-3p",1.06594377834902,3.1918920315607,3.99378384123426,0.799215019752862,0.424165744248277,0.980698280279974
"hsa-miR-664a-5p",0.00150283970249081,0.430516212712721,3.99605252846459,0.107735373758497,0.914205608608534,0.980698280279974
"hsa-miR-664b-3p",0,0,0,0,1,NA
"hsa-miR-664b-5p",0,0,0,0,1,NA
"hsa-miR-668-3p",0.00388396224326841,0.448067589387718,3.99604512749604,0.112127760095763,0.910722106841708,0.980698280279974
"hsa-miR-670-3p",0,0,0,0,1,NA
"hsa-miR-671-3p",2.38338472168088,-0.7928179236562,3.14222267687783,-0.252311183892276,0.800800544232588,0.980698280279974
"hsa-miR-671-5p",0,NA,NA,NA,NA,NA
"hsa-miR-6717-5p",0,NA,NA,NA,NA,NA
"hsa-miR-6724-5p",0,0,0,0,1,NA
"hsa-miR-6727-5p",0.00356257215902043,0.448067589332475,3.99604512749607,0.112127760081938,0.91072210685267,0.980698280279974
"hsa-miR-6729-5p",0,0,0,0,1,NA
"hsa-miR-6740-5p",0.0630830890672392,0.899335543905998,3.99580629002593,0.225069855400864,0.821924931269008,0.980698280279974
"hsa-miR-6741-3p",0,0,0,0,1,NA
"hsa-miR-6747-3p",0,0,0,0,1,NA
"hsa-miR-6748-3p",0.00125692058413796,0.428129358062768,3.99605353962331,0.107138043526595,0.914679466477488,0.980698280279974
"hsa-miR-6749-5p",0,0,0,0,1,NA
"hsa-miR-676-3p",0.0111794728317787,0.448067590114342,3.99604512749571,0.112127760277608,0.910722106697526,0.980698280279974
"hsa-miR-6762-3p",0,0,0,0,1,NA
"hsa-miR-6769b-3p",0,0,0,0,1,NA
"hsa-miR-6770-3p",0,NA,NA,NA,NA,NA
"hsa-miR-6772-5p",0.00196289459995964,0.434946796219457,3.99605065586303,0.108844164820909,0.913326093425336,0.980698280279974
"hsa-miR-6773-5p",0.000709294180445736,0.422766907974507,3.99605581736099,0.10579604672632,0.915744173443023,0.980698280279974
"hsa-miR-6780b-5p",0,NA,NA,NA,NA,NA
"hsa-miR-6802-5p",0.00388396224326841,0.448067589387718,3.99604512749604,0.112127760095763,0.910722106841708,0.980698280279974
"hsa-miR-6819-3p",0,0,0,0,1,NA
"hsa-miR-6837-3p",0.00636292376038301,0.278044806560911,3.99544337282207,0.0695904761039128,0.944519617531378,0.980698280279974
"hsa-miR-6842-3p",0,NA,NA,NA,NA,NA
"hsa-miR-6859-5p",0,0,0,0,1,NA
"hsa-miR-6886-3p",0,0,0,0,1,NA
"hsa-miR-6886-5p",0,0,0,0,1,NA
"hsa-miR-6894-3p",0,NA,NA,NA,NA,NA
"hsa-miR-708-3p",2.54555471074285,-0.238162006817773,3.85599530275899,-0.0617640811562623,0.950750707936139,0.980698280279974
"hsa-miR-708-5p",0,0,0,0,1,NA
"hsa-miR-7-1-3p",0,0,0,0,1,NA
"hsa-miR-7-5p",1.57954438047107,3.69972189475672,3.75043489858415,0.986478100487337,0.323898556509671,0.980698280279974
"hsa-miR-7-2-3p",0,0,0,0,1,NA
"hsa-miR-744-3p",0,0,0,0,1,NA
"hsa-miR-744-5p",15.0582465694052,-0.998741384644369,2.03646189201692,-0.490429695031127,0.623829868017082,0.980698280279974
"hsa-miR-758-3p",0.295277095399134,1.85776277846714,3.99499172888077,0.465022934850381,0.6419150325164,0.980698280279974
"hsa-miR-760",0,0,0,0,1,NA
"hsa-miR-7641",0.038356921523315,-0.19531210779725,3.99371295098278,-0.0489048938154626,0.960995088830133,0.981441792847796
"hsa-miR-766-3p",0.0681950168699807,-1.31429512655981,3.98880333475496,-0.3294960960116,0.741780744296963,0.980698280279974
"hsa-miR-767-5p",1.90288858804386,3.94877424885605,3.27383778362804,1.20616063159979,0.227755560268461,0.980698280279974
"hsa-miR-769-3p",0,0,0,0,1,NA
"hsa-miR-769-5p",136.635414520866,-0.578784715968832,1.07340112099187,-0.53920636437757,0.589744469369623,0.980698280279974
"hsa-miR-770-5p",0,0,0,0,1,NA
"hsa-miR-7704",0.187595663728761,1.31861595222502,3.9947323676006,0.330088684518566,0.741332952957103,0.980698280279974
"hsa-miR-7706",8.34974194188469,1.63421415268871,2.2069564954674,0.740483174926658,0.459006866558091,0.980698280279974
"hsa-miR-7975",0.00356257215902043,0.448067589332475,3.99604512749607,0.112127760081938,0.91072210685267,0.980698280279974
"hsa-miR-7977",1.98530973641924,4.00089664331006,2.71673833736084,1.47268383866395,0.140836306370691,0.980698280279974
"hsa-miR-8058",0.00890520076494321,0.448067589951817,3.99604512749579,0.112127760236934,0.910722106729775,0.980698280279974
"hsa-miR-8061",0,0,0,0,1,NA
"hsa-miR-873-3p",20.2090928363904,2.04137604920212,1.98965908888709,1.02599287516333,0.304894942453648,0.980698280279974
"hsa-miR-873-5p",0.150362824653404,1.34031991538955,3.99547367843765,0.335459578328059,0.73727843174599,0.980698280279974
"hsa-miR-874-3p",5.62873223293154,5.43626660036443,3.99241082835023,1.3616500991735,0.173308336414594,0.980698280279974
"hsa-miR-874-5p",2.31976621111207,-0.534898556220269,3.97450722576449,-0.13458235847524,0.892942090592681,0.980698280279974
"hsa-miR-877-5p",0.337459537599011,1.97596978353759,3.9948793410853,0.494625648193113,0.620864394072709,0.980698280279974
"hsa-miR-885-3p",0,0,0,0,1,NA
"hsa-miR-885-5p",14.3709565049331,0.554463119702439,2.25827104345055,0.245525496733661,0.806049568691011,0.980698280279974
"hsa-miR-887-3p",0.508624578711328,2.37298324244368,3.99449877206228,0.594062829369342,0.552470090918656,0.980698280279974
"hsa-miR-889-3p",21.1444577242364,-0.490609609047595,3.05970325743129,-0.16034548705206,0.872608928906156,0.980698280279974
"hsa-miR-889-5p",0.00388396224326841,0.448067589387718,3.99604512749604,0.112127760095763,0.910722106841708,0.980698280279974
"hsa-miR-891a-5p",0.00504558589393325,0.448067589559613,3.99604512749596,0.112127760138781,0.910722106807599,0.980698280279974
"hsa-miR-9-3p",2.18862590484157,0.462520353968167,2.77215023849115,0.166845341766149,0.867491741111504,0.980698280279974
"hsa-miR-9-5p",389.017280096598,-0.533647409837464,0.88873450364308,-0.600457625590037,0.548201293166506,0.980698280279974
"hsa-miR-92a-3p",1455.43967372877,0.206130323254573,0.263266852468363,0.782971047520479,0.433644114053483,0.980698280279974
"hsa-miR-92b-3p",6577.5914950072,0.0678441913953378,0.161343908478037,0.420494284756794,0.674124403646815,0.980698280279974
"hsa-miR-92b-5p",0,0,0,0,1,NA
"hsa-miR-93-3p",0,0,0,0,1,NA
"hsa-miR-93-5p",104.172937259672,-0.131377581411449,1.83787954250943,-0.07148323835852,0.94301316428096,0.980698280279974
"hsa-miR-935",0.00275506340661577,0.442472458829602,3.99604748804799,0.11072752767654,0.911832416272925,0.980698280279974
"hsa-miR-937-3p",0,0,0,0,1,NA
"hsa-miR-939-5p",0,0,0,0,1,NA
"hsa-miR-940",0.0024789615171146,0.245699266648596,3.99545707047521,0.0614946581366654,0.950965268546173,0.980698280279974
"hsa-miR-941",5.00293988868585,1.29693004758964,2.32434032495193,0.557977690989147,0.576859618075308,0.980698280279974
"hsa-miR-944",0,0,0,0,1,NA
"hsa-miR-95-3p",0.500706868437588,2.3529850469134,3.99451810333917,0.589053544392864,0.555825355432862,0.980698280279974
"hsa-miR-96-5p",0.0168455738119784,0.480769892301045,3.99603068903114,0.120311861873516,0.904236107951582,0.980698280279974
"hsa-miR-98-3p",0.00081680269823351,0.423824852478709,3.99605536733236,0.106060805849555,0.9155341080931,0.980698280279974
"hsa-miR-98-5p",193.56472223445,0.381204840770003,0.961188591092174,0.396597342397551,0.691664412641907,0.980698280279974
"hsa-miR-99a-3p",0,0,0,0,1,NA
"hsa-miR-99a-5p",547.623723832591,-0.126507426648138,0.551354354162423,-0.229448494771242,0.818520347968098,0.980698280279974
"hsa-miR-99b-3p",2.20749075910302,3.9576827777338,2.48872444831967,1.59024546908193,0.111779485039543,0.980698280279974
"hsa-miR-99b-5p",6460.55486918842,0.0324551600019847,0.312586274293282,0.103827847449034,0.917305966829805,0.980698280279974
